ticker,fee_rate,available,fetched_at
049323AB4,0.0025,300000,2026-08-06T12:39:11
2391358D,0.0025,100000,2026-08-06T12:39:11
2575343D,0.0025,6700000,2026-08-06T12:39:11
3LI,0.004,500,2026-08-06T12:39:11
3WM,0.167859,300,2026-08-06T12:39:11
4FJ3,0.004,800,2026-08-06T12:39:11
4OS,0.015300000000000001,10000,2026-08-06T12:39:11
6CE,0.057279,1000,2026-08-06T12:39:11
8EC0,0.0103,8,2026-08-06T12:39:11
A,0.002782,3400000,2026-08-06T12:39:11
A4G1,0.004,4000,2026-08-06T12:39:11
AA,0.004081,4500000,2026-08-06T12:39:11
AAA,0.097501,30000,2026-08-06T12:39:11
AAAA,0.943319,90000,2026-08-06T12:39:11
AAAU,0.0042959999999999995,550000,2026-08-06T12:39:11
AABB,0.056919000000000004,10000000,2026-08-06T12:39:11
AABVF,0.019249000000000002,2000,2026-08-06T12:39:11
AAC U,0.276157,400000,2026-08-06T12:39:11
AACAY,0.10298500000000001,200000,2026-08-06T12:39:11
AACB,0.012199999999999999,950000,2026-08-06T12:39:11
AACBU,0.012199999999999999,100,2026-08-06T12:39:11
AACG,0.026965,300000,2026-08-06T12:39:11
AACI,0.012199999999999999,700000,2026-08-06T12:39:11
AACIU,0.012199999999999999,200,2026-08-06T12:39:11
AACO,0.0033239999999999997,350000,2026-08-06T12:39:11
AACOU,0.012199999999999999,300,2026-08-06T12:39:11
AACP,0.311295,400000,2026-08-06T12:39:11
AACPU,0.648147,900,2026-08-06T12:39:11
AACS,0.0025,1800000,2026-08-06T12:39:11
AACTF,0.0025,450000,2026-08-06T12:39:11
AADI.OLD1,0.0025,20000,2026-08-06T12:39:11
AADR,0.049665999999999995,25000,2026-08-06T12:39:11
AADX,0.026632,400000,2026-08-06T12:39:11
AAEQ,0.004665,95000,2026-08-06T12:39:11
AAGAF,0.039061,2900000,2026-08-06T12:39:11
AAGC,0.0025,3300000,2026-08-06T12:39:11
AAGFF,0.029653,4400000,2026-08-06T12:39:11
AAGH.OLD1,0.0025,1000000,2026-08-06T12:39:11
AAGIY,0.002782,400000,2026-08-06T12:39:11
AAGR,0.140147,300000,2026-08-06T12:39:11
AAIR,0.0025,75000,2026-08-06T12:39:11
AAIRF,0.10812799999999999,100000,2026-08-06T12:39:11
AAL,0.002696,10000000,2026-08-06T12:39:11
AALG,0.324995,15000,2026-08-06T12:39:11
AAME,0.043838999999999996,100000,2026-08-06T12:39:11
AAMI,0.0041270000000000005,500000,2026-08-06T12:39:11
AAMMF,0.178704,550000,2026-08-06T12:39:11
AAMTF,0.006353999999999999,15000,2026-08-06T12:39:11
AAMUQ,0.0025,850000,2026-08-06T12:39:11
AAOG,0.178475,1200000,2026-08-06T12:39:11
AAOI,0.0028179999999999998,3300000,2026-08-06T12:39:11
AAON,0.004151,750000,2026-08-06T12:39:11
AAOX,0.136054,800000,2026-08-06T12:39:11
AAOZ,0.175426,100000,2026-08-06T12:39:11
AAP,0.004655,400000,2026-08-06T12:39:11
AAPB,0.071792,70000,2026-08-06T12:39:11
AAPD,0.083512,85000,2026-08-06T12:39:11
AAPE,0.06908500000000001,4000,2026-08-06T12:39:11
AAPG,0.614987,350000,2026-08-06T12:39:11
AAPH,0.0025,3000000,2026-08-06T12:39:11
AAPI,0.0025,4000,2026-08-06T12:39:11
AAPJ,0.0025,10000000,2026-08-06T12:39:11
AAPL,0.0025,10000000,2026-08-06T12:39:11
AAPR,0.012254000000000001,50000,2026-08-06T12:39:11
AAPT,0.0025,7800000,2026-08-06T12:39:11
AAPU,0.054201,100000,2026-08-06T12:39:11
AAPW,0.161202,40000,2026-08-06T12:39:11
AAPX,0.0043809999999999995,10000,2026-08-06T12:39:11
AAPY,0.015337,6000,2026-08-06T12:39:11
AAQL,0.0025,3000,2026-08-06T12:39:11
AARD,0.008994,550000,2026-08-06T12:39:11
AASP,0.00904,15000,2026-08-06T12:39:11
AAST,0.0025,10000,2026-08-06T12:39:11
AAT,0.004178,1000000,2026-08-06T12:39:11
AATC,0.031943,100000,2026-08-06T12:39:11
AATV,0.0025,200000,2026-08-06T12:39:11
AAUA,0.11311,100000,2026-08-06T12:39:11
AAUAF,0.0030259999999999996,2700000,2026-08-06T12:39:11
AAUB,0.01496,250000,2026-08-06T12:39:11
AAUC,0.015246,1800000,2026-08-06T12:39:11
AAUS,0.025785,200000,2026-08-06T12:39:11
AAVM,0.028554,350000,2026-08-06T12:39:11
AAVMY,0.007169999999999999,250000,2026-08-06T12:39:11
AAVVF,0.006586,1100000,2026-08-06T12:39:11
AAWH,0.039759,3500000,2026-08-06T12:39:11
AAXJ,0.003974,350000,2026-08-06T12:39:11
AAXT,0.0025,15000,2026-08-06T12:39:11
AB,0.003528,550000,2026-08-06T12:39:11
ABAT,0.0037719999999999997,1000000,2026-08-06T12:39:11
ABBB,0.0033239999999999997,30000,2026-08-06T12:39:11
ABBNY,0.011407,550000,2026-08-06T12:39:11
ABBRF,0.006106,850000,2026-08-06T12:39:11
ABBV,0.0025,7100000,2026-08-06T12:39:11
ABBY,0.0025,550000,2026-08-06T12:39:11
ABCB,0.002782,1000000,2026-08-06T12:39:11
ABCFF,0.0025,250000,2026-08-06T12:39:11
ABCL,0.045909000000000005,300000,2026-08-06T12:39:11
ABCP,0.002782,1500000,2026-08-06T12:39:11
ABEO,0.004273,6300000,2026-08-06T12:39:11
ABEPF,0.0025,1300000,2026-08-06T12:39:11
ABEQ,0.042474,60000,2026-08-06T12:39:11
ABEV,0.015677,10000000,2026-08-06T12:39:11
ABEW,0.0025,300000,2026-08-06T12:39:11
ABFL,0.010224,10000,2026-08-06T12:39:11
ABG,0.004135,450000,2026-08-06T12:39:11
ABIG,0.203045,200,2026-08-06T12:39:11
ABILF,0.0025,65000,2026-08-06T12:39:11
ABIT,0.0033239999999999997,1700000,2026-08-06T12:39:11
ABKI,0.0025,650000,2026-08-06T12:39:11
ABLE,0.0025,35000,2026-08-06T12:39:11
ABLG,0.08862600000000001,45000,2026-08-06T12:39:11
ABLS,0.148812,1000,2026-08-06T12:39:11
ABLT,0.0025,100,2026-08-06T12:39:11
ABLV,0.172071,1100000,2026-08-06T12:39:11
ABM,0.003947,1000000,2026-08-06T12:39:11
ABMBF,0.024029,1100000,2026-08-06T12:39:11
ABMC,0.0025,800000,2026-08-06T12:39:11
ABMT,0.0025,30000,2026-08-06T12:39:11
ABNAF,0.050766,100000,2026-08-06T12:39:11
ABNB,0.0025,9500000,2026-08-06T12:39:11
ABOS,0.002888,800000,2026-08-06T12:39:11
ABPA,0.0025,250000,2026-08-06T12:39:11
ABPO,0.662581,150000,2026-08-06T12:39:11
ABPR,0.0025,2700000,2026-08-06T12:39:11
ABR,0.013515999999999999,70000,2026-08-06T12:39:11
ABR PRD,0.278143,200000,2026-08-06T12:39:11
ABR PRE,0.061248,100000,2026-08-06T12:39:11
ABR PRF,0.062668,150000,2026-08-06T12:39:11
ABSI,0.0030470000000000002,2800000,2026-08-06T12:39:11
ABSSF,0.03363,15000,2026-08-06T12:39:11
ABSY,0.0025,10000,2026-08-06T12:39:11
ABT,0.0025,10000000,2026-08-06T12:39:11
ABTC,0.022229000000000002,200000,2026-08-06T12:39:11
ABTS,1.7398429999999998,250000,2026-08-06T12:39:11
ABUS,0.006299,10000000,2026-08-06T12:39:11
ABV,0.004,10000000,2026-08-06T12:39:11
ABVC,0.033053,300000,2026-08-06T12:39:11
ABVEF,0.099954,3900000,2026-08-06T12:39:11
ABVG,0.0025,10000000,2026-08-06T12:39:11
ABVN,0.0025,15000,2026-08-06T12:39:11
ABVX,0.0026190000000000002,2800000,2026-08-06T12:39:11
ABWN,0.0025,10000000,2026-08-06T12:39:11
ABX,0.005424,1100000,2026-08-06T12:39:11
ABXB,0.0025,1000,2026-08-06T12:39:11
ABXL,0.113691,55000,2026-08-06T12:39:11
ABXXF,0.040046,150000,2026-08-06T12:39:11
ACA,0.003919000000000001,1000000,2026-08-06T12:39:11
ACAA,0.046082,1700000,2026-08-06T12:39:11
ACAAU,0.051495,200000,2026-08-06T12:39:11
ACAD,0.003305,1700000,2026-08-06T12:39:11
ACAI,0.0025,200000,2026-08-06T12:39:11
ACAN,0.0025,250000,2026-08-06T12:39:11
ACB,0.057991,150000,2026-08-06T12:39:11
ACCA,0.0025,650000,2026-08-06T12:39:11
ACCFF,0.178704,20000,2026-08-06T12:39:11
ACCL,1.236323,200000,2026-08-06T12:39:11
ACCO,0.0028160000000000004,4000000,2026-08-06T12:39:11
ACCR,0.0025,900000,2026-08-06T12:39:11
ACCS,0.12920299999999998,750000,2026-08-06T12:39:11
ACCS.OLD1,0.0025,20000,2026-08-06T12:39:11
ACCYY,0.016314,150000,2026-08-06T12:39:11
ACDBF,0.004135,30000,2026-08-06T12:39:11
ACDC,0.004203,5000000,2026-08-06T12:39:11
ACDU,0.0025,3200000,2026-08-06T12:39:11
ACDVF,0.016329,1500000,2026-08-06T12:39:11
ACDXF,0.003237,5000,2026-08-06T12:39:11
ACEI,0.063069,150000,2026-08-06T12:39:11
ACEL,0.004953,600000,2026-08-06T12:39:11
ACEN,0.0025,150000,2026-08-06T12:39:11
ACEP,0.043376,10000,2026-08-06T12:39:11
ACES,0.08695,100000,2026-08-06T12:39:11
ACET,0.0065049999999999995,300000,2026-08-06T12:39:11
ACFL,0.0025,100,2026-08-06T12:39:11
ACFN,0.0027939999999999996,100000,2026-08-06T12:39:11
ACGBY,0.012713,300000,2026-08-06T12:39:11
ACGC,0.788948,800000,2026-08-06T12:39:11
ACGCU,0.801126,1000,2026-08-06T12:39:11
ACGL,0.004289,4300000,2026-08-06T12:39:11
ACGLN,0.028624,750000,2026-08-06T12:39:11
ACGLO,0.032551000000000004,100000,2026-08-06T12:39:11
ACGN,0.0025,150000,2026-08-06T12:39:11
ACGP,0.011457,10000,2026-08-06T12:39:11
ACGR,0.097501,1000,2026-08-06T12:39:11
ACGX,0.0025,50000,2026-08-06T12:39:11
ACH,0.004122,2300000,2026-08-06T12:39:11
ACHC,0.004135,1300000,2026-08-06T12:39:11
ACHFF,0.181252,20000,2026-08-06T12:39:11
ACHR,0.003965,1400000,2026-08-06T12:39:11
ACHV,0.019296999999999998,2700000,2026-08-06T12:39:11
ACI,0.004135,2100000,2026-08-06T12:39:11
ACIC,0.0050219999999999996,750000,2026-08-06T12:39:11
ACII,0.059182,80000,2026-08-06T12:39:11
ACII.OLD1,0.0025,6000000,2026-08-06T12:39:11
ACIO,0.005489000000000001,500000,2026-08-06T12:39:11
ACIU,0.00849,200000,2026-08-06T12:39:11
ACIW,0.0025,2000000,2026-08-06T12:39:11
ACKAY,0.0025,500,2026-08-06T12:39:11
ACKY,0.07346,65000,2026-08-06T12:39:11
ACLH,0.0025,800000,2026-08-06T12:39:11
ACLLF,0.010622,850000,2026-08-06T12:39:11
ACLLY,0.016314,15000,2026-08-06T12:39:11
ACLO,0.037909,35000,2026-08-06T12:39:11
ACLP,0.0025,10000000,2026-08-06T12:39:11
ACLS,0.0025,600000,2026-08-06T12:39:11
ACM,0.004081,2700000,2026-08-06T12:39:11
ACMB,0.0025,10000,2026-08-06T12:39:11
ACMIF,0.06751299999999999,250000,2026-08-06T12:39:11
ACMM,0.22063500000000003,2000,2026-08-06T12:39:11
ACMR,0.003727,1900000,2026-08-06T12:39:11
ACMT,0.0025,100,2026-08-06T12:39:11
ACMTA,0.0025,800,2026-08-06T12:39:11
ACN,0.004081,3200000,2026-08-06T12:39:11
ACNB,0.004081,35000,2026-08-06T12:39:11
ACNE,0.0025,1000,2026-08-06T12:39:11
ACNI,0.0025,350000,2026-08-06T12:39:11
ACNT,0.007463,350000,2026-08-06T12:39:11
ACNV,0.0025,950000,2026-08-06T12:39:11
ACOG,0.003146,700000,2026-08-06T12:39:11
ACOM,0.055554,900,2026-08-06T12:39:11
ACON,0.097554,450000,2026-08-06T12:39:11
ACOPY,0.0033239999999999997,600,2026-08-06T12:39:11
ACP,0.0061140000000000005,1300000,2026-08-06T12:39:11
ACP PRA,0.056021999999999995,70000,2026-08-06T12:39:11
ACPIQ,0.019887,650000,2026-08-06T12:39:11
ACPS,0.0025,5000,2026-08-06T12:39:11
ACR,0.00502,150000,2026-08-06T12:39:11
ACR PRC,0.07098399999999999,95000,2026-08-06T12:39:11
ACR PRD,0.07503599999999999,20000,2026-08-06T12:39:11
ACRE,0.004726,2000000,2026-08-06T12:39:11
ACRG,0.0025,6000,2026-08-06T12:39:11
ACRS,0.0076619999999999995,2700000,2026-08-06T12:39:11
ACRV,0.014622,1000000,2026-08-06T12:39:11
ACSAY,0.062282000000000004,250000,2026-08-06T12:39:11
ACSI,0.10561999999999999,250000,2026-08-06T12:39:11
ACT,0.004135,200000,2026-08-06T12:39:11
ACTG,0.008776,1400000,2026-08-06T12:39:11
ACTL,0.0025,10000000,2026-08-06T12:39:11
ACTU,0.042023000000000005,150000,2026-08-06T12:39:11
ACU,0.010901000000000001,55000,2026-08-06T12:39:11
ACUR,0.002963,1000,2026-08-06T12:39:11
ACUT,0.152085,70000,2026-08-06T12:39:11
ACV,0.016314,25000,2026-08-06T12:39:11
ACVA,0.002798,3400000,2026-08-06T12:39:11
ACVF,0.066498,60000,2026-08-06T12:39:11
ACVU,0.067732,20000,2026-08-06T12:39:11
ACWI,0.004135,2000000,2026-08-06T12:39:11
ACWV,0.004135,150000,2026-08-06T12:39:11
ACWX,0.008468999999999999,250000,2026-08-06T12:39:11
ACXAF,0.088575,550000,2026-08-06T12:39:11
ACXP,0.6837529999999999,250000,2026-08-06T12:39:11
ACYN,0.142037,800000,2026-08-06T12:39:11
ACYQ,0.091412,40000,2026-08-06T12:39:11
ACYS,1.689099,150000,2026-08-06T12:39:11
AD,0.013585,450000,2026-08-06T12:39:11
ADAC,0.012199999999999999,1300000,2026-08-06T12:39:11
ADACU,0.012199999999999999,300,2026-08-06T12:39:11
ADAG,0.043376,5200000,2026-08-06T12:39:11
ADAM,0.00409,3000000,2026-08-06T12:39:11
ADAMG,0.070439,200000,2026-08-06T12:39:11
ADAMH,0.06550399999999999,100000,2026-08-06T12:39:11
ADAMI,0.11757999999999999,100000,2026-08-06T12:39:11
ADAML,0.135727,300000,2026-08-06T12:39:11
ADAMM,0.033532,250000,2026-08-06T12:39:11
ADAMN,0.057358,100000,2026-08-06T12:39:11
ADAMO,0.251877,200000,2026-08-06T12:39:11
ADAMZ,0.094795,95000,2026-08-06T12:39:11
ADAPY,0.017145,7400000,2026-08-06T12:39:11
ADBE,0.004081,6500000,2026-08-06T12:39:11
ADBN,0.0025,10000000,2026-08-06T12:39:11
ADBRF,0.104811,150000,2026-08-06T12:39:11
ADBU,0.045191,30000,2026-08-06T12:39:11
ADC,0.003228,1300000,2026-08-06T12:39:11
ADC PRA,0.208481,60000,2026-08-06T12:39:11
ADCOF,0.008184,75000,2026-08-06T12:39:11
ADCT,0.006423,4600000,2026-08-06T12:39:11
ADCV,0.0025,200,2026-08-06T12:39:11
ADDHY,0.18139500000000003,10000,2026-08-06T12:39:11
ADDL,0.0025,300000,2026-08-06T12:39:11
ADDS,0.058346999999999996,15000,2026-08-06T12:39:11
ADDYY,0.028567,40000,2026-08-06T12:39:11
ADEA,0.004087,750000,2026-08-06T12:39:11
ADER,0.0,300000,2026-08-06T12:39:11
ADFS,0.0025,1300000,2026-08-06T12:39:11
ADGM,1.742227,100000,2026-08-06T12:39:11
ADGO,0.0025,10000000,2026-08-06T12:39:11
ADHC,0.148264,2300000,2026-08-06T12:39:11
ADHI,0.0025,35000,2026-08-06T12:39:11
ADI,0.0025,3400000,2026-08-06T12:39:11
ADIA,0.147409,95000,2026-08-06T12:39:11
ADIG,0.010597,1200000,2026-08-06T12:39:11
ADIL,0.45581699999999997,87,2026-08-06T12:39:11
ADIU,0.255817,9000,2026-08-06T12:39:11
ADIV,0.031874,15000,2026-08-06T12:39:11
ADM,0.004081,4600000,2026-08-06T12:39:11
ADMA,0.00413,3500000,2026-08-06T12:39:11
ADME,0.069206,150000,2026-08-06T12:39:11
ADMG,0.0025,25000,2026-08-06T12:39:11
ADMQ,0.0025,1000000,2026-08-06T12:39:11
ADMT,0.0025,400000,2026-08-06T12:39:11
ADNH,0.175456,200000,2026-08-06T12:39:11
ADNT,0.002782,2500000,2026-08-06T12:39:11
ADOOY,0.0025,15000,2026-08-06T12:39:11
ADP,0.004081,2900000,2026-08-06T12:39:11
ADPT,0.004081,1500000,2026-08-06T12:39:11
ADPV,0.12402200000000001,20000,2026-08-06T12:39:11
ADPXY,0.0025,100,2026-08-06T12:39:11
ADRN,0.0025,100000,2026-08-06T12:39:11
ADRNY,0.002595,150000,2026-08-06T12:39:11
ADRZY,0.094903,1000,2026-08-06T12:39:11
ADSE,2.278582,4000,2026-08-06T12:39:11
ADSK,0.003711,2500000,2026-08-06T12:39:11
ADSV,0.0025,4800000,2026-08-06T12:39:11
ADSYQ,0.0025,1100000,2026-08-06T12:39:11
ADT,0.004081,10000000,2026-08-06T12:39:11
ADTC,0.0025,1000,2026-08-06T12:39:11
ADTI,0.571707,700,2026-08-06T12:39:11
ADTM,0.0025,10000000,2026-08-06T12:39:11
ADTN,0.004081,1100000,2026-08-06T12:39:11
ADTX,0.04718,10000000,2026-08-06T12:39:11
ADTY,0.0025,15000,2026-08-06T12:39:11
ADUR,0.16212700000000002,50000,2026-08-06T12:39:11
ADUS,0.005561,650000,2026-08-06T12:39:11
ADV,0.007556,90000,2026-08-06T12:39:11
ADVBQ,0.044135999999999995,35000,2026-08-06T12:39:11
ADVE,0.123198,1000,2026-08-06T12:39:11
ADVT,0.0025,85000,2026-08-06T12:39:11
ADWPF,0.049589999999999995,10000,2026-08-06T12:39:11
ADX,0.016407,600000,2026-08-06T12:39:11
ADXM,0.0025,400000,2026-08-06T12:39:11
ADXN,0.108554,10000,2026-08-06T12:39:11
ADYE,0.0025,95000,2026-08-06T12:39:11
ADYEY,0.0029270000000000003,1900000,2026-08-06T12:39:11
ADYX,0.0025,5000,2026-08-06T12:39:11
ADZR,0.0025,5700000,2026-08-06T12:39:11
AEAE,0.01464,100,2026-08-06T12:39:11
AEAEU,0.01464,200,2026-08-06T12:39:11
AEAQ,0.20271999999999998,150000,2026-08-06T12:39:11
AEAQU,0.012199999999999999,500000,2026-08-06T12:39:11
AEBI,0.003955,600000,2026-08-06T12:39:11
AEBZY,0.0025,950000,2026-08-06T12:39:11
AEC,0.10688399999999999,50000,2026-08-06T12:39:11
AECX,0.0025,200,2026-08-06T12:39:11
AEE,0.002873,1800000,2026-08-06T12:39:11
AEF,0.012402,400000,2026-08-06T12:39:11
AEFC,0.040670000000000005,150000,2026-08-06T12:39:11
AEFI,0.002836,10000000,2026-08-06T12:39:11
AEG,0.0041530000000000004,8000000,2026-08-06T12:39:11
AEGG.OLD,0.0025,5000,2026-08-06T12:39:11
AEGXF,0.006745,400000,2026-08-06T12:39:11
AEGY,0.0025,8600000,2026-08-06T12:39:11
AEHG,0.181661,35000,2026-08-06T12:39:11
AEHI,0.0025,300000,2026-08-06T12:39:11
AEHL,3.1439839999999997,250000,2026-08-06T12:39:11
AEHR,0.005489000000000001,800000,2026-08-06T12:39:11
AEI,0.037394,100000,2026-08-06T12:39:11
AEIS,0.002782,800000,2026-08-06T12:39:11
AELIY,0.109679,7000,2026-08-06T12:39:11
AEM,0.0028599999999999997,6000000,2026-08-06T12:39:11
AEMD,0.098996,15000,2026-08-06T12:39:11
AEND,0.0025,400000,2026-08-06T12:39:11
AENP,0.0025,150000,2026-08-06T12:39:11
AENS,0.0025,10000,2026-08-06T12:39:11
AENT,0.406627,10000,2026-08-06T12:39:11
AEO,0.002782,2600000,2026-08-06T12:39:11
AEON,0.061294,8600000,2026-08-06T12:39:11
AEP,0.002782,3800000,2026-08-06T12:39:11
AEPT,0.0025,1300000,2026-08-06T12:39:11
AER,0.0025,2200000,2026-08-06T12:39:11
AERA,0.061222000000000006,20000,2026-08-06T12:39:11
AERG,0.046638,900000,2026-08-06T12:39:11
AERN,0.0025,3500000,2026-08-06T12:39:11
AERO,0.033285,3400000,2026-08-06T12:39:11
AERP,0.0025,10000000,2026-08-06T12:39:11
AERS,0.0025,250000,2026-08-06T12:39:11
AERT,0.113659,15000,2026-08-06T12:39:11
AES,0.004132,10000000,2026-08-06T12:39:11
AESI,0.005385,1700000,2026-08-06T12:39:11
AESP,0.079265,800000,2026-08-06T12:39:11
AESPU,0.176631,600,2026-08-06T12:39:11
AESR,0.055502,10000,2026-08-06T12:39:11
AETH,0.051269,1000,2026-08-06T12:39:11
AETHF,0.0025,15000,2026-08-06T12:39:11
AETN,0.0025,90000,2026-08-06T12:39:11
AETUF,0.007866,6600000,2026-08-06T12:39:11
AEVA,0.004133,2800000,2026-08-06T12:39:11
AEXA,0.012199999999999999,3400000,2026-08-06T12:39:11
AEXAY,0.0025,2000,2026-08-06T12:39:11
AEXE,0.0025,10000000,2026-08-06T12:39:11
AEXG,0.0025,100000,2026-08-06T12:39:11
AEYE,0.0036209999999999997,600000,2026-08-06T12:39:11
AEYGQ,0.102452,20000,2026-08-06T12:39:11
AFB,0.0059819999999999995,5000,2026-08-06T12:39:11
AFCG,0.008722,2200000,2026-08-06T12:39:11
AFFS,0.0025,100000,2026-08-06T12:39:11
AFFT,0.046368,150000,2026-08-06T12:39:11
AFFU,0.048804,900000,2026-08-06T12:39:11
AFFY,0.0025,1100000,2026-08-06T12:39:11
AFG,0.003114,1000000,2026-08-06T12:39:11
AFGB,0.124307,35000,2026-08-06T12:39:11
AFGC,0.24412199999999998,100000,2026-08-06T12:39:11
AFGC.OLD1,0.0025,3000,2026-08-06T12:39:11
AFGD,0.120504,50000,2026-08-06T12:39:11
AFGE,0.138011,75000,2026-08-06T12:39:11
AFGR,0.10020699999999999,100000,2026-08-06T12:39:11
AFHIF.OLD,0.002999,1100000,2026-08-06T12:39:11
AFIB,0.102359,200000,2026-08-06T12:39:11
AFIF,0.211164,45000,2026-08-06T12:39:11
AFIIQ,0.719425,500000,2026-08-06T12:39:11
AFIX,0.055554,350000,2026-08-06T12:39:11
AFJK,4.356704,55000,2026-08-06T12:39:11
AFJKU,0.051495,200,2026-08-06T12:39:11
AFK,0.012639000000000001,200000,2026-08-06T12:39:11
AFL,0.0025,3700000,2026-08-06T12:39:11
AFLG,0.33297699999999997,100,2026-08-06T12:39:11
AFLYY,0.065026,650000,2026-08-06T12:39:11
AFMC,1.094525,1000,2026-08-06T12:39:11
AFMDQ,0.056955,400000,2026-08-06T12:39:11
AFMJF,0.055479,2900000,2026-08-06T12:39:11
AFOM,0.0025,10000000,2026-08-06T12:39:11
AFOS,0.086676,15000,2026-08-06T12:39:11
AFPW,0.019576,10000000,2026-08-06T12:39:11
AFRI,0.053096,85000,2026-08-06T12:39:11
AFRM,0.0025,1900000,2026-08-06T12:39:11
AFRS,0.0025,650000,2026-08-06T12:39:11
AFRU,0.14892,45000,2026-08-06T12:39:11
AFSC,0.0072640000000000005,3000,2026-08-06T12:39:11
AFSE,0.0025,30000,2026-08-06T12:39:11
AFSIA,0.0025,20000,2026-08-06T12:39:11
AFSIB,0.0025,35000,2026-08-06T12:39:11
AFSIC,0.0025,25000,2026-08-06T12:39:11
AFSIM,0.0025,70000,2026-08-06T12:39:11
AFSIN,0.0025,55000,2026-08-06T12:39:11
AFSIP,0.048804,100000,2026-08-06T12:39:11
AFSM,1.0105899999999999,10000,2026-08-06T12:39:11
AFTM,0.0025,7600000,2026-08-06T12:39:11
AFYA,0.004135,100000,2026-08-06T12:39:11
AFYG,0.0025,25000,2026-08-06T12:39:11
AG,0.00314,7000000,2026-08-06T12:39:11
AGAGF,0.027724000000000002,3800000,2026-08-06T12:39:11
AGBK,0.009325,800000,2026-08-06T12:39:11
AGCC,0.637641,650000,2026-08-06T12:39:11
AGCI,0.0025,2400000,2026-08-06T12:39:11
AGCI.RES,0.0025,800,2026-08-06T12:39:11
AGCI.RSTD,0.0025,9000,2026-08-06T12:39:11
AGCO,0.002583,250000,2026-08-06T12:39:11
AGCZ,0.0025,450000,2026-08-06T12:39:11
AGD,0.052369000000000006,100000,2026-08-06T12:39:11
AGDXF,0.0025,650000,2026-08-06T12:39:11
AGDY,0.005692,3700000,2026-08-06T12:39:11
AGEL,0.0025,10000000,2026-08-06T12:39:11
AGEM,0.010700000000000001,15000,2026-08-06T12:39:11
AGEN,0.009314,400000,2026-08-06T12:39:11
AGESY,0.01496,15000,2026-08-06T12:39:11
AGFAF,0.007236,150000,2026-08-06T12:39:11
AGFMF,0.005162,300000,2026-08-06T12:39:11
AGG,0.004135,3800000,2026-08-06T12:39:11
AGGA,0.038821,6000,2026-08-06T12:39:11
AGGH,0.058803,300000,2026-08-06T12:39:11
AGGHF,0.0025,5000,2026-08-06T12:39:11
AGGS,0.045505000000000004,20000,2026-08-06T12:39:11
AGGY,0.035253,100000,2026-08-06T12:39:11
AGGZF,0.023299,500000,2026-08-06T12:39:11
AGHC,0.0025,15000,2026-08-06T12:39:11
AGHI,0.0025,90000,2026-08-06T12:39:11
AGI,0.006724,10000000,2026-08-06T12:39:11
AGIG,0.06345100000000001,500000,2026-08-06T12:39:11
AGILQ,3.296304,550000,2026-08-06T12:39:11
AGIN,0.0025,650000,2026-08-06T12:39:11
AGIO,0.004021,2000000,2026-08-06T12:39:11
AGIQ,0.14892,10000,2026-08-06T12:39:11
AGIX,0.005778999999999999,250000,2026-08-06T12:39:11
AGL,0.004107,350000,2026-08-06T12:39:11
AGLXY,0.0033239999999999997,3000,2026-08-06T12:39:11
AGM,0.004126,100000,2026-08-06T12:39:11
AGM A,0.081264,35000,2026-08-06T12:39:11
AGM PRE,0.070812,90000,2026-08-06T12:39:11
AGM PRF,0.347798,150000,2026-08-06T12:39:11
AGM PRG,0.023305,100000,2026-08-06T12:39:11
AGM PRH,0.111867,15000,2026-08-06T12:39:11
AGM PRI,0.11480800000000001,85000,2026-08-06T12:39:11
AGMB,0.11015000000000001,600000,2026-08-06T12:39:11
AGMB.OLD2,0.0025,15000,2026-08-06T12:39:11
AGMC,0.0025,900000,2026-08-06T12:39:11
AGMH,0.17048,150000,2026-08-06T12:39:11
AGMI,0.14892,2000,2026-08-06T12:39:11
AGMRF,0.031348,100000,2026-08-06T12:39:11
AGNC,0.002607,8600000,2026-08-06T12:39:11
AGNCL,0.019338,40000,2026-08-06T12:39:11
AGNCM,0.09442600000000001,200000,2026-08-06T12:39:11
AGNCN,0.015045,100000,2026-08-06T12:39:11
AGNCO,0.047923999999999994,250000,2026-08-06T12:39:11
AGNCP,0.033565,700000,2026-08-06T12:39:11
AGNCZ,0.066146,1900000,2026-08-06T12:39:11
AGNG,0.004135,30000,2026-08-06T12:39:11
AGNM,0.0025,100000,2026-08-06T12:39:11
AGNPF,0.058233,9000,2026-08-06T12:39:11
AGNT,0.0066679999999999994,55000,2026-08-06T12:39:11
AGO,0.004063,1100000,2026-08-06T12:39:11
AGOX,0.040334,25000,2026-08-06T12:39:11
AGPU,0.277272,150000,2026-08-06T12:39:11
AGPYY,0.0025,500,2026-08-06T12:39:11
AGQ,0.008637,1100000,2026-08-06T12:39:11
AGQI,0.040670000000000005,5000,2026-08-06T12:39:11
AGRH,0.09748699999999999,60000,2026-08-06T12:39:11
AGRO,0.012717000000000001,2600000,2026-08-06T12:39:11
AGRPY,0.094795,4000,2026-08-06T12:39:11
AGRT,0.0025,20000,2026-08-06T12:39:11
AGRZ,0.46332,500000,2026-08-06T12:39:11
AGSI,0.0025,1300000,2026-08-06T12:39:11
AGSS,0.0025,150000,2026-08-06T12:39:11
AGTI.OLD,0.0025,2000,2026-08-06T12:39:11
AGTK,0.0025,350000,2026-08-06T12:39:11
AGTT,0.0025,7000,2026-08-06T12:39:11
AGTX,0.0025,10000,2026-08-06T12:39:11
AGX,0.002704,200000,2026-08-06T12:39:11
AGXPF,0.045342,1000000,2026-08-06T12:39:11
AGYP,0.0025,10000000,2026-08-06T12:39:11
AGYS,0.0025,800000,2026-08-06T12:39:11
AGZ,0.051833,60000,2026-08-06T12:39:11
AGZD,0.082617,3000,2026-08-06T12:39:11
AHAD,0.0025,6000,2026-08-06T12:39:11
AHCHY,0.132552,250000,2026-08-06T12:39:11
AHCO,0.003301,2700000,2026-08-06T12:39:11
AHD,0.074013,800,2026-08-06T12:39:11
AHELF,0.0025,3000,2026-08-06T12:39:11
AHEXY,0.177227,25000,2026-08-06T12:39:11
AHFD,0.0025,10000000,2026-08-06T12:39:11
AHFI,0.0025,7000,2026-08-06T12:39:11
AHFP,0.0025,70000,2026-08-06T12:39:11
AHG,0.287603,150000,2026-08-06T12:39:11
AHGIF,0.0025,150000,2026-08-06T12:39:11
AHII,0.002782,77,2026-08-06T12:39:11
AHIX,0.0025,1300000,2026-08-06T12:39:11
AHKSY,0.016422000000000003,100000,2026-08-06T12:39:11
AHL PRD,0.065966,100000,2026-08-06T12:39:11
AHL PRE,0.113955,200000,2026-08-06T12:39:11
AHL PRF,0.061163999999999996,20000,2026-08-06T12:39:11
AHLT,0.007329,70000,2026-08-06T12:39:11
AHMA,2.512153,5000,2026-08-06T12:39:11
AHNA,0.0025,3400000,2026-08-06T12:39:11
AHNRF,0.029319,20000,2026-08-06T12:39:11
AHPIQ,0.0025,750000,2026-08-06T12:39:11
AHR,0.004136,1100000,2026-08-06T12:39:11
AHRO,0.0025,10000000,2026-08-06T12:39:11
AHROQ,0.0025,2000,2026-08-06T12:39:11
AHRT,0.0037319999999999996,3300000,2026-08-06T12:39:11
AHRT PRA,0.124147,70000,2026-08-06T12:39:11
AHT,0.004271,700000,2026-08-06T12:39:11
AHT PRD,0.41635599999999995,40000,2026-08-06T12:39:11
AHT PRF,2.259221,5000,2026-08-06T12:39:11
AHT PRG,0.109308,40000,2026-08-06T12:39:11
AHT PRH,0.372448,60000,2026-08-06T12:39:11
AHT PRI,0.179412,65000,2026-08-06T12:39:11
AI,0.003997,1300000,2026-08-06T12:39:11
AIA,0.018338,15000,2026-08-06T12:39:11
AIAD,0.0025,10000000,2026-08-06T12:39:11
AIAI,0.09344200000000001,350000,2026-08-06T12:39:11
AIB,0.7943600000000001,2800000,2026-08-06T12:39:11
AIBD,0.073145,25000,2026-08-06T12:39:11
AIBGY,0.029039000000000002,50000,2026-08-06T12:39:11
AIBU,0.043376,50000,2026-08-06T12:39:11
AIBZ,0.503501,10000,2026-08-06T12:39:11
AICOF,0.006586,8000,2026-08-06T12:39:11
AIDA,0.0025,45000,2026-08-06T12:39:11
AIDO,0.0025,100000,2026-08-06T12:39:11
AIDX,0.182573,450000,2026-08-06T12:39:11
AIEQ,0.035149,10000,2026-08-06T12:39:11
AIEV,0.316722,200000,2026-08-06T12:39:11
AIFA,0.128476,850000,2026-08-06T12:39:11
AIFC,0.0076939999999999995,2200000,2026-08-06T12:39:11
AIFD,0.042868,40000,2026-08-06T12:39:11
AIFF,0.153866,350000,2026-08-06T12:39:11
AIFM,0.0025,200,2026-08-06T12:39:11
AIFU,0.540514,6000,2026-08-06T12:39:11
AIG,0.0025,6700000,2026-08-06T12:39:11
AIGFF,0.008952,4000,2026-08-06T12:39:11
AIGI,0.0025,2000,2026-08-06T12:39:11
AIHS,1.084936,50000,2026-08-06T12:39:11
AIHY,0.120504,8000,2026-08-06T12:39:11
AII,0.037862,550000,2026-08-06T12:39:11
AIIA,0.01902,100000,2026-08-06T12:39:11
AIIA U,0.012199999999999999,400000,2026-08-06T12:39:11
AIIO,2.284806,95000,2026-08-06T12:39:11
AIIR,0.129401,7000,2026-08-06T12:39:11
AIJTY,0.017667,150000,2026-08-06T12:39:11
AILEQ,0.0025,300000,2026-08-06T12:39:11
AILIH,0.0025,600,2026-08-06T12:39:11
AILIM,0.0025,100,2026-08-06T12:39:11
AILLI,0.0025,300,2026-08-06T12:39:11
AILLM,0.0025,200,2026-08-06T12:39:11
AILLN,0.116445,400,2026-08-06T12:39:11
AILLO,0.0025,1000,2026-08-06T12:39:11
AILLP,0.158283,2000,2026-08-06T12:39:11
AIM,0.541374,850000,2026-08-06T12:39:11
AIMD,0.199436,70000,2026-08-06T12:39:11
AIMFF,0.047272999999999996,250000,2026-08-06T12:39:11
AIMH,0.0025,100000,2026-08-06T12:39:11
AIMLF,0.002727,150000,2026-08-06T12:39:11
AIMS,0.14892,1000,2026-08-06T12:39:11
AIMV,0.0025,1300000,2026-08-06T12:39:11
AIN,0.004129,700000,2026-08-06T12:39:11
AINMF,0.060393,10000,2026-08-06T12:39:11
AINT,0.049569,3000,2026-08-06T12:39:11
AIO,0.021726000000000002,100000,2026-08-06T12:39:11
AIOM,0.0025,5000,2026-08-06T12:39:11
AIOO,0.26071,1000,2026-08-06T12:39:11
AIOS,0.430731,15000,2026-08-06T12:39:11
AIOT,0.00432,850000,2026-08-06T12:39:11
AIP,0.004081,1200000,2026-08-06T12:39:11
AIPI,0.005321,250000,2026-08-06T12:39:11
AIPO,0.011245,250000,2026-08-06T12:39:11
AIPUY,0.0025,400,2026-08-06T12:39:11
AIQ,0.01057,800000,2026-08-06T12:39:11
AIQUY,0.042839999999999996,300000,2026-08-06T12:39:11
AIR,0.0025,700000,2026-08-06T12:39:11
AIRDF,0.037437,300000,2026-08-06T12:39:11
AIRE,0.07896,65000,2026-08-06T12:39:11
AIRG,0.00413,900000,2026-08-06T12:39:11
AIRI,0.016515,1100000,2026-08-06T12:39:11
AIRJ,0.015752,600000,2026-08-06T12:39:11
AIRO,0.014932,450000,2026-08-06T12:39:11
AIRR,0.024613,450000,2026-08-06T12:39:11
AIRS,0.024091,6300000,2026-08-06T12:39:11
AIRT,0.021118,1000,2026-08-06T12:39:11
AIRTP,0.057013999999999995,50000,2026-08-06T12:39:11
AIRYY,0.311295,600,2026-08-06T12:39:11
AIS,0.006488000000000001,100000,2026-08-06T12:39:11
AISP,0.08165800000000001,150000,2026-08-06T12:39:11
AISSF,0.147603,60000,2026-08-06T12:39:11
AIT,0.003951,450000,2026-08-06T12:39:11
AITX,0.015973,7400000,2026-08-06T12:39:11
AITX.OLD1,0.0025,200000,2026-08-06T12:39:11
AIUP,0.040578,2000,2026-08-06T12:39:11
AIV,0.004536,9300000,2026-08-06T12:39:11
AIVC,0.177899,15000,2026-08-06T12:39:11
AIVI,0.08424,600,2026-08-06T12:39:11
AIVL,0.084423,30000,2026-08-06T12:39:11
AIVN,0.0025,350000,2026-08-06T12:39:11
AIX,0.11003199999999999,30000,2026-08-06T12:39:11
AIXC,0.048877,350000,2026-08-06T12:39:11
AIXI,0.319284,150000,2026-08-06T12:39:11
AIXN,0.0025,3000,2026-08-06T12:39:11
AIYY,0.099303,25000,2026-08-06T12:39:11
AIZ,0.002782,400000,2026-08-06T12:39:11
AIZN,0.353242,40000,2026-08-06T12:39:11
AIZZ,0.146229,100000,2026-08-06T12:39:11
AJAC,0.0025,200000,2026-08-06T12:39:11
AJAN,0.003316,15000,2026-08-06T12:39:11
AJBI,0.0025,1400000,2026-08-06T12:39:11
AJG,0.004282,1900000,2026-08-06T12:39:11
AJNMY,0.021049000000000002,150000,2026-08-06T12:39:11
AJOY,0.0025,85000,2026-08-06T12:39:11
AJUL,0.127475,200,2026-08-06T12:39:11
AJYG,0.0025,7000,2026-08-06T12:39:11
AKA,0.25717,25000,2026-08-06T12:39:11
AKAF,0.097469,300,2026-08-06T12:39:11
AKAM,0.002782,850000,2026-08-06T12:39:11
AKAN,3.2496370000000003,25000,2026-08-06T12:39:11
AKAOQ.OLD,0.132656,1900000,2026-08-06T12:39:11
AKBA,0.004084,6600000,2026-08-06T12:39:11
AKBTY,0.10962,150000,2026-08-06T12:39:11
AKEMF,0.003269,3300000,2026-08-06T12:39:11
AKESQ,0.0025,300000,2026-08-06T12:39:11
AKGC,0.0025,800000,2026-08-06T12:39:11
AKO A,0.035257000000000004,40000,2026-08-06T12:39:11
AKO B,0.041153,65000,2026-08-06T12:39:11
AKOM,0.0025,600,2026-08-06T12:39:11
AKR,0.0040160000000000005,1400000,2026-08-06T12:39:11
AKRBY,0.043376,9000,2026-08-06T12:39:11
AKRE,0.005999,200000,2026-08-06T12:39:11
AKRK,0.0025,10000,2026-08-06T12:39:11
AKTAF,0.043254,750000,2026-08-06T12:39:11
AKTS,0.007852,250000,2026-08-06T12:39:11
AKTSQ,0.011567000000000001,10000000,2026-08-06T12:39:11
AKTX,0.779629,300000,2026-08-06T12:39:11
AKVA,0.0025,600000,2026-08-06T12:39:11
AKYI,0.0025,5600000,2026-08-06T12:39:11
AKZOY,0.016611,250000,2026-08-06T12:39:11
ALAB,0.004108,1600000,2026-08-06T12:39:11
ALAI,0.039755,400000,2026-08-06T12:39:11
ALAR,0.043678,500000,2026-08-06T12:39:11
ALB,0.003079,1400000,2026-08-06T12:39:11
ALB PRA,0.012456,600000,2026-08-06T12:39:11
ALBC,0.0025,10000,2026-08-06T12:39:11
ALBG,0.046614,35000,2026-08-06T12:39:11
ALBKY,0.0025,300000,2026-08-06T12:39:11
ALBY,0.14954800000000001,10000,2026-08-06T12:39:11
ALC,0.0066749999999999995,55000,2026-08-06T12:39:11
ALCE,0.0025,5000,2026-08-06T12:39:11
ALCO,0.003459,100000,2026-08-06T12:39:11
ALCUF,0.01464,3000,2026-08-06T12:39:11
ALCYF,0.050427,85000,2026-08-06T12:39:11
ALDB,0.065928,30000,2026-08-06T12:39:11
ALDF,0.013607000000000001,850000,2026-08-06T12:39:11
ALDFU,0.012199999999999999,300,2026-08-06T12:39:11
ALDS,0.0025,5000,2026-08-06T12:39:11
ALDX,0.00413,1700000,2026-08-06T12:39:11
ALEC,0.004116,2600000,2026-08-06T12:39:11
ALF,0.17377900000000002,100000,2026-08-06T12:39:11
ALFIQ,0.159219,350000,2026-08-06T12:39:11
ALFUU,0.012199999999999999,400,2026-08-06T12:39:11
ALFVY,0.013713999999999999,100000,2026-08-06T12:39:11
ALG,0.0025,150000,2026-08-06T12:39:11
ALGGY,0.0025,6000,2026-08-06T12:39:11
ALGM,0.004135,400000,2026-08-06T12:39:11
ALGN,0.004081,700000,2026-08-06T12:39:11
ALGRF,0.12436799999999999,500000,2026-08-06T12:39:11
ALGT,0.004129,850000,2026-08-06T12:39:11
ALH,0.004135,300000,2026-08-06T12:39:11
ALHC,0.004081,1900000,2026-08-06T12:39:11
ALIF,0.0025,35000,2026-08-06T12:39:11
ALIL,0.051495,15000,2026-08-06T12:39:11
ALIS,0.143507,100000,2026-08-06T12:39:11
ALISU,0.051495,100,2026-08-06T12:39:11
ALIT,0.004134,800000,2026-08-06T12:39:11
ALIZY,0.0025169999999999997,450000,2026-08-06T12:39:11
ALK,0.002782,2100000,2026-08-06T12:39:11
ALKEF,0.0077139999999999995,4600000,2026-08-06T12:39:11
ALKM,0.0025,10000000,2026-08-06T12:39:11
ALKS,0.004085,1300000,2026-08-06T12:39:11
ALKT,0.0057669999999999996,1400000,2026-08-06T12:39:11
ALL,0.0025,2700000,2026-08-06T12:39:11
ALL PRB,0.077265,650000,2026-08-06T12:39:11
ALL PRH,0.027139000000000003,300000,2026-08-06T12:39:11
ALL PRI,0.053379,75000,2026-08-06T12:39:11
ALL PRJ,0.03262,100000,2026-08-06T12:39:11
ALLE,0.004173,450000,2026-08-06T12:39:11
ALLGF,0.932611,35000,2026-08-06T12:39:11
ALLO,0.002782,2600000,2026-08-06T12:39:11
ALLR,0.028907,1500000,2026-08-06T12:39:11
ALLT,0.002789,1400000,2026-08-06T12:39:11
ALLW,0.006842,2800000,2026-08-06T12:39:11
ALLY,0.00291,4700000,2026-08-06T12:39:11
ALM,0.004439,1400000,2026-08-06T12:39:11
ALME,0.0025,450000,2026-08-06T12:39:11
ALMR,0.016188,300000,2026-08-06T12:39:11
ALMS,0.003045,1500000,2026-08-06T12:39:11
ALMU,0.007796,350000,2026-08-06T12:39:11
ALNPY,0.073145,20000,2026-08-06T12:39:11
ALNT,0.003978,100000,2026-08-06T12:39:11
ALNY,0.003629,1300000,2026-08-06T12:39:11
ALOD,0.0025,400,2026-08-06T12:39:11
ALOT,0.01496,900000,2026-08-06T12:39:11
ALOV,0.012199999999999999,1700000,2026-08-06T12:39:11
ALOVU,0.8267270000000001,35000,2026-08-06T12:39:11
ALOY,0.468927,200000,2026-08-06T12:39:11
ALP,0.133204,3700000,2026-08-06T12:39:11
ALPE,0.0025,90000,2026-08-06T12:39:11
ALPIB,0.11103199999999999,5000,2026-08-06T12:39:11
ALPMY,0.036636,250000,2026-08-06T12:39:11
ALPP,0.047527999999999994,600000,2026-08-06T12:39:11
ALPS,0.09956300000000001,1300000,2026-08-06T12:39:11
ALPX,0.311295,100000,2026-08-06T12:39:11
ALPXU,0.34404,5000,2026-08-06T12:39:11
ALRM,0.0034720000000000003,800000,2026-08-06T12:39:11
ALRS,0.004213,300000,2026-08-06T12:39:11
ALRTF,0.0025,2400000,2026-08-06T12:39:11
ALSI,0.0025,15000,2026-08-06T12:39:11
ALSMY,0.44187899999999997,750000,2026-08-06T12:39:11
ALSN,0.004081,1000000,2026-08-06T12:39:11
ALST,0.0025,3100000,2026-08-06T12:39:11
ALT,0.0025,2500000,2026-08-06T12:39:11
ALTD,0.0025,200000,2026-08-06T12:39:11
ALTG,0.004449,1100000,2026-08-06T12:39:11
ALTG PRA,0.165457,35000,2026-08-06T12:39:11
ALTI,0.0045390000000000005,650000,2026-08-06T12:39:11
ALTL,0.09190899999999999,100000,2026-08-06T12:39:11
ALTO,0.005746,1300000,2026-08-06T12:39:11
ALTO.OLD1,0.0025,3600000,2026-08-06T12:39:11
ALTUF,0.00924,25000,2026-08-06T12:39:11
ALTX,0.0025,10000,2026-08-06T12:39:11
ALTY,0.042960000000000005,20000,2026-08-06T12:39:11
ALUB,0.020354,950000,2026-08-06T12:39:11
ALUB U,0.012199999999999999,500,2026-08-06T12:39:11
ALURD,0.311012,30000,2026-08-06T12:39:11
ALV,0.004181000000000001,200000,2026-08-06T12:39:11
ALVLF,0.008723999999999999,3600000,2026-08-06T12:39:11
ALVO,0.036034000000000004,4100000,2026-08-06T12:39:11
ALVOF,0.05285,100000,2026-08-06T12:39:11
ALVRQ,0.10557,95000,2026-08-06T12:39:11
ALX,0.004365,50000,2026-08-06T12:39:11
ALXO,0.004252000000000001,2400000,2026-08-06T12:39:11
ALYAF,0.515484,10000,2026-08-06T12:39:11
ALYE.OLD,0.0025,2000,2026-08-06T12:39:11
ALZN,0.45520299999999997,100000,2026-08-06T12:39:11
AM,0.0029,4400000,2026-08-06T12:39:11
AMA,0.17448899999999998,150000,2026-08-06T12:39:11
AMAA,0.15162599999999998,3000,2026-08-06T12:39:11
AMACU,0.11687099999999999,2300000,2026-08-06T12:39:11
AMADY,0.027525,150000,2026-08-06T12:39:11
AMAL,0.0025,400000,2026-08-06T12:39:11
AMAN,0.503439,650000,2026-08-06T12:39:11
AMAT,0.0025,4400000,2026-08-06T12:39:11
AMAU,0.21281199999999997,150000,2026-08-06T12:39:11
AMAX,0.37599899999999997,800,2026-08-06T12:39:11
AMAZ,0.0025,1600000,2026-08-06T12:39:11
AMBA,0.004004,550000,2026-08-06T12:39:11
AMBBY,0.0025,3000,2026-08-06T12:39:11
AMBD,0.0025,1000000,2026-08-06T12:39:11
AMBIQ,0.139734,100000,2026-08-06T12:39:11
AMBO,0.35188899999999995,200000,2026-08-06T12:39:11
AMBP,0.02339,3300000,2026-08-06T12:39:11
AMBQ,0.004081,1700000,2026-08-06T12:39:11
AMBR,0.068908,3000000,2026-08-06T12:39:11
AMBS,0.0025,10000000,2026-08-06T12:39:11
AMBZ,0.17285599999999998,85000,2026-08-06T12:39:11
AMC,0.0029349999999999997,10000000,2026-08-06T12:39:11
AMCF,0.0025,70000,2026-08-06T12:39:11
AMCG,0.0025,400000,2026-08-06T12:39:11
AMCI,0.534667,40000,2026-08-06T12:39:11
AMCO,0.0025,150000,2026-08-06T12:39:11
AMCOF,0.016573,250000,2026-08-06T12:39:11
AMCR,0.005489000000000001,2000000,2026-08-06T12:39:11
AMCT,0.0025,65000,2026-08-06T12:39:11
AMCX,0.004116,850000,2026-08-06T12:39:11
AMD,0.0025,10000000,2026-08-06T12:39:11
AMDC,0.073145,100,2026-08-06T12:39:11
AMDD,0.284795,60000,2026-08-06T12:39:11
AMDG,0.022195,10000,2026-08-06T12:39:11
AMDW,0.048112,25000,2026-08-06T12:39:11
AMDY,0.068016,200000,2026-08-06T12:39:11
AME,0.0025,2900000,2026-08-06T12:39:11
AMEN,0.0025,100,2026-08-06T12:39:11
AMFC,0.0025,100,2026-08-06T12:39:11
AMFL,0.0025,100000,2026-08-06T12:39:11
AMFN,0.126744,10000000,2026-08-06T12:39:11
AMG,0.002782,800000,2026-08-06T12:39:11
AMGC,0.0025,5000,2026-08-06T12:39:11
AMGN,0.002827,2300000,2026-08-06T12:39:11
AMGU,0.0025,10000,2026-08-06T12:39:11
AMGY,0.0025,250000,2026-08-06T12:39:11
AMH,0.003675,7500000,2026-08-06T12:39:11
AMH PRG,0.73619,150000,2026-08-06T12:39:11
AMH PRH,0.135193,100000,2026-08-06T12:39:11
AMHC.OLD1,0.0025,8000,2026-08-06T12:39:11
AMHD,0.0025,15000,2026-08-06T12:39:11
AMHGQ,0.108111,150000,2026-08-06T12:39:11
AMID,0.016551,10000,2026-08-06T12:39:11
AMIGY,0.064729,35000,2026-08-06T12:39:11
AMIH,0.0025,750000,2026-08-06T12:39:11
AMIN,0.0025,40000,2026-08-06T12:39:11
AMJB,0.046759,100000,2026-08-06T12:39:11
AMKBY,0.025339999999999998,150000,2026-08-06T12:39:11
AMKL,0.179433,100000,2026-08-06T12:39:11
AMKR,0.004116,3100000,2026-08-06T12:39:11
AMKX,0.10291399999999999,200,2026-08-06T12:39:11
AMLH,0.0025,10000000,2026-08-06T12:39:11
AMLIF,0.081279,1700000,2026-08-06T12:39:11
AMLM,0.048674,3600000,2026-08-06T12:39:11
AMLP,0.019874,600000,2026-08-06T12:39:11
AMLX,0.004561,850000,2026-08-06T12:39:11
AMMJ,0.0033239999999999997,1200000,2026-08-06T12:39:11
AMMPF,0.0025,450000,2026-08-06T12:39:11
AMMX,0.0025,150000,2026-08-06T12:39:11
AMN,0.002684,650000,2026-08-06T12:39:11
AMNC,0.0025,5000,2026-08-06T12:39:11
AMNCB,0.0025,4000,2026-08-06T12:39:11
AMNE,0.0025,10000000,2026-08-06T12:39:11
AMNF,0.277752,950000,2026-08-06T12:39:11
AMNLQ.OLD,0.0025,500,2026-08-06T12:39:11
AMNNF,0.0025,25000,2026-08-06T12:39:11
AMNP,0.0025,65000,2026-08-06T12:39:11
AMOD,0.903882,3000,2026-08-06T12:39:11
AMOM,0.119283,20000,2026-08-06T12:39:11
AMP,0.004081,950000,2026-08-06T12:39:11
AMPDF,0.19974799999999998,400000,2026-08-06T12:39:11
AMPG,0.145394,1600000,2026-08-06T12:39:11
AMPH,0.003986,700000,2026-08-06T12:39:11
AMPL,0.0041199999999999995,2700000,2026-08-06T12:39:11
AMPU,0.276727,2000,2026-08-06T12:39:11
AMPW,0.0025,75000,2026-08-06T12:39:11
AMPX,0.0040089999999999995,2900000,2026-08-06T12:39:11
AMPY,0.002974,5000000,2026-08-06T12:39:11
AMQFF,0.027837999999999998,450000,2026-08-06T12:39:11
AMR,0.004135,1200000,2026-08-06T12:39:11
AMRA,0.0025,2000,2026-08-06T12:39:11
AMRC,0.013338000000000001,70000,2026-08-06T12:39:11
AMRN,0.002635,600000,2026-08-06T12:39:11
AMRRY,0.08685499999999999,8000,2026-08-06T12:39:11
AMRU,0.0025,1500000,2026-08-06T12:39:11
AMRX,0.004081,6800000,2026-08-06T12:39:11
AMRZ,0.004135,1300000,2026-08-06T12:39:11
AMS,0.038146,250000,2026-08-06T12:39:11
AMSC,0.002947,1200000,2026-08-06T12:39:11
AMSE,0.0025,1000000,2026-08-06T12:39:11
AMSF,0.002764,950000,2026-08-06T12:39:11
AMSS,3.468134,70000,2026-08-06T12:39:11
AMSSY,0.113739,20000,2026-08-06T12:39:11
AMST,1.742901,150000,2026-08-06T12:39:11
AMT,0.0025,5700000,2026-08-06T12:39:11
AMTB,0.002902,1000000,2026-08-06T12:39:11
AMTD,0.016314,350000,2026-08-06T12:39:11
AMTFF,0.022824,900000,2026-08-06T12:39:11
AMTM,0.002585,1700000,2026-08-06T12:39:11
AMTPQ,0.0025,400,2026-08-06T12:39:11
AMTX,0.009777000000000001,300000,2026-08-06T12:39:11
AMTY,0.0025,250000,2026-08-06T12:39:11
AMUB,0.040914,400,2026-08-06T12:39:11
AMUG,0.0025,100000,2026-08-06T12:39:11
AMUU,0.023483999999999998,20000,2026-08-06T12:39:11
AMVOY,0.043376,25000,2026-08-06T12:39:11
AMWL,0.0041530000000000004,650000,2026-08-06T12:39:11
AMWW,0.0025,100000,2026-08-06T12:39:11
AMX,0.002782,1500000,2026-08-06T12:39:11
AMXEF,0.045274,550000,2026-08-06T12:39:11
AMXIQ,0.0025,40000,2026-08-06T12:39:11
AMXX,0.0025,10000,2026-08-06T12:39:11
AMYY,0.219625,3000,2026-08-06T12:39:11
AMYZF,0.063353,4100000,2026-08-06T12:39:11
AMZA,0.002782,100000,2026-08-06T12:39:11
AMZD,1.659007,250000,2026-08-06T12:39:11
AMZE,0.07251,100000,2026-08-06T12:39:11
AMZG,0.049803,300,2026-08-06T12:39:11
AMZGQ,0.0176,950000,2026-08-06T12:39:11
AMZN,0.0025,10000000,2026-08-06T12:39:11
AMZO,0.285263,20000,2026-08-06T12:39:11
AMZP,0.11524200000000001,30000,2026-08-06T12:39:11
AMZU,0.032315,200000,2026-08-06T12:39:11
AMZW,0.044332,30000,2026-08-06T12:39:11
AMZY,0.033656,200000,2026-08-06T12:39:11
AMZZ,0.059481,20000,2026-08-06T12:39:11
AN,0.003105,450000,2026-08-06T12:39:11
ANAB,0.00302,250000,2026-08-06T12:39:11
ANAS,0.0025,35000,2026-08-06T12:39:11
ANAV.OLD,0.0025,400000,2026-08-06T12:39:11
ANCE,0.0025,850000,2026-08-06T12:39:11
ANCTF,0.0025,8000000,2026-08-06T12:39:11
ANDE,0.002782,600000,2026-08-06T12:39:11
ANDG,0.006047,3000,2026-08-06T12:39:11
ANDI,0.0025,10000000,2026-08-06T12:39:11
ANDN,0.0025,550000,2026-08-06T12:39:11
ANDR,0.0025,800000,2026-08-06T12:39:11
ANEB,0.131615,450000,2026-08-06T12:39:11
ANEL,0.10461000000000001,65000,2026-08-06T12:39:11
ANET,0.0025,10000000,2026-08-06T12:39:11
ANEW,0.009548,2000,2026-08-06T12:39:11
ANF,0.004136,500000,2026-08-06T12:39:11
ANFD,0.0025,4000,2026-08-06T12:39:11
ANFIF,0.299898,30000,2026-08-06T12:39:11
ANG PRD,0.055381,45000,2026-08-06T12:39:11
ANGH,1.256227,90000,2026-08-06T12:39:11
ANGI,0.00407,4900000,2026-08-06T12:39:11
ANGL,0.002862,700000,2026-08-06T12:39:11
ANGO,0.0037099999999999998,1300000,2026-08-06T12:39:11
ANGPY,0.033553,1000000,2026-08-06T12:39:11
ANGX,0.01872,4100000,2026-08-06T12:39:11
ANGYF,0.0025,200000,2026-08-06T12:39:11
ANICF,0.005131,250000,2026-08-06T12:39:11
ANIK,0.0030420000000000004,350000,2026-08-06T12:39:11
ANIOY,0.16651,7000,2026-08-06T12:39:11
ANIP,0.002782,200000,2026-08-06T12:39:11
ANIX,0.007722,700000,2026-08-06T12:39:11
ANKOF,0.035408,150000,2026-08-06T12:39:11
ANL,0.06038,2200000,2026-08-06T12:39:11
ANMP,0.0025,1000,2026-08-06T12:39:11
ANNA,0.789989,350000,2026-08-06T12:39:11
ANNO,0.0025,15000,2026-08-06T12:39:11
ANNX,0.0033750000000000004,900000,2026-08-06T12:39:11
ANPA,1.973313,30000,2026-08-06T12:39:11
ANPDY,0.14892,1000,2026-08-06T12:39:11
ANPMF,0.009149000000000001,100000,2026-08-06T12:39:11
ANRO,0.004399,200000,2026-08-06T12:39:11
ANSC,0.150273,1500000,2026-08-06T12:39:11
ANSLY,0.0033239999999999997,200,2026-08-06T12:39:11
ANTA,0.17314,350000,2026-08-06T12:39:11
ANTH,0.190882,100000,2026-08-06T12:39:11
ANTX,0.030133,850000,2026-08-06T12:39:11
ANVS,0.010183,2600000,2026-08-06T12:39:11
ANVS.OLD1,0.0025,10000,2026-08-06T12:39:11
ANVV,0.0025,1000,2026-08-06T12:39:11
ANY,1.186784,550000,2026-08-06T12:39:11
ANYYY,0.01902,200000,2026-08-06T12:39:11
ANZGY,0.012287999999999999,400000,2026-08-06T12:39:11
ANZLY,0.0025,15000,2026-08-06T12:39:11
AOA,0.008195000000000001,100000,2026-08-06T12:39:11
AOB,0.004,8000,2026-08-06T12:39:11
AOCT,0.0025,5000,2026-08-06T12:39:11
AOD,0.034118,100000,2026-08-06T12:39:11
AOGO,0.01464,100,2026-08-06T12:39:11
AOGSQ,0.016502,300000,2026-08-06T12:39:11
AOHY,0.043032,35000,2026-08-06T12:39:11
AOK,0.053924,100000,2026-08-06T12:39:11
AOM,0.009510999999999999,100000,2026-08-06T12:39:11
AOMD,0.27611399999999997,75000,2026-08-06T12:39:11
AOMN,0.49532,100000,2026-08-06T12:39:11
AOMR,0.010839000000000001,10000,2026-08-06T12:39:11
AON,0.002607,2000000,2026-08-06T12:39:11
AONC,1.3647470000000002,3000,2026-08-06T12:39:11
AONNY,0.053299000000000006,400000,2026-08-06T12:39:11
AOOR,0.005489000000000001,2600000,2026-08-06T12:39:11
AOR,0.010923,150000,2026-08-06T12:39:11
AOREF,0.0025,2000,2026-08-06T12:39:11
AORT,0.004135,1500000,2026-08-06T12:39:11
AOS,0.004177,300000,2026-08-06T12:39:11
AOSL,0.0048270000000000006,300000,2026-08-06T12:39:11
AOTG,0.09614800000000001,150000,2026-08-06T12:39:11
AOTL,0.0025,600000,2026-08-06T12:39:11
AOTS,0.047977,25000,2026-08-06T12:39:11
AOUT,0.004135,400000,2026-08-06T12:39:11
AOVTF,0.0025,1000000,2026-08-06T12:39:11
AOXG,0.0025,95000,2026-08-06T12:39:11
AOXY,0.0025,3000,2026-08-06T12:39:11
AOZOY,0.110924,1000,2026-08-06T12:39:11
AP,0.005392,600000,2026-08-06T12:39:11
APA,0.004081,2700000,2026-08-06T12:39:11
APAAF,0.004135,1100000,2026-08-06T12:39:11
APAC,0.012199999999999999,100000,2026-08-06T12:39:11
APAM,0.00413,1100000,2026-08-06T12:39:11
APC,0.020373000000000002,450000,2026-08-06T12:39:11
APCB,2.3842820000000002,30000,2026-08-06T12:39:11
APCOF,0.083774,750000,2026-08-06T12:39:11
APCX,0.055297,650000,2026-08-06T12:39:11
APD,0.0027939999999999996,1600000,2026-08-06T12:39:11
APDTQ,0.0025,3100000,2026-08-06T12:39:11
APEI,0.0032069999999999998,15000,2026-08-06T12:39:11
APELY,0.0025,1000,2026-08-06T12:39:11
APEMY,0.18340800000000002,1000,2026-08-06T12:39:11
APEOD,0.0033239999999999997,25000,2026-08-06T12:39:11
APETF,0.049886,100,2026-08-06T12:39:11
APG,0.002782,3100000,2026-08-06T12:39:11
APGE,0.0025,1300000,2026-08-06T12:39:11
APGH,0.47615,9000,2026-08-06T12:39:11
APGI,0.0025,850000,2026-08-06T12:39:11
APGOF,0.033424999999999996,15000,2026-08-06T12:39:11
APGP,0.0025,10000,2026-08-06T12:39:11
APH,0.0025,7600000,2026-08-06T12:39:11
APHD,0.0025,1000,2026-08-06T12:39:11
APHG,0.0025,1000,2026-08-06T12:39:11
APHP,0.0025,15000,2026-08-06T12:39:11
APHU,0.125327,30000,2026-08-06T12:39:11
APHYQ,0.0025,350000,2026-08-06T12:39:11
API,0.026521,9400000,2026-08-06T12:39:11
APIE,0.17000900000000002,15000,2026-08-06T12:39:11
APLD,0.004164,2300000,2026-08-06T12:39:11
APLE,0.003121,2900000,2026-08-06T12:39:11
APLIF,0.09859899999999999,450000,2026-08-06T12:39:11
APLM,0.087851,25000,2026-08-06T12:39:11
APLU,3.0918579999999998,50000,2026-08-06T12:39:11
APLX,0.11017099999999999,55000,2026-08-06T12:39:11
APLY,0.090726,100000,2026-08-06T12:39:11
APLZ,0.9297610000000001,15000,2026-08-06T12:39:11
APMC,0.14892,400000,2026-08-06T12:39:11
APMCF,0.013341,15000,2026-08-06T12:39:11
APMCU,0.148876,400,2026-08-06T12:39:11
APMD,0.158005,200000,2026-08-06T12:39:11
APMU,2.224614,20000,2026-08-06T12:39:11
APNHY,0.150208,7000,2026-08-06T12:39:11
APO,0.0025,3500000,2026-08-06T12:39:11
APOC,0.013607000000000001,40000,2026-08-06T12:39:11
APOG,0.004099,500000,2026-08-06T12:39:11
APOS,0.052848,100000,2026-08-06T12:39:11
APP,0.002846,2800000,2026-08-06T12:39:11
APPF,0.0041199999999999995,100000,2026-08-06T12:39:11
APPG,0.0025,10000000,2026-08-06T12:39:11
APPN,0.0041860000000000005,800000,2026-08-06T12:39:11
APPS,0.048853999999999995,8300000,2026-08-06T12:39:11
APPX,0.018927,100000,2026-08-06T12:39:11
APPZ,0.0025,10000000,2026-08-06T12:39:11
APRB,0.081264,1000,2026-08-06T12:39:11
APRE,0.122033,1200000,2026-08-06T12:39:11
APRH,0.042041,55000,2026-08-06T12:39:11
APRJ,0.0025,20000,2026-08-06T12:39:11
APRO,0.0025,80000,2026-08-06T12:39:11
APRP,0.09452999999999999,6000,2026-08-06T12:39:11
APRT,0.183993,5000,2026-08-06T12:39:11
APRU,0.0025,10000000,2026-08-06T12:39:11
APRW,0.070439,25000,2026-08-06T12:39:11
APSI,0.0025,5000,2026-08-06T12:39:11
APT,0.015463,350000,2026-08-06T12:39:11
APTL,0.024432,1000,2026-08-06T12:39:11
APTV,0.004081,1700000,2026-08-06T12:39:11
APTX.OLD,0.09626099999999999,1600000,2026-08-06T12:39:11
APTY,0.0025,10000000,2026-08-06T12:39:11
APUE,0.035554,35000,2026-08-06T12:39:11
APUR,0.092541,200000,2026-08-06T12:39:11
APUS,0.16789,5000,2026-08-06T12:39:11
APVO,0.180154,65000,2026-08-06T12:39:11
APVS,0.0025,550000,2026-08-06T12:39:11
APWC,0.020975999999999998,1400000,2026-08-06T12:39:11
APXCF,0.044927999999999996,15000,2026-08-06T12:39:11
APXR,0.0025,100000,2026-08-06T12:39:11
APXT,0.019206,2800000,2026-08-06T12:39:11
APXTU,0.280173,25000,2026-08-06T12:39:11
APYI,0.0025,400,2026-08-06T12:39:11
APYX,0.017422,2200000,2026-08-06T12:39:11
AQAS,0.0025,1000,2026-08-06T12:39:11
AQB,0.090335,35000,2026-08-06T12:39:11
AQEC,0.435782,45000,2026-08-06T12:39:11
AQLT,0.052958,15000,2026-08-06T12:39:11
AQMS,0.07066499999999999,100000,2026-08-06T12:39:11
AQMT,0.0025,100,2026-08-06T12:39:11
AQN,0.003794,5500000,2026-08-06T12:39:11
AQNB,0.133842,85000,2026-08-06T12:39:11
AQNM,0.0025,40000,2026-08-06T12:39:11
AQST,0.0072770000000000005,900000,2026-08-06T12:39:11
AQSZF,0.094918,350000,2026-08-06T12:39:11
AQUC,0.01464,200,2026-08-06T12:39:11
AQUI,0.0025,3000,2026-08-06T12:39:11
AQUM,0.0025,10000000,2026-08-06T12:39:11
AQVB,0.0025,20000,2026-08-06T12:39:11
AQWA,0.042297,25000,2026-08-06T12:39:11
AR,0.004081,10000000,2026-08-06T12:39:11
ARAI,0.306784,1300000,2026-08-06T12:39:11
ARAO,0.0025,2000,2026-08-06T12:39:11
ARAT,0.0025,2000,2026-08-06T12:39:11
ARAV,0.0025,1600000,2026-08-06T12:39:11
ARAY,0.005353,7900000,2026-08-06T12:39:11
ARB,0.044328000000000006,20000,2026-08-06T12:39:11
ARBB,0.088029,60000,2026-08-06T12:39:11
ARBE,0.043704,5600000,2026-08-06T12:39:11
ARBI,0.0025,150000,2026-08-06T12:39:11
ARBK,0.220249,75000,2026-08-06T12:39:11
ARBTF,0.078031,100,2026-08-06T12:39:11
ARBV,0.009834,45000,2026-08-06T12:39:11
ARCB,0.004156,250000,2026-08-06T12:39:11
ARCC,0.037943,2800000,2026-08-06T12:39:11
ARCI,0.013607000000000001,550000,2026-08-06T12:39:11
ARCIU,0.012199999999999999,100000,2026-08-06T12:39:11
ARCL,0.0033239999999999997,150000,2026-08-06T12:39:11
ARCLU,0.012199999999999999,100,2026-08-06T12:39:11
ARCM,0.027679999999999996,1000,2026-08-06T12:39:11
ARCO,0.0047020000000000005,3400000,2026-08-06T12:39:11
ARCS,0.0025,2300000,2026-08-06T12:39:11
ARCT,0.005302,750000,2026-08-06T12:39:11
ARCX,0.07814600000000001,20000,2026-08-06T12:39:11
ARDC,0.003879,150000,2026-08-06T12:39:11
ARDS,2.310687,600000,2026-08-06T12:39:11
ARDT,0.002999,700000,2026-08-06T12:39:11
ARDX,0.0034939999999999997,6300000,2026-08-06T12:39:11
ARE,0.004105,5100000,2026-08-06T12:39:11
AREB,0.615401,1000000,2026-08-06T12:39:11
AREC,0.057831,35000,2026-08-06T12:39:11
AREN,0.027745000000000002,150000,2026-08-06T12:39:11
ARES,0.005717,300000,2026-08-06T12:39:11
ARES PRB,0.012254000000000001,1900000,2026-08-06T12:39:11
ARET,0.0025,45000,2026-08-06T12:39:11
ARGB,0.0025,700,2026-08-06T12:39:11
ARGGY,0.013234,500000,2026-08-06T12:39:11
ARGT,0.007081,400000,2026-08-06T12:39:11
ARGTF,0.004155,200000,2026-08-06T12:39:11
ARGW,0.0025,600,2026-08-06T12:39:11
ARGX,0.0025,55000,2026-08-06T12:39:11
ARGYF,0.055304,250000,2026-08-06T12:39:11
ARHN,0.0025,85000,2026-08-06T12:39:11
ARHS,0.002867,2100000,2026-08-06T12:39:11
ARHTQ,0.0025,7000,2026-08-06T12:39:11
ARI,0.004177,2300000,2026-08-06T12:39:11
ARIOQ,0.0025,10000000,2026-08-06T12:39:11
ARIS,0.004234,5900000,2026-08-06T12:39:11
ARKAY,0.006673,20000,2026-08-06T12:39:11
ARKB,0.006987999999999999,4000000,2026-08-06T12:39:11
ARKD,0.008195000000000001,2000,2026-08-06T12:39:11
ARKF,0.007727,250000,2026-08-06T12:39:11
ARKG,0.03231,500000,2026-08-06T12:39:11
ARKK,0.01949,300000,2026-08-06T12:39:11
ARKO,0.004332,1500000,2026-08-06T12:39:11
ARKQ,0.00703,70000,2026-08-06T12:39:11
ARKR,0.013961,300000,2026-08-06T12:39:11
ARKT,0.097501,3000,2026-08-06T12:39:11
ARKW,0.006154,150000,2026-08-06T12:39:11
ARKX,0.019592000000000002,25000,2026-08-06T12:39:11
ARL,0.007181999999999999,30000,2026-08-06T12:39:11
ARLI,0.140801,1000,2026-08-06T12:39:11
ARLO,0.0026119999999999997,5900000,2026-08-06T12:39:11
ARLP,0.004573,1800000,2026-08-06T12:39:11
ARLSF,0.004135,65000,2026-08-06T12:39:11
ARLU,0.073145,10000,2026-08-06T12:39:11
ARLYF,0.0033239999999999997,45000,2026-08-06T12:39:11
ARM,0.002948,1000000,2026-08-06T12:39:11
ARMA,0.049690000000000005,5000,2026-08-06T12:39:11
ARMC,0.0025,300,2026-08-06T12:39:11
ARMG,0.104322,2000,2026-08-06T12:39:11
ARMH,0.100388,35000,2026-08-06T12:39:11
ARMK,0.003648,5400000,2026-08-06T12:39:11
ARMP,0.019406,250000,2026-08-06T12:39:11
ARMW,0.133262,30000,2026-08-06T12:39:11
ARMY,0.086731,70000,2026-08-06T12:39:11
ARNI,0.0025,1100000,2026-08-06T12:39:11
AROC,0.002688,2100000,2026-08-06T12:39:11
AROW,0.00419,200000,2026-08-06T12:39:11
ARP,0.111081,35000,2026-08-06T12:39:11
ARPC,0.0025,4000,2026-08-06T12:39:11
ARQ,0.026421,3600000,2026-08-06T12:39:11
ARQQ,0.113117,10000,2026-08-06T12:39:11
ARQT,0.003085,1400000,2026-08-06T12:39:11
ARR,0.006161,400000,2026-08-06T12:39:11
ARR PRC,0.16185300000000002,150000,2026-08-06T12:39:11
ARREF,0.002856,1300000,2026-08-06T12:39:11
ARRKF,0.103511,30000,2026-08-06T12:39:11
ARRNF,0.155405,5600000,2026-08-06T12:39:11
ARRPY,0.0025,100,2026-08-06T12:39:11
ARRT,0.0025,25000,2026-08-06T12:39:11
ARRY,0.004425,950000,2026-08-06T12:39:11
ARSC,0.01464,1000,2026-08-06T12:39:11
ARSMF,0.013081,2900000,2026-08-06T12:39:11
ARSP,0.0025,75000,2026-08-06T12:39:11
ARST,0.0025,10000000,2026-08-06T12:39:11
ARTC,0.012199999999999999,1900000,2026-08-06T12:39:11
ARTCU,0.6802469999999999,70000,2026-08-06T12:39:11
ARTHQ,0.0025,30000,2026-08-06T12:39:11
ARTL,0.282602,350000,2026-08-06T12:39:11
ARTM,0.003555,800000,2026-08-06T12:39:11
ARTNA,0.00329,100000,2026-08-06T12:39:11
ARTNB,0.0025,300,2026-08-06T12:39:11
ARTR,0.0025,10000000,2026-08-06T12:39:11
ARTS,0.0025,8200000,2026-08-06T12:39:11
ARTV,0.009628,600000,2026-08-06T12:39:11
ARTW,0.048112,100000,2026-08-06T12:39:11
ARTY,0.007206000000000001,350000,2026-08-06T12:39:11
ARVLF,0.41566400000000003,100000,2026-08-06T12:39:11
ARVN,0.009602000000000001,3500000,2026-08-06T12:39:11
ARVR,0.7377370000000001,100,2026-08-06T12:39:11
ARVY,0.0025,300000,2026-08-06T12:39:11
ARW,0.005364,1100000,2026-08-06T12:39:11
ARWD,0.0025,1200000,2026-08-06T12:39:11
ARWR,0.003158,1700000,2026-08-06T12:39:11
ARWYF,0.002782,40000,2026-08-06T12:39:11
ARX,0.004081,1300000,2026-08-06T12:39:11
ARXG,0.0025,250000,2026-08-06T12:39:11
ARXRF,0.018671,550000,2026-08-06T12:39:11
ARXS,0.005424,150000,2026-08-06T12:39:11
ARYC,0.0025,100000,2026-08-06T12:39:11
ARZGY,0.039595,250000,2026-08-06T12:39:11
ARZTY,0.0025,4000,2026-08-06T12:39:11
AS,0.00419,4100000,2026-08-06T12:39:11
ASA,0.010230999999999999,150000,2026-08-06T12:39:11
ASAB,0.0025,10000000,2026-08-06T12:39:11
ASAIY,0.022753000000000002,40000,2026-08-06T12:39:11
ASAN,0.003533,1400000,2026-08-06T12:39:11
ASAP.OLD1,0.0025,25000,2026-08-06T12:39:11
ASAPQ,0.220581,500000,2026-08-06T12:39:11
ASAZY,0.016034,300000,2026-08-06T12:39:11
ASB,0.0036959999999999996,3700000,2026-08-06T12:39:11
ASB PRE,0.054201,40000,2026-08-06T12:39:11
ASB PRF,0.1466,45000,2026-08-06T12:39:11
ASBA,0.035528,35000,2026-08-06T12:39:11
ASBFY,0.020804999999999997,150000,2026-08-06T12:39:11
ASBP,0.969195,55000,2026-08-06T12:39:11
ASC,0.003604,1100000,2026-08-06T12:39:11
ASCBF,0.01464,15000,2026-08-06T12:39:11
ASCC,0.0025,10000,2026-08-06T12:39:11
ASCCY,0.049059,60000,2026-08-06T12:39:11
ASCE,0.057035999999999996,2000,2026-08-06T12:39:11
ASCI,0.148833,25000,2026-08-06T12:39:11
ASCK,0.0025,2600000,2026-08-06T12:39:11
ASDN,0.0025,250000,2026-08-06T12:39:11
ASEA,0.010088999999999999,80000,2026-08-06T12:39:11
ASEKY,0.0025,3000,2026-08-06T12:39:11
ASFX,0.0025,3300000,2026-08-06T12:39:11
ASFZ,0.0025,1200000,2026-08-06T12:39:11
ASG,0.011413,750000,2026-08-06T12:39:11
ASGI,0.158249,35000,2026-08-06T12:39:11
ASGLY,0.004135,60000,2026-08-06T12:39:11
ASH,0.0025,700000,2026-08-06T12:39:11
ASHR,0.119243,100000,2026-08-06T12:39:11
ASHS,0.085661,100000,2026-08-06T12:39:11
ASHXF,0.006662,600000,2026-08-06T12:39:11
ASIA,0.097501,95000,2026-08-06T12:39:11
ASIC,0.004847000000000001,250000,2026-08-06T12:39:11
ASII,0.0025,4000,2026-08-06T12:39:11
ASIUQ,0.0025,1300000,2026-08-06T12:39:11
ASIX,0.007383,1000000,2026-08-06T12:39:11
ASLE,0.004133,1200000,2026-08-06T12:39:11
ASM,0.005119,4100000,2026-08-06T12:39:11
ASMB,0.006278000000000001,1800000,2026-08-06T12:39:11
ASMF,0.08234400000000001,10000,2026-08-06T12:39:11
ASMG,0.11991500000000001,95000,2026-08-06T12:39:11
ASMH,0.101812,10000,2026-08-06T12:39:11
ASMIY,0.037964000000000005,6000,2026-08-06T12:39:11
ASML,0.0025,800000,2026-08-06T12:39:11
ASMU,0.08957000000000001,70000,2026-08-06T12:39:11
ASMVY,0.086794,1000,2026-08-06T12:39:11
ASMZ,0.097501,100,2026-08-06T12:39:11
ASND,0.004112,450000,2026-08-06T12:39:11
ASNS,0.207947,2000000,2026-08-06T12:39:11
ASNT,0.0025,2700000,2026-08-06T12:39:11
ASO,0.002832,650000,2026-08-06T12:39:11
ASOE,0.0025,25000,2026-08-06T12:39:11
ASOMY,0.048727,7000,2026-08-06T12:39:11
ASPC,1.093211,65000,2026-08-06T12:39:11
ASPI,0.008839,1000000,2026-08-06T12:39:11
ASPN,0.006051999999999999,450000,2026-08-06T12:39:11
ASPR,0.0025,200000,2026-08-06T12:39:11
ASPS,0.012476000000000001,150000,2026-08-06T12:39:11
ASPU,0.052051,800000,2026-08-06T12:39:11
ASR,0.008368,2000,2026-08-06T12:39:11
ASRV,0.016239,550000,2026-08-06T12:39:11
ASST,0.008849000000000001,2100000,2026-08-06T12:39:11
ASTAQ,0.0025,10000000,2026-08-06T12:39:11
ASTC,1.478937,55000,2026-08-06T12:39:11
ASTE,0.004914,450000,2026-08-06T12:39:11
ASTH,0.004135,300000,2026-08-06T12:39:11
ASTI,0.09793900000000001,550000,2026-08-06T12:39:11
ASTL,0.007112,4400000,2026-08-06T12:39:11
ASTN,0.847132,300000,2026-08-06T12:39:11
ASTN.OLD,0.0025,10,2026-08-06T12:39:11
ASTO,0.0025,100,2026-08-06T12:39:11
ASTS,0.007261999999999999,550000,2026-08-06T12:39:11
ASTV,0.0025,2800000,2026-08-06T12:39:11
ASTX,0.05116,1200000,2026-08-06T12:39:11
ASTY,0.20954,20000,2026-08-06T12:39:11
ASUP,0.126754,8000,2026-08-06T12:39:11
ASUR,0.004081,150000,2026-08-06T12:39:11
ASUUF,0.01464,200,2026-08-06T12:39:11
ASVPQ,0.0025,200000,2026-08-06T12:39:11
ASX,0.004069,1800000,2026-08-06T12:39:11
ASXFY,0.052285000000000005,65000,2026-08-06T12:39:11
ASYI,0.0025,10000000,2026-08-06T12:39:11
ASYS,0.003098,400000,2026-08-06T12:39:11
ATAI,0.005013999999999999,10000000,2026-08-06T12:39:11
ATAR,0.0025,75000,2026-08-06T12:39:11
ATAT,0.002782,3000000,2026-08-06T12:39:11
ATBHF,0.0025,2200000,2026-08-06T12:39:11
ATCC.OLD,0.0025,15000,2026-08-06T12:39:11
ATCH,0.036184,2700000,2026-08-06T12:39:11
ATCH.OLD1,0.0025,750000,2026-08-06T12:39:11
ATCL,0.024819,10000,2026-08-06T12:39:11
ATCLF,0.0025,150000,2026-08-06T12:39:11
ATCN,0.0025,4000,2026-08-06T12:39:11
ATCV,0.0025,40000,2026-08-06T12:39:11
ATCX,0.040241,350000,2026-08-06T12:39:11
ATDRY,0.034766,1200000,2026-08-06T12:39:11
ATDS,0.0025,10000000,2026-08-06T12:39:11
ATEAY,0.049852,1000,2026-08-06T12:39:11
ATEC,0.004135,2300000,2026-08-06T12:39:11
ATEK,0.01464,600,2026-08-06T12:39:11
ATEKU,0.01464,200,2026-08-06T12:39:11
ATEN,0.002817,1000000,2026-08-06T12:39:11
ATEPF,0.013081,700000,2026-08-06T12:39:11
ATER,0.254464,1000000,2026-08-06T12:39:11
ATEX,0.002829,400000,2026-08-06T12:39:11
ATEYY,0.04044400000000001,200000,2026-08-06T12:39:11
ATFV,0.061524,150000,2026-08-06T12:39:11
ATGL,0.60335,1500000,2026-08-06T12:39:11
ATGN,0.003239,600000,2026-08-06T12:39:11
ATGR,0.0025,47,2026-08-06T12:39:11
ATH PRA,0.012254000000000001,100000,2026-08-06T12:39:11
ATH PRB,0.041398000000000004,50000,2026-08-06T12:39:11
ATH PRD,0.013720000000000001,650000,2026-08-06T12:39:11
ATH PRE,0.015092000000000001,250000,2026-08-06T12:39:11
ATHC,0.0025,10000,2026-08-06T12:39:11
ATHE,0.050730000000000004,700000,2026-08-06T12:39:11
ATHI,0.0025,100,2026-08-06T12:39:11
ATHM,0.007435000000000001,650000,2026-08-06T12:39:11
ATHR,0.144949,95000,2026-08-06T12:39:11
ATHS,0.06662499999999999,100000,2026-08-06T12:39:11
ATHXQ,0.282624,1500000,2026-08-06T12:39:11
ATI,0.004081,1800000,2026-08-06T12:39:11
ATIG,0.0025,200000,2026-08-06T12:39:11
ATII,0.013404000000000001,3600000,2026-08-06T12:39:11
ATIIU,0.055554,100,2026-08-06T12:39:11
ATIN.OLD,0.0025,1,2026-08-06T12:39:11
ATIS,0.562976,600000,2026-08-06T12:39:11
ATKR,0.037964000000000005,1400000,2026-08-06T12:39:11
ATLC,0.004086,95000,2026-08-06T12:39:11
ATLCL,0.10193899999999999,75000,2026-08-06T12:39:11
ATLCP,0.154642,30000,2026-08-06T12:39:11
ATLCY,0.021526,65000,2026-08-06T12:39:11
ATLCZ,0.08391799999999999,300000,2026-08-06T12:39:11
ATLKY,0.057054,700000,2026-08-06T12:39:11
ATLO,0.013607000000000001,100000,2026-08-06T12:39:11
ATLR,0.0025,33,2026-08-06T12:39:11
ATLS.OLD,0.048789,500,2026-08-06T12:39:11
ATLT,0.0025,5900000,2026-08-06T12:39:11
ATLX,0.033933,700000,2026-08-06T12:39:11
ATMH,0.0025,45000,2026-08-06T12:39:11
ATMMF,0.0025,200000,2026-08-06T12:39:11
ATMP,0.01902,40000,2026-08-06T12:39:11
ATMU,0.002738,1000000,2026-08-06T12:39:11
ATN,0.0075,20000,2026-08-06T12:39:11
ATNAQ,0.0025,100000,2026-08-06T12:39:11
ATNI,0.015087,150000,2026-08-06T12:39:11
ATNM,0.007108,500000,2026-08-06T12:39:11
ATNPQ,0.0025,10000000,2026-08-06T12:39:11
ATO,0.002782,1900000,2026-08-06T12:39:11
ATOC,0.0025,100000,2026-08-06T12:39:11
ATOM,0.019025,1300000,2026-08-06T12:39:11
ATONY,0.0025,100,2026-08-06T12:39:11
ATOS,0.010891999999999999,45000,2026-08-06T12:39:11
ATOXF,0.061794,150000,2026-08-06T12:39:11
ATPAQ,0.0025,650000,2026-08-06T12:39:11
ATPC,7.428661,15000,2026-08-06T12:39:11
ATR,0.00419,700000,2026-08-06T12:39:11
ATRA,0.078988,60000,2026-08-06T12:39:11
ATRC,0.004132,950000,2026-08-06T12:39:11
ATRO,0.004122,450000,2026-08-06T12:39:11
ATROB,0.008388,40000,2026-08-06T12:39:11
ATRX,0.0025,250000,2026-08-06T12:39:11
ATS,0.004989,500000,2026-08-06T12:39:11
ATTBF,0.009834,150000,2026-08-06T12:39:11
ATTD,0.0025,10000000,2026-08-06T12:39:11
ATTGQ,0.0025,100000,2026-08-06T12:39:11
ATTO,0.58192,550000,2026-08-06T12:39:11
ATTOF,0.0025,100000,2026-08-06T12:39:11
ATTR,0.12727,4000,2026-08-06T12:39:11
ATUSF,0.007823,100000,2026-08-06T12:39:11
ATVDY,0.47096400000000005,2000,2026-08-06T12:39:11
ATVE,0.0025,10000,2026-08-06T12:39:11
ATVHF,0.060105000000000006,400000,2026-08-06T12:39:11
ATVK,0.0025,8000,2026-08-06T12:39:11
ATWOQ,0.0025,500000,2026-08-06T12:39:11
ATWT,0.029319,5800000,2026-08-06T12:39:11
ATXG,0.284226,100000,2026-08-06T12:39:11
ATXI,0.026139000000000003,75000,2026-08-06T12:39:11
ATXRF,0.072808,250000,2026-08-06T12:39:11
ATYG,0.0025,10000000,2026-08-06T12:39:11
ATYR,0.023014999999999997,1900000,2026-08-06T12:39:11
AU,0.004081,800000,2026-08-06T12:39:11
AUAU,0.040670000000000005,600,2026-08-06T12:39:11
AUB,0.0025,900000,2026-08-06T12:39:11
AUB PRA,0.05826,9000,2026-08-06T12:39:11
AUBN,0.034846,30000,2026-08-06T12:39:11
AUC,0.183916,30000,2026-08-06T12:39:11
AUCUF,0.010155,650000,2026-08-06T12:39:11
AUDAQ.OLD,0.02993,30000,2026-08-06T12:39:11
AUDC,0.015794,300000,2026-08-06T12:39:11
AUGM,0.003755,10000,2026-08-06T12:39:11
AUGO,0.004143,10000,2026-08-06T12:39:11
AUGT,0.065567,700,2026-08-06T12:39:11
AUGU,0.036175,1000,2026-08-06T12:39:11
AUGZ,0.149867,9000,2026-08-06T12:39:11
AUIAF,0.17214400000000002,200000,2026-08-06T12:39:11
AUID,0.108184,750000,2026-08-06T12:39:11
AUKNY,0.0025,3000,2026-08-06T12:39:11
AULO,0.0025,600000,2026-08-06T12:39:11
AUMBF,0.071787,2500000,2026-08-06T12:39:11
AUMC,0.009722,10000,2026-08-06T12:39:11
AUMI,0.149821,20000,2026-08-06T12:39:11
AUMN,0.023801000000000003,300000,2026-08-06T12:39:11
AUNA,0.019696,4000000,2026-08-06T12:39:11
AUOTY,0.012466999999999999,250000,2026-08-06T12:39:11
AUPH,0.004135,2500000,2026-08-06T12:39:11
AUQFF,0.0025,4000,2026-08-06T12:39:11
AUR,0.004142,500000,2026-08-06T12:39:11
AURA,0.004899,500000,2026-08-06T12:39:11
AURC.OLD1,0.0025,500000,2026-08-06T12:39:11
AURE,0.10832599999999999,150000,2026-08-06T12:39:11
AURFF,0.359253,150000,2026-08-06T12:39:11
AURI,0.0025,10000000,2026-08-06T12:39:11
AURT,0.0025,2700000,2026-08-06T12:39:11
AURX,0.004135,30000,2026-08-06T12:39:11
AUSAF,0.005286999999999999,10000,2026-08-06T12:39:11
AUSF,0.060065,70000,2026-08-06T12:39:11
AUSI,0.016329,70000,2026-08-06T12:39:11
AUSM,0.142154,1000,2026-08-06T12:39:11
AUST,0.033445,300000,2026-08-06T12:39:11
AUTL,0.021248,1100000,2026-08-06T12:39:11
AUTR,0.0025,20000,2026-08-06T12:39:11
AUUD,1.5808099999999998,100000,2026-08-06T12:39:11
AUVI,0.0025,150000,2026-08-06T12:39:11
AUVIP,0.0025,10000,2026-08-06T12:39:11
AUXXF,0.040685,150000,2026-08-06T12:39:11
AV,0.007292999999999999,300,2026-08-06T12:39:11
AVA,0.003896,950000,2026-08-06T12:39:11
AVAH,0.004126,1800000,2026-08-06T12:39:11
AVAI,0.191694,1000000,2026-08-06T12:39:11
AVAL,0.0028060000000000003,3300000,2026-08-06T12:39:11
AVAT,0.272692,1000000,2026-08-06T12:39:11
AVAV,0.003302,150000,2026-08-06T12:39:11
AVAZ,0.251419,1000,2026-08-06T12:39:11
AVB,0.004081,1600000,2026-08-06T12:39:11
AVBC,0.007266,250000,2026-08-06T12:39:11
AVBH,0.00954,150000,2026-08-06T12:39:11
AVBP,0.005567,3800000,2026-08-06T12:39:11
AVCNF,0.007454,250000,2026-08-06T12:39:11
AVCP,0.0025,10000,2026-08-06T12:39:11
AVD,0.020068000000000003,1500000,2026-08-06T12:39:11
AVDE,0.004586,1100000,2026-08-06T12:39:11
AVDS,0.019957,150000,2026-08-06T12:39:11
AVDV,0.005182,750000,2026-08-06T12:39:11
AVEC,0.0025,3000,2026-08-06T12:39:11
AVEE,0.046566,150000,2026-08-06T12:39:11
AVEM,0.005334,1100000,2026-08-06T12:39:11
AVES,0.0044069999999999995,550000,2026-08-06T12:39:11
AVEW,0.0025,100000,2026-08-06T12:39:11
AVEX,0.006103,200000,2026-08-06T12:39:11
AVFM,0.0025,20000,2026-08-06T12:39:11
AVGB,0.19441,200,2026-08-06T12:39:11
AVGDF,0.08615,10000,2026-08-06T12:39:11
AVGE,0.006923,300000,2026-08-06T12:39:11
AVGG,0.067732,100000,2026-08-06T12:39:11
AVGO,0.0025,10000000,2026-08-06T12:39:11
AVGR,0.0,55000,2026-08-06T12:39:11
AVGU,0.051794,95000,2026-08-06T12:39:11
AVGV,0.006313999999999999,150000,2026-08-06T12:39:11
AVGW,0.037989,30000,2026-08-06T12:39:11
AVGX,0.045427,350000,2026-08-06T12:39:11
AVIE,0.094795,2000,2026-08-06T12:39:11
AVIFY,0.148812,15000,2026-08-06T12:39:11
AVIG,0.01496,550000,2026-08-06T12:39:11
AVIR,0.0041270000000000005,1100000,2026-08-06T12:39:11
AVIV,0.006106,100000,2026-08-06T12:39:11
AVIX,0.0025,2000,2026-08-06T12:39:11
AVK,0.034635,250000,2026-08-06T12:39:11
AVL,0.020379,300000,2026-08-06T12:39:11
AVLC,0.038751,150000,2026-08-06T12:39:11
AVLC2,0.0025,700,2026-08-06T12:39:11
AVLN,0.030014,550000,2026-08-06T12:39:11
AVLND,0.032566000000000005,150000,2026-08-06T12:39:11
AVLS,0.0025,400000,2026-08-06T12:39:11
AVLV,0.003418,1800000,2026-08-06T12:39:11
AVMA,0.061087999999999996,4000,2026-08-06T12:39:11
AVMC,0.05655,30000,2026-08-06T12:39:11
AVMC.OLD2,0.0025,400000,2026-08-06T12:39:11
AVMD,0.0025,85000,2026-08-06T12:39:11
AVMU,0.035318999999999996,100000,2026-08-06T12:39:11
AVMV,0.026462,100000,2026-08-06T12:39:11
AVNE,0.0025,100000,2026-08-06T12:39:11
AVNM,0.021613000000000004,10000,2026-08-06T12:39:11
AVNT,0.004135,1800000,2026-08-06T12:39:11
AVNV,0.048521999999999996,6000,2026-08-06T12:39:11
AVNW,0.004082,500000,2026-08-06T12:39:11
AVO,0.005306,1300000,2026-08-06T12:39:11
AVOS,0.11103199999999999,50000,2026-08-06T12:39:11
AVOZ,0.009834,850000,2026-08-06T12:39:11
AVPMF,0.10401099999999999,90000,2026-08-06T12:39:11
AVPT,0.004088,3100000,2026-08-06T12:39:11
AVR,0.011866000000000002,4700000,2026-08-06T12:39:11
AVRE,0.022985000000000002,300000,2026-08-06T12:39:11
AVRI,0.0025,20000,2026-08-06T12:39:11
AVRW,0.0025,30000,2026-08-06T12:39:11
AVRY,0.159745,300000,2026-08-06T12:39:11
AVS,0.35031599999999996,15000,2026-08-06T12:39:11
AVSC,0.012686999999999999,500000,2026-08-06T12:39:11
AVSD,0.038067000000000004,100000,2026-08-06T12:39:11
AVSE,0.029845,70000,2026-08-06T12:39:11
AVSF,0.051495,100000,2026-08-06T12:39:11
AVSFY,0.0025,100,2026-08-06T12:39:11
AVSU,0.036596000000000004,150000,2026-08-06T12:39:11
AVT,0.0041210000000000005,1800000,2026-08-06T12:39:11
AVTBF,0.071536,100000,2026-08-06T12:39:11
AVTCQ,0.054201,45000,2026-08-06T12:39:11
AVTGF,0.025601,9000,2026-08-06T12:39:11
AVTI,0.0025,9900000,2026-08-06T12:39:11
AVTM,0.010792,10000,2026-08-06T12:39:11
AVTR,0.004081,7600000,2026-08-06T12:39:11
AVTX,0.005038,4600000,2026-08-06T12:39:11
AVUQ,0.031198,400000,2026-08-06T12:39:11
AVUS,0.006942,1000000,2026-08-06T12:39:11
AVUV,0.0068579999999999995,2500000,2026-08-06T12:39:11
AVVH,0.0025,7100000,2026-08-06T12:39:11
AVVIY,0.002782,150000,2026-08-06T12:39:11
AVVSY,0.044786,35000,2026-08-06T12:39:11
AVX,0.018678,1100000,2026-08-06T12:39:11
AVXL,0.005863,1100000,2026-08-06T12:39:11
AVXX,0.058128,70000,2026-08-06T12:39:11
AVY,0.004137,900000,2026-08-06T12:39:11
AVYA.OLD1,0.017613,30000,2026-08-06T12:39:11
AWAW,0.0025,3000,2026-08-06T12:39:11
AWAY,0.048254,3000,2026-08-06T12:39:11
AWCA,0.0025,150000,2026-08-06T12:39:11
AWEC,0.0025,4300000,2026-08-06T12:39:11
AWF,0.009973,400000,2026-08-06T12:39:11
AWHL,0.042332999999999996,750000,2026-08-06T12:39:11
AWI,0.0025,400000,2026-08-06T12:39:11
AWIN,1.185391,20000,2026-08-06T12:39:11
AWK,0.0036030000000000003,850000,2026-08-06T12:39:11
AWLIF,0.002876,800000,2026-08-06T12:39:11
AWNE,0.0025,50000,2026-08-06T12:39:11
AWON,0.0025,950000,2026-08-06T12:39:11
AWP,0.077753,15000,2026-08-06T12:39:11
AWR,0.004135,600000,2026-08-06T12:39:11
AWRE,0.004184,1200000,2026-08-06T12:39:11
AWSH,0.0025,1,2026-08-06T12:39:11
AWSL,0.036118000000000004,300000,2026-08-06T12:39:11
AWSRQ,0.0025,750000,2026-08-06T12:39:11
AWWI,0.0025,1100000,2026-08-06T12:39:11
AWX,0.038865,100000,2026-08-06T12:39:11
AWYI,0.0025,1300000,2026-08-06T12:39:11
AX,0.0031369999999999996,1100000,2026-08-06T12:39:11
AXAHY,0.005076000000000001,90000,2026-08-06T12:39:11
AXCG,0.0025,10000000,2026-08-06T12:39:11
AXG,0.163402,1200000,2026-08-06T12:39:11
AXGC,0.0025,50000,2026-08-06T12:39:11
AXGN,0.0032979999999999997,800000,2026-08-06T12:39:11
AXIA,0.002782,1500000,2026-08-06T12:39:11
AXIA PRC,0.0052049999999999996,100000,2026-08-06T12:39:11
AXIL,0.059531,75000,2026-08-06T12:39:11
AXIM,0.0025,4200000,2026-08-06T12:39:11
AXIN,0.012254000000000001,650000,2026-08-06T12:39:11
AXINU,0.590039,3000,2026-08-06T12:39:11
AXIO,0.0025,250000,2026-08-06T12:39:11
AXLA,0.9942529999999999,60000,2026-08-06T12:39:11
AXLM,0.0025,800000,2026-08-06T12:39:11
AXMA,0.0025,10000,2026-08-06T12:39:11
AXMIF,0.0025,20000,2026-08-06T12:39:11
AXMM,0.0025,3000000,2026-08-06T12:39:11
AXMP,0.0025,55000,2026-08-06T12:39:11
AXNO,0.0025,8000,2026-08-06T12:39:11
AXNVF,0.149476,55000,2026-08-06T12:39:11
AXON,0.00331,850000,2026-08-06T12:39:11
AXP,0.0025,3500000,2026-08-06T12:39:11
AXPWQ,0.0025,750000,2026-08-06T12:39:11
AXR,0.004286,40000,2026-08-06T12:39:11
AXREF,0.057716,2000000,2026-08-06T12:39:11
AXS,0.004081,1300000,2026-08-06T12:39:11
AXS PRE,0.039811,550000,2026-08-06T12:39:11
AXSM,0.004081,1000000,2026-08-06T12:39:11
AXST,0.0025,1400000,2026-08-06T12:39:11
AXTA,0.005232,9000000,2026-08-06T12:39:11
AXTC,0.138095,5000,2026-08-06T12:39:11
AXTG,0.0025,2000,2026-08-06T12:39:11
AXTI,0.0025,3200000,2026-08-06T12:39:11
AXTL,0.32911900000000005,10000,2026-08-06T12:39:11
AXTU,0.355948,200000,2026-08-06T12:39:11
AXTX,0.134631,3600000,2026-08-06T12:39:11
AXVEF,0.004081,100,2026-08-06T12:39:11
AXXA,0.131615,10000000,2026-08-06T12:39:11
AXXDF,0.140565,65000,2026-08-06T12:39:11
AYA,0.008087,200000,2026-08-06T12:39:11
AYALY,0.221989,3000,2026-08-06T12:39:11
AYI,0.004135,450000,2026-08-06T12:39:11
AYRWF,0.015224999999999999,1100000,2026-08-06T12:39:11
AYTU,0.135905,400000,2026-08-06T12:39:11
AYURF,0.0025,250000,2026-08-06T12:39:11
AZ,0.012623,2500000,2026-08-06T12:39:11
AZEMF,0.057623,15000,2026-08-06T12:39:11
AZFL,0.0025,10000000,2026-08-06T12:39:11
AZGFF,0.0025,1500000,2026-08-06T12:39:11
AZGSQ,0.0025,150000,2026-08-06T12:39:11
AZHI,0.0025,4,2026-08-06T12:39:11
AZIO,0.240566,450000,2026-08-06T12:39:11
AZLCZ,0.10832599999999999,1000,2026-08-06T12:39:11
AZMCF,0.079325,13,2026-08-06T12:39:11
AZMTF,0.052831,100000,2026-08-06T12:39:11
AZN,0.002597,1200000,2026-08-06T12:39:11
AZO,0.002782,100000,2026-08-06T12:39:11
AZREF,0.009753,450000,2026-08-06T12:39:11
AZRH,0.0025,70000,2026-08-06T12:39:11
AZTA,0.004142,100000,2026-08-06T12:39:11
AZTD,0.10494300000000001,60000,2026-08-06T12:39:11
AZTR,0.147567,2800000,2026-08-06T12:39:11
AZUL,0.46049500000000004,10000000,2026-08-06T12:39:11
AZURF,0.075516,200000,2026-08-06T12:39:11
AZYY,0.043714,100,2026-08-06T12:39:11
AZZ,0.003592,350000,2026-08-06T12:39:11
AZZTF,0.09751599999999999,500000,2026-08-06T12:39:11
B,0.002522,10000000,2026-08-06T12:39:11
BA,0.0025,9300000,2026-08-06T12:39:11
BA PRA,0.012254000000000001,750000,2026-08-06T12:39:11
BAB,0.022733,150000,2026-08-06T12:39:11
BABA,0.002836,10000000,2026-08-06T12:39:11
BABB,0.0025,100000,2026-08-06T12:39:11
BABO,0.082623,75000,2026-08-06T12:39:11
BABU,0.16487300000000002,70000,2026-08-06T12:39:11
BABW,0.032551000000000004,10000,2026-08-06T12:39:11
BABX,0.034134000000000005,100000,2026-08-06T12:39:11
BABYF,0.034005,350000,2026-08-06T12:39:11
BAC,0.002782,10000000,2026-08-06T12:39:11
BAC PRB,0.032735,15000,2026-08-06T12:39:11
BAC PRE,0.078041,100000,2026-08-06T12:39:11
BAC PRK,0.081835,90000,2026-08-06T12:39:11
BAC PRL,0.012592,45000,2026-08-06T12:39:11
BAC PRM,0.075793,300000,2026-08-06T12:39:11
BAC PRN,0.012381999999999999,350000,2026-08-06T12:39:11
BAC PRO,0.041329000000000005,200000,2026-08-06T12:39:11
BAC PRP,0.02947,100000,2026-08-06T12:39:11
BAC PRQ,0.02392,650000,2026-08-06T12:39:11
BAC PRS,0.06527999999999999,95000,2026-08-06T12:39:11
BACC,0.23552,2400000,2026-08-06T12:39:11
BACCU,0.265289,500,2026-08-06T12:39:11
BACHY,0.0027400000000000002,450000,2026-08-06T12:39:11
BACK,1.080643,150000,2026-08-06T12:39:11
BADEF,0.024447,1700000,2026-08-06T12:39:11
BADVF,0.005265,150000,2026-08-06T12:39:11
BAEA,0.0025,15000,2026-08-06T12:39:11
BAER,0.0034720000000000003,400000,2026-08-06T12:39:11
BAESY,0.0025,350000,2026-08-06T12:39:11
BAFE,0.043376,600000,2026-08-06T12:39:11
BAFN,0.182111,1000,2026-08-06T12:39:11
BAGGF,0.017217,700000,2026-08-06T12:39:11
BAGX,0.004135,10000,2026-08-06T12:39:11
BAGY,0.073145,15000,2026-08-06T12:39:11
BAH,0.002782,1700000,2026-08-06T12:39:11
BAI,0.01614,1100000,2026-08-06T12:39:11
BAIG,0.122881,80000,2026-08-06T12:39:11
BAIV,0.078557,3000,2026-08-06T12:39:11
BAJFF,0.0025,6000,2026-08-06T12:39:11
BAK,0.038707,4400000,2026-08-06T12:39:11
BALI,0.01902,200000,2026-08-06T12:39:11
BALL,0.0025,3700000,2026-08-06T12:39:11
BALQ,0.420209,7000,2026-08-06T12:39:11
BALT,0.024071,1200000,2026-08-06T12:39:11
BALY,0.045521000000000006,10000,2026-08-06T12:39:11
BAM,0.002782,450000,2026-08-06T12:39:11
BAMA,0.10561999999999999,10000,2026-08-06T12:39:11
BAMB,0.117218,10000,2026-08-06T12:39:11
BAMD,0.055554,20000,2026-08-06T12:39:11
BAMG,0.048563,35000,2026-08-06T12:39:11
BAMO,0.076544,20000,2026-08-06T12:39:11
BAMU,0.054201,15000,2026-08-06T12:39:11
BAMV,0.056941,50000,2026-08-06T12:39:11
BAMY,0.102805,25000,2026-08-06T12:39:11
BANC,0.004077,3900000,2026-08-06T12:39:11
BANC PRF,0.019382999999999997,200000,2026-08-06T12:39:11
BAND,0.0025,650000,2026-08-06T12:39:11
BANF,0.004457,250000,2026-08-06T12:39:11
BANI,0.0025,5600000,2026-08-06T12:39:11
BANL,0.120764,25000,2026-08-06T12:39:11
BANR,0.012143999999999999,650000,2026-08-06T12:39:11
BANT,0.0025,5000000,2026-08-06T12:39:11
BANX,0.019042,250000,2026-08-06T12:39:11
BAOB,0.0025,6000,2026-08-06T12:39:11
BAOS,0.088922,60000,2026-08-06T12:39:11
BAP,0.004081,650000,2026-08-06T12:39:11
BAPR,0.012629999999999999,85000,2026-08-06T12:39:11
BAR,0.028791,450000,2026-08-06T12:39:11
BARK,0.016014,25000,2026-08-06T12:39:11
BARZ,0.0025,20000,2026-08-06T12:39:11
BASA,0.127569,1300000,2026-08-06T12:39:11
BASFY,0.039317000000000005,300000,2026-08-06T12:39:11
BASG,0.0025,250000,2026-08-06T12:39:11
BASV,0.017425,45000,2026-08-06T12:39:11
BATL,0.151439,1200000,2026-08-06T12:39:11
BATRA,0.0044340000000000004,30000,2026-08-06T12:39:11
BATRB,0.116358,200,2026-08-06T12:39:11
BATRK,0.003107,600000,2026-08-06T12:39:11
BATT,0.006339,150000,2026-08-06T12:39:11
BATXF,0.034206,10000,2026-08-06T12:39:11
BAUFF,0.048804,2000,2026-08-06T12:39:11
BAUG,0.013607000000000001,30000,2026-08-06T12:39:11
BAVA,0.06232,100,2026-08-06T12:39:11
BAWAY,0.351501,20000,2026-08-06T12:39:11
BAX,0.004137,2600000,2026-08-06T12:39:11
BAXSQ,0.006312,30000,2026-08-06T12:39:11
BAYP,0.0025,2000,2026-08-06T12:39:11
BAYRY,0.017668,1000000,2026-08-06T12:39:11
BB,0.004086,10000000,2026-08-06T12:39:11
BBAG,0.037406,40000,2026-08-06T12:39:11
BBAI,0.014804999999999999,1900000,2026-08-06T12:39:11
BBAL,0.0025,15000,2026-08-06T12:39:11
BBAN,0.0025,8000000,2026-08-06T12:39:11
BBAR,0.021304,1800000,2026-08-06T12:39:11
BBAX,0.048789,100000,2026-08-06T12:39:11
BBB,0.032551000000000004,1000,2026-08-06T12:39:11
BBBI,0.270812,900,2026-08-06T12:39:11
BBBK,0.074784,300,2026-08-06T12:39:11
BBBL,0.038099,700,2026-08-06T12:39:11
BBBMF,0.024987,100000,2026-08-06T12:39:11
BBBS,0.017,1,2026-08-06T12:39:11
BBBT,0.0025,1100000,2026-08-06T12:39:11
BBBXF,0.014705,80000,2026-08-06T12:39:11
BBBY,0.005968,150000,2026-08-06T12:39:11
BBC,0.08821899999999999,30000,2026-08-06T12:39:11
BBCA,0.005489000000000001,100000,2026-08-06T12:39:11
BBCB,0.140801,20000,2026-08-06T12:39:11
BBCP,0.007473,350000,2026-08-06T12:39:11
BBCQ,0.015989,4400000,2026-08-06T12:39:11
BBCQU,0.315113,100,2026-08-06T12:39:11
BBCZ,0.0025,700000,2026-08-06T12:39:11
BBD,0.007529,10000000,2026-08-06T12:39:11
BBDA,0.0025,10000000,2026-08-06T12:39:11
BBDC,0.007072,1400000,2026-08-06T12:39:11
BBDO,0.041456,80000,2026-08-06T12:39:11
BBEM,0.202698,900,2026-08-06T12:39:11
BBEU,0.023079000000000002,65000,2026-08-06T12:39:11
BBGCF,0.171494,25000,2026-08-06T12:39:11
BBGI,0.112109,65000,2026-08-06T12:39:11
BBH,0.003448,100000,2026-08-06T12:39:11
BBHL,0.097461,200,2026-08-06T12:39:11
BBHM,0.094903,20000,2026-08-06T12:39:11
BBHY,0.023455,100000,2026-08-06T12:39:11
BBIB,0.09614800000000001,2000,2026-08-06T12:39:11
BBIG,0.22420600000000002,400000,2026-08-06T12:39:11
BBIN,0.017611,65000,2026-08-06T12:39:11
BBIO,0.00267,3700000,2026-08-06T12:39:11
BBJP,0.031198,100000,2026-08-06T12:39:11
BBKCF,0.019581,3200000,2026-08-06T12:39:11
BBLB,0.0025,100,2026-08-06T12:39:11
BBLC,0.01464,50000,2026-08-06T12:39:11
BBLG,0.138173,200000,2026-08-06T12:39:11
BBLNF,1.446355,200000,2026-08-06T12:39:11
BBLR,0.17626799999999998,35000,2026-08-06T12:39:11
BBLU,0.029636,350000,2026-08-06T12:39:11
BBMC,0.11161099999999999,1000,2026-08-06T12:39:11
BBN,0.004017,250000,2026-08-06T12:39:11
BBNA,0.0025,100,2026-08-06T12:39:11
BBNX,0.004135,450000,2026-08-06T12:39:11
BBOE,0.129991,400,2026-08-06T12:39:11
BBOT,0.013684,3800000,2026-08-06T12:39:11
BBP,0.017667,20000,2026-08-06T12:39:11
BBRE,0.037964000000000005,30000,2026-08-06T12:39:11
BBRRF,0.061794,1200000,2026-08-06T12:39:11
BBRW,0.131615,10000000,2026-08-06T12:39:11
BBSB,0.043155,5000,2026-08-06T12:39:11
BBSC,0.090735,1000,2026-08-06T12:39:11
BBSEY,0.11715999999999999,350000,2026-08-06T12:39:11
BBSI,0.004122,250000,2026-08-06T12:39:11
BBT,0.004289,1000000,2026-08-06T12:39:11
BBTT,0.0025,200000,2026-08-06T12:39:11
BBUC,0.0060750000000000005,150000,2026-08-06T12:39:11
BBUL,0.10291399999999999,4000,2026-08-06T12:39:11
BBUS,0.015888,50000,2026-08-06T12:39:11
BBUZ,0.0025,40000,2026-08-06T12:39:11
BBVA,0.0032040000000000003,1300000,2026-08-06T12:39:11
BBW,0.007033,250000,2026-08-06T12:39:11
BBWI,0.004412,6100000,2026-08-06T12:39:11
BBXIA,0.012563,1000000,2026-08-06T12:39:11
BBXIB,0.159219,3000,2026-08-06T12:39:11
BBY,0.0025,2900000,2026-08-06T12:39:11
BBYY,0.073463,100,2026-08-06T12:39:11
BC,0.0025,950000,2026-08-06T12:39:11
BC PRC,0.082381,40000,2026-08-06T12:39:11
BCAB,0.055605,60000,2026-08-06T12:39:11
BCAL,0.004081,1000000,2026-08-06T12:39:11
BCAP,0.0025,10000000,2026-08-06T12:39:11
BCAR,0.223357,100000,2026-08-06T12:39:11
BCARU,0.713657,10000,2026-08-06T12:39:11
BCAT,0.005693,300000,2026-08-06T12:39:11
BCAX,0.004135,650000,2026-08-06T12:39:11
BCBC,0.0025,300000,2026-08-06T12:39:11
BCBNF,0.152984,50000,2026-08-06T12:39:11
BCBP,0.003444,500000,2026-08-06T12:39:11
BCC,0.0028499999999999997,1100000,2026-08-06T12:39:11
BCCB,0.0025,1000,2026-08-06T12:39:11
BCCC,0.103064,70000,2026-08-06T12:39:11
BCCEF,0.002593,450000,2026-08-06T12:39:11
BCCI,0.0025,800000,2026-08-06T12:39:11
BCCMY,0.0025,1000,2026-08-06T12:39:11
BCCOY,0.0025,2000,2026-08-06T12:39:11
BCCQ,0.012199999999999999,60000,2026-08-06T12:39:11
BCCQU,0.013946,200000,2026-08-06T12:39:11
BCD,0.02804,200000,2026-08-06T12:39:11
BCDA,0.19964099999999999,1100000,2026-08-06T12:39:11
BCDF,0.024073,5000,2026-08-06T12:39:11
BCDS,0.013081,4100000,2026-08-06T12:39:11
BCE,0.004135,9000000,2026-08-06T12:39:11
BCEM,1.601046,4000,2026-08-06T12:39:11
BCFN,0.019561,10000,2026-08-06T12:39:11
BCG,0.324826,150000,2026-08-06T12:39:11
BCGS,1.2990760000000001,3000,2026-08-06T12:39:11
BCH,0.009425,400000,2026-08-06T12:39:11
BCHI,0.013269999999999999,20000,2026-08-06T12:39:11
BCHMY,0.017065,25000,2026-08-06T12:39:11
BCHP,0.057844,150000,2026-08-06T12:39:11
BCHPY,0.020937,10000,2026-08-06T12:39:11
BCHT,0.030805,750000,2026-08-06T12:39:11
BCI,0.028432,350000,2026-08-06T12:39:11
BCIC,0.014511000000000001,500000,2026-08-06T12:39:11
BCII,0.01464,1100000,2026-08-06T12:39:11
BCIL,0.22744,7000,2026-08-06T12:39:11
BCLE,0.0025,2500000,2026-08-06T12:39:11
BCLI,0.029783,300000,2026-08-06T12:39:11
BCLO,0.251635,7000,2026-08-06T12:39:11
BCML,0.004384,85000,2026-08-06T12:39:11
BCMXY,0.006842,400,2026-08-06T12:39:11
BCND,0.0025,1100000,2026-08-06T12:39:11
BCNWF,0.008087,600000,2026-08-06T12:39:11
BCO,0.002516,500000,2026-08-06T12:39:11
BCOMF,0.07594000000000001,2000,2026-08-06T12:39:11
BCOW,0.002782,50000,2026-08-06T12:39:11
BCPC,0.003981,450000,2026-08-06T12:39:11
BCPL,0.043376,450000,2026-08-06T12:39:11
BCPO,0.0025,50000,2026-08-06T12:39:11
BCRD,0.0025,200,2026-08-06T12:39:11
BCRX,0.008138,10000000,2026-08-06T12:39:11
BCS,0.004209,1600000,2026-08-06T12:39:11
BCSF,0.004847000000000001,650000,2026-08-06T12:39:11
BCSM,0.047964,15000,2026-08-06T12:39:11
BCSS,0.011288,4900000,2026-08-06T12:39:11
BCSS U,0.012199999999999999,500,2026-08-06T12:39:11
BCTF,0.008275,100000,2026-08-06T12:39:11
BCTK,0.037964000000000005,50000,2026-08-06T12:39:11
BCTX,0.111287,100000,2026-08-06T12:39:11
BCUCY,0.057116,20000,2026-08-06T12:39:11
BCUS,0.066887,25000,2026-08-06T12:39:11
BCV,0.013656,35000,2026-08-06T12:39:11
BCV PRA,0.046082,35000,2026-08-06T12:39:11
BCX,0.002782,500000,2026-08-06T12:39:11
BCYC,0.008517,3100000,2026-08-06T12:39:11
BDBT,2.514182,30000,2026-08-06T12:39:11
BDC,0.0036520000000000003,500000,2026-08-06T12:39:11
BDCC,0.0025,150000,2026-08-06T12:39:11
BDCI,0.0033239999999999997,1400000,2026-08-06T12:39:11
BDCIU,0.012199999999999999,150000,2026-08-06T12:39:11
BDCM,0.0025,600,2026-08-06T12:39:11
BDCO,0.013892999999999999,100000,2026-08-06T12:39:11
BDCX,0.033904000000000004,6000,2026-08-06T12:39:11
BDCZ,0.27611399999999997,6000,2026-08-06T12:39:11
BDEC,0.10020699999999999,35000,2026-08-06T12:39:11
BDGIF,0.008667000000000001,250000,2026-08-06T12:39:11
BDGR,0.0025,10000000,2026-08-06T12:39:11
BDGS,0.24363900000000002,25000,2026-08-06T12:39:11
BDGY.OLD,0.0025,20,2026-08-06T12:39:11
BDIV,0.040670000000000005,400,2026-08-06T12:39:11
BDJ,0.0085,350000,2026-08-06T12:39:11
BDL,0.36241300000000004,80000,2026-08-06T12:39:11
BDLNF,0.00316,45000,2026-08-06T12:39:11
BDMD,0.43618899999999994,300000,2026-08-06T12:39:11
BDN,0.004082,6800000,2026-08-06T12:39:11
BDNNY,0.099531,55000,2026-08-06T12:39:11
BDORY,0.0055000000000000005,1100000,2026-08-06T12:39:11
BDOUY,0.309077,100000,2026-08-06T12:39:11
BDPT,0.052051,1600000,2026-08-06T12:39:11
BDRAF,0.031198,40000,2026-08-06T12:39:11
BDRBF,0.005092,300000,2026-08-06T12:39:11
BDRFY,0.138095,65000,2026-08-06T12:39:11
BDRLQ,0.0025,350000,2026-08-06T12:39:11
BDRX,1.5865369999999999,40000,2026-08-06T12:39:11
BDRY,0.054935,100000,2026-08-06T12:39:11
BDST,0.768355,400000,2026-08-06T12:39:11
BDSX,0.050579,200000,2026-08-06T12:39:11
BDTX,0.0034200000000000003,650000,2026-08-06T12:39:11
BDVB,0.0025,40000,2026-08-06T12:39:11
BDVL,0.10130499999999999,350000,2026-08-06T12:39:11
BDVSY,0.01496,45000,2026-08-06T12:39:11
BDWBY,0.040583,50000,2026-08-06T12:39:11
BDX,0.004161000000000001,2300000,2026-08-06T12:39:11
BDYN,0.058518,400000,2026-08-06T12:39:11
BE,0.004081,9300000,2026-08-06T12:39:11
BEAG,0.013607000000000001,1500000,2026-08-06T12:39:11
BEAG.OLD,0.0025,10000,2026-08-06T12:39:11
BEAGU,0.013607000000000001,400,2026-08-06T12:39:11
BEAM,0.002561,450000,2026-08-06T12:39:11
BEAT,0.043543000000000005,550000,2026-08-06T12:39:11
BEBE,0.015968,500000,2026-08-06T12:39:11
BEBE U,0.012199999999999999,300,2026-08-06T12:39:11
BEC,0.6299560000000001,3000,2026-08-06T12:39:11
BECC,0.005489000000000001,5000,2026-08-06T12:39:11
BEDY,0.081686,10000,2026-08-06T12:39:11
BEDZ,0.043376,10000,2026-08-06T12:39:11
BEEI,0.0025,1200000,2026-08-06T12:39:11
BEEM,0.22862400000000002,150000,2026-08-06T12:39:11
BEEP,0.028494000000000002,200000,2026-08-06T12:39:11
BEER.OLD1,0.0025,95,2026-08-06T12:39:11
BEG,0.416839,30000,2026-08-06T12:39:11
BEGI,0.0025,250000,2026-08-06T12:39:11
BEGS,0.085323,1000,2026-08-06T12:39:11
BEHL,0.0025,10000000,2026-08-06T12:39:11
BEKE,0.004093,8000000,2026-08-06T12:39:11
BELFA,0.002782,80000,2026-08-06T12:39:11
BELFB,0.0041860000000000005,45000,2026-08-06T12:39:11
BELT,0.154513,600,2026-08-06T12:39:11
BEMB,0.109679,500,2026-08-06T12:39:11
BEN,0.004188,1700000,2026-08-06T12:39:11
BENF,0.294904,55000,2026-08-06T12:39:11
BENJ,1.399207,20000,2026-08-06T12:39:11
BEOB,0.11103199999999999,2000,2026-08-06T12:39:11
BEOLF,0.057497999999999994,5000,2026-08-06T12:39:11
BEP,0.008126,3400000,2026-08-06T12:39:11
BEP PRA,0.340161,45000,2026-08-06T12:39:11
BEPC,0.005390000000000001,100000,2026-08-06T12:39:11
BEPH,0.013988,550000,2026-08-06T12:39:11
BEPI,0.150195,450000,2026-08-06T12:39:11
BEPJ,0.41444000000000003,10000,2026-08-06T12:39:11
BERI,0.0025,6000,2026-08-06T12:39:11
BERLF,0.17052,55000,2026-08-06T12:39:11
BERZ,0.178121,2000,2026-08-06T12:39:11
BESF,0.084985,8000,2026-08-06T12:39:11
BESIY,0.025202,15000,2026-08-06T12:39:11
BESNQ,0.0025,60000,2026-08-06T12:39:11
BESO,0.00609,1000,2026-08-06T12:39:11
BESS,0.018146,100000,2026-08-06T12:39:11
BETA,0.002645,300000,2026-08-06T12:39:11
BETE,0.15162599999999998,10000,2026-08-06T12:39:11
BETH,0.14892,4000,2026-08-06T12:39:11
BETR,0.044074999999999996,75000,2026-08-06T12:39:11
BETRF,0.006916,200000,2026-08-06T12:39:11
BETS,0.0025,350000,2026-08-06T12:39:11
BETSF,0.0025,150000,2026-08-06T12:39:11
BETZ,0.0025,40000,2026-08-06T12:39:11
BEVFF,0.030941999999999997,4000,2026-08-06T12:39:11
BEVVF,0.0025,1600000,2026-08-06T12:39:11
BEX,0.040382999999999995,850000,2026-08-06T12:39:11
BEZ,1.4483709999999999,65000,2026-08-06T12:39:11
BF A,0.009082,150000,2026-08-06T12:39:11
BF B,0.004089,450000,2026-08-06T12:39:11
BFAM,0.0041860000000000005,850000,2026-08-06T12:39:11
BFC,0.004135,10000,2026-08-06T12:39:11
BFCC,0.061535,1000,2026-08-06T12:39:11
BFCH,0.01464,6000,2026-08-06T12:39:11
BFEB,0.003017,10000,2026-08-06T12:39:11
BFH,0.004089,700000,2026-08-06T12:39:11
BFH PRA,0.044781,20000,2026-08-06T12:39:11
BFH PRB,0.086572,10000,2026-08-06T12:39:11
BFHJ,0.0025,35000,2026-08-06T12:39:11
BFICQ,1.077164,1100000,2026-08-06T12:39:11
BFIT.OLD,0.0025,9000,2026-08-06T12:39:11
BFIX,0.28674499999999997,3000,2026-08-06T12:39:11
BFLBY,0.094903,3000,2026-08-06T12:39:11
BFLS,0.0025,1300000,2026-08-06T12:39:11
BFLX,0.02626,95000,2026-08-06T12:39:11
BFLY,0.002782,1200000,2026-08-06T12:39:11
BFNH,0.18317,1000,2026-08-06T12:39:11
BFOC,0.0025,100,2026-08-06T12:39:11
BFOR,0.033453,100000,2026-08-06T12:39:11
BFRE.OLD,0.0025,60000,2026-08-06T12:39:11
BFRG,0.280173,2400000,2026-08-06T12:39:11
BFRI,0.069659,500000,2026-08-06T12:39:11
BFRZ,0.055224999999999996,350000,2026-08-06T12:39:11
BFS,0.004378,250000,2026-08-06T12:39:11
BFS PRD,0.081264,35000,2026-08-06T12:39:11
BFS PRE,0.368465,20000,2026-08-06T12:39:11
BFST,0.004574,350000,2026-08-06T12:39:11
BFYW,0.01464,100000,2026-08-06T12:39:11
BG,0.002843,500000,2026-08-06T12:39:11
BGAOY,0.0025,30000,2026-08-06T12:39:11
BGB,0.04048,300000,2026-08-06T12:39:11
BGBR,0.0025,1500000,2026-08-06T12:39:11
BGC,0.004102,7400000,2026-08-06T12:39:11
BGCG,0.037287,35000,2026-08-06T12:39:11
BGDE,0.32382399999999995,150000,2026-08-06T12:39:11
BGDFF,0.171059,3000,2026-08-06T12:39:11
BGDV,0.028784999999999998,150000,2026-08-06T12:39:11
BGEM,0.0025,600000,2026-08-06T12:39:11
BGGG,0.14892,65000,2026-08-06T12:39:11
BGH,0.034172,100000,2026-08-06T12:39:11
BGI,1.139407,200000,2026-08-06T12:39:11
BGIA,1.112345,100,2026-08-06T12:39:11
BGIG,0.025604000000000002,40000,2026-08-06T12:39:11
BGIN,0.142646,800000,2026-08-06T12:39:11
BGL,0.859066,1100000,2026-08-06T12:39:11
BGLC,0.064775,65000,2026-08-06T12:39:11
BGLD,0.005581,5000,2026-08-06T12:39:11
BGM,0.051632,950000,2026-08-06T12:39:11
BGMO,0.0025,1800000,2026-08-06T12:39:11
BGMS,1.4215989999999998,250000,2026-08-06T12:39:11
BGMSP,0.162335,2000,2026-08-06T12:39:11
BGOI,0.0025,7500000,2026-08-06T12:39:11
BGR,0.0414,100000,2026-08-06T12:39:11
BGRN,0.016384,30000,2026-08-06T12:39:11
BGRP,0.0025,700000,2026-08-06T12:39:11
BGS,0.014032,1100000,2026-08-06T12:39:11
BGSF,0.004038,250000,2026-08-06T12:39:11
BGSI,0.0063690000000000005,200000,2026-08-06T12:39:11
BGT,0.004987,150000,2026-08-06T12:39:11
BGTK,0.0025,9700000,2026-08-06T12:39:11
BGTTF,0.0065780000000000005,55000,2026-08-06T12:39:11
BGX,0.01157,150000,2026-08-06T12:39:11
BGXCF,0.002782,10000,2026-08-06T12:39:11
BGXXQ,0.082902,300000,2026-08-06T12:39:11
BGY,0.006951000000000001,350000,2026-08-06T12:39:11
BH,0.005067,45000,2026-08-06T12:39:11
BH A,0.008001000000000001,1000,2026-08-06T12:39:11
BHATF,0.627443,100000,2026-08-06T12:39:11
BHAV,0.12468299999999999,400000,2026-08-06T12:39:11
BHAVU,0.012199999999999999,300,2026-08-06T12:39:11
BHB,0.004095,100000,2026-08-06T12:39:11
BHC,0.0041010000000000005,10000000,2026-08-06T12:39:11
BHCG,0.0025,15000,2026-08-06T12:39:11
BHDB,0.11103199999999999,800,2026-08-06T12:39:11
BHE,0.003865,650000,2026-08-06T12:39:11
BHF,0.0025,2900000,2026-08-06T12:39:11
BHFAL,0.083285,750000,2026-08-06T12:39:11
BHFAM,0.082982,700000,2026-08-06T12:39:11
BHFAN,0.066771,1000000,2026-08-06T12:39:11
BHFAO,0.093803,350000,2026-08-06T12:39:11
BHFAP,0.08117800000000001,300000,2026-08-06T12:39:11
BHILQ,0.047244,85000,2026-08-06T12:39:11
BHK,0.006396,250000,2026-08-06T12:39:11
BHKLY,0.147567,15000,2026-08-06T12:39:11
BHLL,0.057095,55000,2026-08-06T12:39:11
BHLL.USD,0.0025,3000,2026-08-06T12:39:11
BHM,0.0059960000000000005,500000,2026-08-06T12:39:11
BHOOY,0.0025,1000,2026-08-06T12:39:11
BHP,0.008399,300000,2026-08-06T12:39:11
BHR,0.011742999999999998,6400000,2026-08-06T12:39:11
BHR PRB,0.960795,85000,2026-08-06T12:39:11
BHR PRD,0.038537,100000,2026-08-06T12:39:11
BHRB,0.004131,100000,2026-08-06T12:39:11
BHSIF,0.006039,2700000,2026-08-06T12:39:11
BHST,0.004135,150000,2026-08-06T12:39:11
BHUB,0.0025,5400000,2026-08-06T12:39:11
BHV,0.669873,4000,2026-08-06T12:39:11
BHVN,0.004135,5800000,2026-08-06T12:39:11
BHWX,0.0025,500000,2026-08-06T12:39:11
BHYB,0.055137,600,2026-08-06T12:39:11
BHYP,0.033145,300000,2026-08-06T12:39:11
BIAD,0.0025,100000,2026-08-06T12:39:11
BIAF,0.329658,150000,2026-08-06T12:39:11
BIB,0.098015,4000,2026-08-06T12:39:11
BIBL,0.047436,400000,2026-08-06T12:39:11
BICB,0.0025,100000,2026-08-06T12:39:11
BICEY,1.326139,15000,2026-08-06T12:39:11
BICX,0.0033239999999999997,15000,2026-08-06T12:39:11
BID,0.14892,800000,2026-08-06T12:39:11
BIDCF,0.01464,45000,2026-08-06T12:39:11
BIDD,0.040637,45000,2026-08-06T12:39:11
BIDG,0.115809,55000,2026-08-06T12:39:11
BIDU,0.004135,2200000,2026-08-06T12:39:11
BIDWU,0.148812,10000,2026-08-06T12:39:11
BIEI,0.21104900000000001,10000000,2026-08-06T12:39:11
BIEL,0.0025,10000000,2026-08-06T12:39:11
BIFC,0.0025,100000,2026-08-06T12:39:11
BIGG,0.0025,1000000,2026-08-06T12:39:11
BIGGQ,0.090443,700000,2026-08-06T12:39:11
BIGY,0.10832599999999999,10000,2026-08-06T12:39:11
BIIB,0.0025819999999999997,2000000,2026-08-06T12:39:11
BIII,0.013607000000000001,450000,2026-08-06T12:39:11
BIII U,0.14892,5000,2026-08-06T12:39:11
BIIO,0.0025,100,2026-08-06T12:39:11
BIL,0.003499,8300000,2026-08-06T12:39:11
BILB,0.0025,1400000,2026-08-06T12:39:11
BILD,0.13944800000000002,3000,2026-08-06T12:39:11
BILI,0.007692,4300000,2026-08-06T12:39:11
BILL,0.0025,6800000,2026-08-06T12:39:11
BILS,0.0042,350000,2026-08-06T12:39:11
BILT,0.270971,15000,2026-08-06T12:39:11
BILZ,0.012296,60000,2026-08-06T12:39:11
BIMI,0.076427,150000,2026-08-06T12:39:11
BINC,0.017464,850000,2026-08-06T12:39:11
BINI,2.03589,550000,2026-08-06T12:39:11
BINT,1.6400640000000002,25000,2026-08-06T12:39:11
BINV,0.050179999999999995,150000,2026-08-06T12:39:11
BIO,0.004018,300000,2026-08-06T12:39:11
BIOA,0.004361,450000,2026-08-06T12:39:11
BIOAF,0.0025,750000,2026-08-06T12:39:11
BIOCQ,0.0025,55000,2026-08-06T12:39:11
BIOE,0.0025,85000,2026-08-06T12:39:11
BIOF,0.133474,1100000,2026-08-06T12:39:11
BIOIF,0.019187,200000,2026-08-06T12:39:11
BIOLQ,0.19547799999999999,1700000,2026-08-06T12:39:11
BIOM,0.0033239999999999997,9000,2026-08-06T12:39:11
BIONQ,0.0025,1700000,2026-08-06T12:39:11
BIOQ,0.0025,400,2026-08-06T12:39:11
BIORQ,0.035814,85000,2026-08-06T12:39:11
BIOT,0.105875,450000,2026-08-06T12:39:11
BIOX,0.02162,700000,2026-08-06T12:39:11
BIOY,1.364026,300,2026-08-06T12:39:11
BIOYF,0.22092099999999998,70000,2026-08-06T12:39:11
BIP,0.005312,4700000,2026-08-06T12:39:11
BIP PRA,0.15758,65000,2026-08-06T12:39:11
BIP PRB,0.117873,30000,2026-08-06T12:39:11
BIPC,0.004141000000000001,100000,2026-08-06T12:39:11
BIPH,0.039317000000000005,150000,2026-08-06T12:39:11
BIPI,0.009548,300000,2026-08-06T12:39:11
BIPJ,0.11365299999999999,15000,2026-08-06T12:39:11
BIQIF,0.0025,150000,2026-08-06T12:39:11
BIRD,0.095304,450000,2026-08-06T12:39:11
BIRDF,0.028492000000000003,1400000,2026-08-06T12:39:11
BIREF,0.004135,4900000,2026-08-06T12:39:11
BIRK,0.130268,100000,2026-08-06T12:39:11
BIS,0.508174,4000,2026-08-06T12:39:11
BISA,0.0025,65000,2026-08-06T12:39:11
BIT,0.008622,200000,2026-08-06T12:39:11
BITA,0.050974000000000005,2000,2026-08-06T12:39:11
BITB,0.011127,3800000,2026-08-06T12:39:11
BITC,0.008635,15000,2026-08-06T12:39:11
BITI,0.095978,45000,2026-08-06T12:39:11
BITO,0.022681,2800000,2026-08-06T12:39:11
BITQ,0.01496,100000,2026-08-06T12:39:11
BITS,0.01045,2000,2026-08-06T12:39:11
BITTF,0.056114,1500000,2026-08-06T12:39:11
BITU,0.062793,800000,2026-08-06T12:39:11
BITW,0.10561999999999999,350000,2026-08-06T12:39:11
BITX,0.0056240000000000005,3400000,2026-08-06T12:39:11
BITY,0.038551,20000,2026-08-06T12:39:11
BIV,0.006618000000000001,1100000,2026-08-06T12:39:11
BIVI,1.253169,10000,2026-08-06T12:39:11
BIXI,0.012199999999999999,600000,2026-08-06T12:39:11
BIXIU,0.013607000000000001,5000,2026-08-06T12:39:11
BIXT,0.0025,950000,2026-08-06T12:39:11
BIZD,0.035425,450000,2026-08-06T12:39:11
BIZZ,0.0025,1400000,2026-08-06T12:39:11
BJ,0.002858,1900000,2026-08-06T12:39:11
BJAN,0.037964000000000005,100000,2026-08-06T12:39:11
BJAYG,0.292553,35000,2026-08-06T12:39:11
BJCHY,0.0025,3000,2026-08-06T12:39:11
BJRI,0.00385,300000,2026-08-06T12:39:11
BJUL,0.053468999999999996,1000,2026-08-06T12:39:11
BJUN,0.035512999999999996,150000,2026-08-06T12:39:11
BKAG,0.012254000000000001,45000,2026-08-06T12:39:11
BKCG,0.025027,5000,2026-08-06T12:39:11
BKCI,0.024432,50000,2026-08-06T12:39:11
BKCT,0.0025,200000,2026-08-06T12:39:11
BKD,0.0033,6400000,2026-08-06T12:39:11
BKDV,0.055073,250000,2026-08-06T12:39:11
BKE,0.0025440000000000003,600000,2026-08-06T12:39:11
BKEAY,0.143399,5000,2026-08-06T12:39:11
BKEM,0.042849000000000005,20000,2026-08-06T12:39:11
BKEN,0.0025,1700000,2026-08-06T12:39:11
BKF,0.0025,8000,2026-08-06T12:39:11
BKFL,0.0025,15000,2026-08-06T12:39:11
BKGFY,0.12427300000000001,25000,2026-08-06T12:39:11
BKGI,0.17057,85000,2026-08-06T12:39:11
BKH,0.0025,950000,2026-08-06T12:39:11
BKHA,0.044675,100,2026-08-06T12:39:11
BKHAU,0.094795,100,2026-08-06T12:39:11
BKHY,0.088755,9000,2026-08-06T12:39:11
BKHYY,0.14923999999999998,2000,2026-08-06T12:39:11
BKIE,0.011101000000000001,600,2026-08-06T12:39:11
BKIRF,0.016283000000000002,700000,2026-08-06T12:39:11
BKKLY,5.163601,9000,2026-08-06T12:39:11
BKKN,0.0025,1000000,2026-08-06T12:39:11
BKKT,0.014828,450000,2026-08-06T12:39:11
BKLC,0.023638,450000,2026-08-06T12:39:11
BKLIF,0.049713,5000,2026-08-06T12:39:11
BKLN,0.002984,4500000,2026-08-06T12:39:11
BKMC,0.047435,2000,2026-08-06T12:39:11
BKMG,0.0025,4000,2026-08-06T12:39:11
BKMI,0.007849,300,2026-08-06T12:39:11
BKMM,0.0025,40000,2026-08-06T12:39:11
BKMP,0.0025,10000000,2026-08-06T12:39:11
BKMS,0.0025,3000,2026-08-06T12:39:11
BKNG,0.004056000000000001,7300000,2026-08-06T12:39:11
BKNIY,0.012525,100000,2026-08-06T12:39:11
BKOR,0.0025,700,2026-08-06T12:39:11
BKQNY,0.0025,100,2026-08-06T12:39:11
BKR,0.0028020000000000002,10000000,2026-08-06T12:39:11
BKRIY,0.061071,300000,2026-08-06T12:39:11
BKRKY,0.040462,300000,2026-08-06T12:39:11
BKRRF,0.014705,4800000,2026-08-06T12:39:11
BKRSQ,0.0025,450000,2026-08-06T12:39:11
BKSC,0.30091999999999997,45000,2026-08-06T12:39:11
BKSE,0.058468,90000,2026-08-06T12:39:11
BKSH,0.0025,100,2026-08-06T12:39:11
BKSY,0.0034549999999999997,400000,2026-08-06T12:39:11
BKT,0.0051649999999999995,150000,2026-08-06T12:39:11
BKTH,0.109877,80000,2026-08-06T12:39:11
BKTI,0.004606,70000,2026-08-06T12:39:11
BKTPF,0.0025,2100000,2026-08-06T12:39:11
BKTSF,0.0025,900000,2026-08-06T12:39:11
BKU,0.0039629999999999995,1200000,2026-08-06T12:39:11
BKUCF,0.017563,3100000,2026-08-06T12:39:11
BKUI,0.050142,20000,2026-08-06T12:39:11
BKUT,0.109679,100,2026-08-06T12:39:11
BKUTK,0.111653,15000,2026-08-06T12:39:11
BKV,0.004253,1400000,2026-08-06T12:39:11
BKYI,0.825258,30000,2026-08-06T12:39:11
BL,0.003459,700000,2026-08-06T12:39:11
BLAGF,0.133239,650000,2026-08-06T12:39:11
BLAK,0.0025,1700000,2026-08-06T12:39:11
BLBD,0.004271,200000,2026-08-06T12:39:11
BLBK,0.0025,35000,2026-08-06T12:39:11
BLBR,0.0025,900,2026-08-06T12:39:11
BLCK,0.10020699999999999,5000,2026-08-06T12:39:11
BLCO,0.006371,1600000,2026-08-06T12:39:11
BLCR,0.042023000000000005,500000,2026-08-06T12:39:11
BLCS,0.012199999999999999,1000,2026-08-06T12:39:11
BLCV,0.003382,150000,2026-08-06T12:39:11
BLDG,0.070328,20000,2026-08-06T12:39:11
BLDP,0.005547,4100000,2026-08-06T12:39:11
BLDR,0.002782,850000,2026-08-06T12:39:11
BLDV,0.0025,10000000,2026-08-06T12:39:11
BLDX,0.040670000000000005,6000,2026-08-06T12:39:11
BLEG,0.0025,10000,2026-08-06T12:39:11
BLES,0.04771,55000,2026-08-06T12:39:11
BLEVF,0.0025,3700000,2026-08-06T12:39:11
BLFBY,0.975679,5000,2026-08-06T12:39:11
BLFE,0.0025,2000,2026-08-06T12:39:11
BLFE.OLD1,0.0025,1000,2026-08-06T12:39:11
BLFR,0.0025,5000,2026-08-06T12:39:11
BLFS,0.0025,1600000,2026-08-06T12:39:11
BLGI,0.0025,2000,2026-08-06T12:39:11
BLGO,0.116136,3100000,2026-08-06T12:39:11
BLGR,0.6129330000000001,2000,2026-08-06T12:39:11
BLHI,0.0025,200000,2026-08-06T12:39:11
BLHK,0.004198,6000,2026-08-06T12:39:11
BLIAQ,0.003107,150000,2026-08-06T12:39:11
BLIN,0.033904000000000004,300000,2026-08-06T12:39:11
BLIS,0.003242,1400000,2026-08-06T12:39:11
BLIV,0.057241999999999994,150000,2026-08-06T12:39:11
BLK,0.0025,950000,2026-08-06T12:39:11
BLKB,0.0050609999999999995,550000,2026-08-06T12:39:11
BLKCF,0.058545999999999994,1100000,2026-08-06T12:39:11
BLKG,0.0025,10000000,2026-08-06T12:39:11
BLLB,0.0025,10000000,2026-08-06T12:39:11
BLLN,0.004135,550000,2026-08-06T12:39:11
BLLN.OLD,0.0025,2600000,2026-08-06T12:39:11
BLMC,0.0025,20000,2026-08-06T12:39:11
BLMH,0.065041,45000,2026-08-06T12:39:11
BLMN,0.004175,2800000,2026-08-06T12:39:11
BLMOY,0.12321,100,2026-08-06T12:39:11
BLMS,0.0025,2600000,2026-08-06T12:39:11
BLMWF,0.023885,30000,2026-08-06T12:39:11
BLMZF,0.16233899999999998,300000,2026-08-06T12:39:11
BLNC,0.0025,7000,2026-08-06T12:39:11
BLND,0.0034820000000000003,1600000,2026-08-06T12:39:11
BLNE,0.06670899999999999,750000,2026-08-06T12:39:11
BLNH,0.0025,100,2026-08-06T12:39:11
BLNK,0.005647,1200000,2026-08-06T12:39:11
BLOK,0.011627,85000,2026-08-06T12:39:11
BLOX,0.054618,350000,2026-08-06T12:39:11
BLOZF,0.045556,2100000,2026-08-06T12:39:11
BLPFF,0.01464,800000,2026-08-06T12:39:11
BLPG,0.0025,55000,2026-08-06T12:39:11
BLPT,0.0025,9000,2026-08-06T12:39:11
BLQC,0.159219,4600000,2026-08-06T12:39:11
BLQN,0.0025,200000,2026-08-06T12:39:11
BLRK,0.029845,450000,2026-08-06T12:39:11
BLRKU,0.617101,20000,2026-08-06T12:39:11
BLRVQ,0.0025,30000,2026-08-06T12:39:11
BLRX,0.36947899999999995,100000,2026-08-06T12:39:11
BLSFY,0.14892,200,2026-08-06T12:39:11
BLSG,0.09359400000000001,55000,2026-08-06T12:39:11
BLSH,0.0058330000000000005,550000,2026-08-06T12:39:11
BLSP,0.133109,10000000,2026-08-06T12:39:11
BLSRF,0.141357,4000,2026-08-06T12:39:11
BLST,0.49565,5000,2026-08-06T12:39:11
BLTA,0.0025,10000000,2026-08-06T12:39:11
BLTD,0.744295,7000,2026-08-06T12:39:11
BLTE,0.0050609999999999995,250000,2026-08-06T12:39:11
BLTH,0.0033239999999999997,10000,2026-08-06T12:39:11
BLTO,0.0025,3000,2026-08-06T12:39:11
BLUAF,0.01464,1000,2026-08-06T12:39:11
BLUC,2.5737200000000002,2000,2026-08-06T12:39:11
BLUF,0.0025,2700000,2026-08-06T12:39:11
BLUGF,0.25700500000000004,5000,2026-08-06T12:39:11
BLUI,0.136742,100,2026-08-06T12:39:11
BLUU,0.0025,10000000,2026-08-06T12:39:11
BLUW,0.012199999999999999,1700000,2026-08-06T12:39:11
BLUWU,0.013607000000000001,100,2026-08-06T12:39:11
BLUX,1.169176,10000,2026-08-06T12:39:11
BLV,0.007286,2700000,2026-08-06T12:39:11
BLVDF,0.0025,100,2026-08-06T12:39:11
BLVE,0.0025,900,2026-08-06T12:39:11
BLW,0.005304,100000,2026-08-06T12:39:11
BLX,0.005463,350000,2026-08-06T12:39:11
BLYO,0.0025,25000,2026-08-06T12:39:11
BLZE,0.038003,750000,2026-08-06T12:39:11
BLZE.OLD1,0.010944,500000,2026-08-06T12:39:11
BLZR,0.05826,1200000,2026-08-06T12:39:11
BLZRU,0.013607000000000001,350000,2026-08-06T12:39:11
BMA,0.006808999999999999,500000,2026-08-06T12:39:11
BMAR,0.023724,5000,2026-08-06T12:39:11
BMAY,0.088707,10000,2026-08-06T12:39:11
BMBL,0.0041849999999999995,9000000,2026-08-06T12:39:11
BMBN,0.133239,7000,2026-08-06T12:39:11
BMBOY,0.074498,4000,2026-08-06T12:39:11
BMCS,0.0025,45000,2026-08-06T12:39:11
BMD,0.0075,200,2026-08-06T12:39:11
BME,0.012164,70000,2026-08-06T12:39:11
BMEA,0.015466,1200000,2026-08-06T12:39:11
BMEZ,0.004298,200000,2026-08-06T12:39:11
BMGL,0.476922,40000,2026-08-06T12:39:11
BMGP,0.0025,1400000,2026-08-06T12:39:11
BMHL,0.039683,550000,2026-08-06T12:39:11
BMI,0.004135,150000,2026-08-06T12:39:11
BMKDF,0.009834,50000,2026-08-06T12:39:11
BML PRG,0.042023000000000005,60000,2026-08-06T12:39:11
BML PRH,0.013904000000000001,60000,2026-08-06T12:39:11
BML PRJ,0.08529099999999999,15000,2026-08-06T12:39:11
BML PRL,0.08434,55000,2026-08-06T12:39:11
BMM,0.04383600000000001,750000,2026-08-06T12:39:11
BMMJ,0.142981,700000,2026-08-06T12:39:11
BMN,0.007944,600,2026-08-06T12:39:11
BMNG,0.171698,85000,2026-08-06T12:39:11
BMNM,0.0033239999999999997,35000,2026-08-06T12:39:11
BMNP,0.081082,70000,2026-08-06T12:39:11
BMNR,0.002783,10000000,2026-08-06T12:39:11
BMNU,0.083096,70000,2026-08-06T12:39:11
BMNZ,1.09226,250000,2026-08-06T12:39:11
BMO,0.005328,10000000,2026-08-06T12:39:11
BMOP,0.015366,2000,2026-08-06T12:39:11
BMPA,0.0025,25000,2026-08-06T12:39:11
BMPSY,0.040198,100000,2026-08-06T12:39:11
BMR,0.016998,400000,2026-08-06T12:39:11
BMRA,0.009064,100000,2026-08-06T12:39:11
BMRC,0.009494,500000,2026-08-06T12:39:11
BMRN,0.004019,3800000,2026-08-06T12:39:11
BMRRY,0.0025,20000,2026-08-06T12:39:11
BMSPF,0.0025,1000000,2026-08-06T12:39:11
BMTM,0.0025,1500000,2026-08-06T12:39:11
BMVP,0.033904000000000004,10000,2026-08-06T12:39:11
BMVVF,0.022824,4000,2026-08-06T12:39:11
BMWKY,0.055614,60000,2026-08-06T12:39:11
BMXC,0.191694,300,2026-08-06T12:39:11
BMXI,0.0025,2100000,2026-08-06T12:39:11
BMXXY,0.0025,500,2026-08-06T12:39:11
BMY,0.002607,10000000,2026-08-06T12:39:11
BN,0.003941,10000000,2026-08-06T12:39:11
BNAI,0.569476,100000,2026-08-06T12:39:11
BNBX,0.496834,250000,2026-08-06T12:39:11
BNC,0.00435,1900000,2026-08-06T12:39:11
BNCC,0.006421,80000,2026-08-06T12:39:11
BNCDY,0.046467999999999995,1000,2026-08-06T12:39:11
BND,0.0025,6100000,2026-08-06T12:39:11
BNDC,0.097501,15000,2026-08-06T12:39:11
BNDD,0.002782,1000,2026-08-06T12:39:11
BNDP,0.043376,15000,2026-08-06T12:39:11
BNDS,0.101878,30000,2026-08-06T12:39:11
BNDSY,0.043376,10000,2026-08-06T12:39:11
BNDW,0.010882000000000001,350000,2026-08-06T12:39:11
BNDX,0.006291,6800000,2026-08-06T12:39:11
BNDY,0.104351,2000,2026-08-06T12:39:11
BNED,0.007514999999999999,850000,2026-08-06T12:39:11
BNEFF,0.088848,500000,2026-08-06T12:39:11
BNET,0.0025,75000,2026-08-06T12:39:11
BNGE,0.097501,10000,2026-08-06T12:39:11
BNGI,0.0025,10000000,2026-08-06T12:39:11
BNGLF,0.15753,150000,2026-08-06T12:39:11
BNGO,0.058282,200000,2026-08-06T12:39:11
BNH,0.050214,450000,2026-08-06T12:39:11
BNJ,0.11712099999999999,150000,2026-08-06T12:39:11
BNKK,0.10986000000000001,250000,2026-08-06T12:39:11
BNKU,0.090735,3000,2026-08-06T12:39:11
BNL,0.0025,1200000,2026-08-06T12:39:11
BNO,0.015371,550000,2026-08-06T12:39:11
BNOV,0.097501,10000,2026-08-06T12:39:11
BNPQY,0.005489000000000001,600000,2026-08-06T12:39:11
BNR,0.027139000000000003,500000,2026-08-06T12:39:11
BNRG,0.6209830000000001,250000,2026-08-06T12:39:11
BNS,0.004135,10000000,2026-08-06T12:39:11
BNSOF,1.8674039999999998,25000,2026-08-06T12:39:11
BNT,0.017447999999999998,250000,2026-08-06T12:39:11
BNTC,0.004986,300000,2026-08-06T12:39:11
BNTGY,0.043376,90000,2026-08-06T12:39:11
BNTX,0.004135,1500000,2026-08-06T12:39:11
BNVIF,0.010483,25000,2026-08-06T12:39:11
BNXR,0.0025,300000,2026-08-06T12:39:11
BNXTF,0.13155,15000,2026-08-06T12:39:11
BNY,0.004081,6400000,2026-08-06T12:39:11
BNY PRK,0.071622,30000,2026-08-06T12:39:11
BNYN,0.0025,10000000,2026-08-06T12:39:11
BNZI,0.353743,95000,2026-08-06T12:39:11
BOAT,0.031568,25000,2026-08-06T12:39:11
BOBP,0.040670000000000005,100,2026-08-06T12:39:11
BOBS,0.0071519999999999995,200000,2026-08-06T12:39:11
BOC,0.00517,1300000,2026-08-06T12:39:11
BOCT,0.0039700000000000004,55000,2026-08-06T12:39:11
BOCX,0.0025,100000,2026-08-06T12:39:11
BODI,0.002782,200000,2026-08-06T12:39:11
BOE,0.002976,100000,2026-08-06T12:39:11
BOEG,0.046378,100000,2026-08-06T12:39:11
BOEU,0.06482199999999999,90000,2026-08-06T12:39:11
BOF,0.01902,850000,2026-08-06T12:39:11
BOH,0.0025,300000,2026-08-06T12:39:11
BOH PRA,0.053217999999999994,200000,2026-08-06T12:39:11
BOH PRB,0.09504099999999999,15000,2026-08-06T12:39:11
BOIL,0.053498000000000004,1100000,2026-08-06T12:39:11
BOKF,0.0026190000000000002,200000,2026-08-06T12:39:11
BOLB,0.0025,100,2026-08-06T12:39:11
BOLBP,0.0025,55000,2026-08-06T12:39:11
BOLD,0.047435,1500000,2026-08-06T12:39:11
BOLSY,0.082547,1600000,2026-08-06T12:39:11
BOLT,0.032551000000000004,100000,2026-08-06T12:39:11
BOLV,0.0025,3900000,2026-08-06T12:39:11
BOMO,0.0025,3600000,2026-08-06T12:39:11
BON,0.086676,250000,2026-08-06T12:39:11
BOND,0.008103,400000,2026-08-06T12:39:11
BONI,0.0025,500000,2026-08-06T12:39:11
BONL,0.0025,30000,2026-08-06T12:39:11
BONTQ,0.0025,20000,2026-08-06T12:39:11
BONU,0.0025,10000000,2026-08-06T12:39:11
BONXF,0.193046,900000,2026-08-06T12:39:11
BOOM,0.013796,700000,2026-08-06T12:39:11
BOOT,0.00253,300000,2026-08-06T12:39:11
BOPH,0.0025,25000,2026-08-06T12:39:11
BOPO,0.0025,2000,2026-08-06T12:39:11
BOPT,0.0025,100000,2026-08-06T12:39:11
BORAY,0.0025,1000,2026-08-06T12:39:11
BOREF,0.0025,10000,2026-08-06T12:39:11
BORK,0.0025,3700000,2026-08-06T12:39:11
BORMF,0.041547,25000,2026-08-06T12:39:11
BORR,0.003945000000000001,4200000,2026-08-06T12:39:11
BORT,0.0033239999999999997,500,2026-08-06T12:39:11
BOSC,0.046659,350000,2026-08-06T12:39:11
BOSSY,0.069356,2000,2026-08-06T12:39:11
BOT,0.5078860000000001,550000,2026-08-06T12:39:11
BOTH,0.0025,100,2026-08-06T12:39:11
BOTJ,0.016397,80000,2026-08-06T12:39:11
BOTT,0.061388,45000,2026-08-06T12:39:11
BOTX,0.0025,10000,2026-08-06T12:39:11
BOTY,0.002836,10000,2026-08-06T12:39:11
BOTZ,0.008082,900000,2026-08-06T12:39:11
BOUT,0.022912,20000,2026-08-06T12:39:11
BOUYY,0.043376,350000,2026-08-06T12:39:11
BOW,0.01496,1000000,2026-08-06T12:39:11
BOWFF,0.003677,100000,2026-08-06T12:39:11
BOX,0.004081,2500000,2026-08-06T12:39:11
BOXA,0.058973000000000005,15000,2026-08-06T12:39:11
BOXDQ,0.127562,800000,2026-08-06T12:39:11
BOXL,0.948334,25000,2026-08-06T12:39:11
BOXX,0.002566,10000000,2026-08-06T12:39:11
BP,0.0025,5500000,2026-08-06T12:39:11
BPAC,0.259876,100000,2026-08-06T12:39:11
BPACU,0.012199999999999999,5000,2026-08-06T12:39:11
BPAY,0.138293,25000,2026-08-06T12:39:11
BPH,0.050412,2000,2026-08-06T12:39:11
BPHLY,0.134135,9000,2026-08-06T12:39:11
BPI,0.097501,7000,2026-08-06T12:39:11
BPIGF,0.0025,1300000,2026-08-06T12:39:11
BPLT,0.0025,50000,2026-08-06T12:39:11
BPOP,0.004081,1800000,2026-08-06T12:39:11
BPOPM,0.062861,15000,2026-08-06T12:39:11
BPOPO,0.0025,2000,2026-08-06T12:39:11
BPOSY,0.0025,6000,2026-08-06T12:39:11
BPRE,0.0025,3500000,2026-08-06T12:39:11
BPRN,0.016314,150000,2026-08-06T12:39:11
BPRO,0.056907,35000,2026-08-06T12:39:11
BPRT,0.0025,2000,2026-08-06T12:39:11
BPTH,0.6816599999999999,300000,2026-08-06T12:39:11
BPTSY,3.618935,5000,2026-08-06T12:39:11
BPYPM,0.17214300000000002,150000,2026-08-06T12:39:11
BPYPN,0.066493,350000,2026-08-06T12:39:11
BPYPO,0.042294,200000,2026-08-06T12:39:11
BPYPP,0.111156,150000,2026-08-06T12:39:11
BQ,0.685176,250000,2026-08-06T12:39:11
BQHG,0.0025,8000,2026-08-06T12:39:11
BR,0.0025,1400000,2026-08-06T12:39:11
BRAG,0.007030999999999999,1000000,2026-08-06T12:39:11
BRAI,9.847339,8000,2026-08-06T12:39:11
BRAV,0.0025,10000000,2026-08-06T12:39:11
BRAXF,0.0025,2400000,2026-08-06T12:39:11
BRAZ,0.040670000000000005,100000,2026-08-06T12:39:11
BRBI,0.322318,30000,2026-08-06T12:39:11
BRBI.OLD,0.0025,800,2026-08-06T12:39:11
BRBL,0.0025,10000000,2026-08-06T12:39:11
BRBR,0.0038030000000000004,6400000,2026-08-06T12:39:11
BRBS,0.003942,4000000,2026-08-06T12:39:11
BRC,0.004089,350000,2026-08-06T12:39:11
BRCB,0.006567,950000,2026-08-06T12:39:11
BRCC,0.006511,1700000,2026-08-06T12:39:11
BRCNF,0.006182,25000,2026-08-06T12:39:11
BRDCY,0.023008,800000,2026-08-06T12:39:11
BRELY,0.0025,7000,2026-08-06T12:39:11
BRER,0.0025,55000,2026-08-06T12:39:11
BRES,0.008195000000000001,1800000,2026-08-06T12:39:11
BREZ,0.012199999999999999,400000,2026-08-06T12:39:11
BRF,0.040670000000000005,100000,2026-08-06T12:39:11
BRFH,0.024099,150000,2026-08-06T12:39:11
BRGO,0.0025,10000000,2026-08-06T12:39:11
BRGX,0.0025,25000,2026-08-06T12:39:11
BRHI,0.0025,250000,2026-08-06T12:39:11
BRIA,0.18658000000000002,55000,2026-08-06T12:39:11
BRID,0.021057000000000003,40000,2026-08-06T12:39:11
BRIE,1.14695,1000,2026-08-06T12:39:11
BRIF,0.10020699999999999,1000,2026-08-06T12:39:11
BRK A,0.002782,900,2026-08-06T12:39:11
BRK B,0.0025,10000000,2026-08-06T12:39:11
BRKC,0.101223,7000,2026-08-06T12:39:11
BRKH,0.14892,450000,2026-08-06T12:39:11
BRKL,0.003769,2000,2026-08-06T12:39:11
BRKO,0.003107,150000,2026-08-06T12:39:11
BRKR,0.004098,1400000,2026-08-06T12:39:11
BRKRP,0.077204,70000,2026-08-06T12:39:11
BRKU,0.04473099999999999,150000,2026-08-06T12:39:11
BRKW,0.004135,15000,2026-08-06T12:39:11
BRLL,0.0025,10000,2026-08-06T12:39:11
BRLN,0.042023000000000005,55000,2026-08-06T12:39:11
BRLS,3.6399500000000002,10000,2026-08-06T12:39:11
BRLT,0.043376,600000,2026-08-06T12:39:11
BRLXF,0.003735,1000,2026-08-06T12:39:11
BRN,0.042023000000000005,200000,2026-08-06T12:39:11
BRND,0.0025,10000000,2026-08-06T12:39:11
BRNS,0.057425,500000,2026-08-06T12:39:11
BRNY,0.039293,500000,2026-08-06T12:39:11
BRO,0.004131,1500000,2026-08-06T12:39:11
BROE,0.0025,300000,2026-08-06T12:39:11
BROGF,0.246901,40000,2026-08-06T12:39:11
BROS,0.004129,750000,2026-08-06T12:39:11
BRQL,0.0025,15000,2026-08-06T12:39:11
BRQSF,0.087366,250000,2026-08-06T12:39:11
BRR,0.058528000000000004,6600000,2026-08-06T12:39:11
BRRE,0.0025,1000,2026-08-06T12:39:11
BRRLY,0.10616099999999999,65000,2026-08-06T12:39:11
BRRN,0.0025,10000,2026-08-06T12:39:11
BRRR,0.04031799999999999,100000,2026-08-06T12:39:11
BRSE,0.0025,30000,2026-08-06T12:39:11
BRSF,0.0025,200,2026-08-06T12:39:11
BRSHF,0.002782,1100000,2026-08-06T12:39:11
BRSI,0.0025,3000,2026-08-06T12:39:11
BRSL,0.004085,2100000,2026-08-06T12:39:11
BRSP,0.004176,1300000,2026-08-06T12:39:11
BRST,0.0025,100000,2026-08-06T12:39:11
BRSV,0.0025,40000,2026-08-06T12:39:11
BRT,0.002942,300000,2026-08-06T12:39:11
BRTI,0.0025,550000,2026-08-06T12:39:11
BRTMU,0.163804,300000,2026-08-06T12:39:11
BRTR,0.024792,100000,2026-08-06T12:39:11
BRTX,0.17057,1800000,2026-08-06T12:39:11
BRUN,0.018189,2000000,2026-08-06T12:39:11
BRVO,0.0025,10000,2026-08-06T12:39:11
BRW,0.004135,500000,2026-08-06T12:39:11
BRWC,0.136434,100000,2026-08-06T12:39:11
BRX,0.002864,6300000,2026-08-06T12:39:11
BRYN,0.0025,500000,2026-08-06T12:39:11
BRZE,0.003449,700000,2026-08-06T12:39:11
BRZU,0.036922,30000,2026-08-06T12:39:11
BRZV,0.0025,30000,2026-08-06T12:39:11
BSAA,0.036288999999999995,25000,2026-08-06T12:39:11
BSAC,0.002647,250000,2026-08-06T12:39:11
BSAI,0.002782,3000,2026-08-06T12:39:11
BSBK,0.008388,100000,2026-08-06T12:39:11
BSBR,0.033915,500000,2026-08-06T12:39:11
BSCL,0.0025,2000,2026-08-06T12:39:11
BSCQ,0.007274,2300000,2026-08-06T12:39:11
BSCR,0.009866,2900000,2026-08-06T12:39:11
BSCS,0.012126,400000,2026-08-06T12:39:11
BSCT,0.011168,850000,2026-08-06T12:39:11
BSCU,0.031198,200000,2026-08-06T12:39:11
BSCV,0.024319999999999998,10000,2026-08-06T12:39:11
BSCW,0.016314,100000,2026-08-06T12:39:11
BSCX,0.024849,30000,2026-08-06T12:39:11
BSCY,0.047825,100000,2026-08-06T12:39:11
BSCZ,0.040670000000000005,50000,2026-08-06T12:39:11
BSDGY,0.0033239999999999997,4000,2026-08-06T12:39:11
BSEG,0.0033239999999999997,450000,2026-08-06T12:39:11
BSEM,0.350821,200000,2026-08-06T12:39:11
BSENF,0.088423,550000,2026-08-06T12:39:11
BSEP,0.028492000000000003,25000,2026-08-06T12:39:11
BSET,0.012470000000000002,150000,2026-08-06T12:39:11
BSFC,0.069915,10000000,2026-08-06T12:39:11
BSFO,0.0025,15000,2026-08-06T12:39:11
BSHF,0.0025,250000,2026-08-06T12:39:11
BSHI,0.141357,5000,2026-08-06T12:39:11
BSIN,0.025710999999999998,2900000,2026-08-06T12:39:11
BSJQ,0.009955,250000,2026-08-06T12:39:11
BSJR,0.034124,100000,2026-08-06T12:39:11
BSJS,0.055071,350000,2026-08-06T12:39:11
BSJT,0.045445,100000,2026-08-06T12:39:11
BSJU,0.09023099999999999,350000,2026-08-06T12:39:11
BSJV,0.056907,100000,2026-08-06T12:39:11
BSJW,1.363424,70000,2026-08-06T12:39:11
BSJX,0.16598400000000002,600,2026-08-06T12:39:11
BSKCF,0.045556,35000,2026-08-06T12:39:11
BSKO,0.0025,250000,2026-08-06T12:39:11
BSKT,0.0025,400,2026-08-06T12:39:11
BSL,0.054843,70000,2026-08-06T12:39:11
BSLK,0.18309699999999998,100000,2026-08-06T12:39:11
BSM,0.007346,2400000,2026-08-06T12:39:11
BSMC,0.039067,4000,2026-08-06T12:39:11
BSMQ,0.311295,95000,2026-08-06T12:39:11
BSMR,0.34377,150000,2026-08-06T12:39:11
BSMS,0.073118,150000,2026-08-06T12:39:11
BSMT,0.040556,100000,2026-08-06T12:39:11
BSMU,0.011554,100000,2026-08-06T12:39:11
BSMV,0.018061,45000,2026-08-06T12:39:11
BSMW,0.038504000000000004,25000,2026-08-06T12:39:11
BSMY,0.069234,100000,2026-08-06T12:39:11
BSMZ,0.040670000000000005,45000,2026-08-06T12:39:11
BSOL,0.010029,4600000,2026-08-06T12:39:11
BSP,0.07291299999999999,250000,2026-08-06T12:39:11
BSPE.OLD1,0.0025,40000,2026-08-06T12:39:11
BSPK,0.131615,45000,2026-08-06T12:39:11
BSPM,0.131615,25000,2026-08-06T12:39:11
BSR,0.15143399999999999,200,2026-08-06T12:39:11
BSRR,0.0025,100000,2026-08-06T12:39:11
BSSP,0.0025,10000000,2026-08-06T12:39:11
BSSX,0.055747,15000,2026-08-06T12:39:11
BST,0.004272000000000001,150000,2026-08-06T12:39:11
BSTK,0.0035399999999999997,100000,2026-08-06T12:39:11
BSTN,0.0025,650000,2026-08-06T12:39:11
BSTO,0.032612999999999996,150000,2026-08-06T12:39:11
BSTP,0.040670000000000005,10000,2026-08-06T12:39:11
BSTU,0.036159,2000,2026-08-06T12:39:11
BSTZ,0.004135,400000,2026-08-06T12:39:11
BSV,0.0069110000000000005,2300000,2026-08-06T12:39:11
BSVN,0.005579,100000,2026-08-06T12:39:11
BSVN.USD,0.110924,15000,2026-08-06T12:39:11
BSVO,0.011378999999999998,1300000,2026-08-06T12:39:11
BSWGF,0.023615,85000,2026-08-06T12:39:11
BSX,0.0025,10000000,2026-08-06T12:39:11
BSXGF,0.010927,1000000,2026-08-06T12:39:11
BSY,0.003261,750000,2026-08-06T12:39:11
BTAEF,0.098192,1000,2026-08-06T12:39:11
BTAI,0.046105,600000,2026-08-06T12:39:11
BTAL,0.042273,600000,2026-08-06T12:39:11
BTAX,0.0025,10000,2026-08-06T12:39:11
BTBD,0.45541800000000005,100000,2026-08-06T12:39:11
BTBT,0.004133,10000000,2026-08-06T12:39:11
BTC,0.007292999999999999,6400000,2026-08-06T12:39:11
BTCC,0.08327899999999999,2000,2026-08-06T12:39:11
BTCFF,0.018983,7000,2026-08-06T12:39:11
BTCI,0.0025,1000000,2026-08-06T12:39:11
BTCL,0.028492000000000003,100000,2026-08-06T12:39:11
BTCO,0.01496,90000,2026-08-06T12:39:11
BTCS,0.008158,4900000,2026-08-06T12:39:11
BTCS.PFD,0.458238,75000,2026-08-06T12:39:11
BTCT,0.864888,400000,2026-08-06T12:39:11
BTCU,0.043376,4000,2026-08-06T12:39:11
BTCW,0.097501,15000,2026-08-06T12:39:11
BTCWF,0.070181,800000,2026-08-06T12:39:11
BTCY,0.042775,450000,2026-08-06T12:39:11
BTCZ,0.360694,100000,2026-08-06T12:39:11
BTDG,0.0025,10000000,2026-08-06T12:39:11
BTDPY,0.101966,200000,2026-08-06T12:39:11
BTDR,0.003242,10000000,2026-08-06T12:39:11
BTE,0.003418,10000000,2026-08-06T12:39:11
BTF,0.007266,10000,2026-08-06T12:39:11
BTFL.OLD,0.0025,4300000,2026-08-06T12:39:11
BTG,0.002949,10000000,2026-08-06T12:39:11
BTGD,0.018118000000000002,60000,2026-08-06T12:39:11
BTGI,0.0025,10000000,2026-08-06T12:39:11
BTGN,0.01464,2000,2026-08-06T12:39:11
BTGO,0.014116,2700000,2026-08-06T12:39:11
BTI,0.0026179999999999997,4600000,2026-08-06T12:39:11
BTIM,0.0025,6000,2026-08-06T12:39:11
BTKRF,0.032501,700000,2026-08-06T12:39:11
BTLCY,0.043376,50000,2026-08-06T12:39:11
BTLN,0.0025,100,2026-08-06T12:39:11
BTMCQ,0.513348,200000,2026-08-06T12:39:11
BTMD,0.008348,300000,2026-08-06T12:39:11
BTNY,0.0025,15000,2026-08-06T12:39:11
BTO,0.002795,50000,2026-08-06T12:39:11
BTOC,0.063178,450000,2026-08-06T12:39:11
BTOG,0.6483589999999999,200000,2026-08-06T12:39:11
BTOT,0.104267,100,2026-08-06T12:39:11
BTQ,0.13263,50000,2026-08-06T12:39:11
BTQNF,0.147235,500,2026-08-06T12:39:11
BTR,0.64687,200,2026-08-06T12:39:11
BTRMF,0.0025,1000000,2026-08-06T12:39:11
BTRN,0.518215,300,2026-08-06T12:39:11
BTSG,0.003267,2000000,2026-08-06T12:39:11
BTSGU,0.029845,200000,2026-08-06T12:39:11
BTT,0.065671,1200000,2026-08-06T12:39:11
BTTC,0.979492,400000,2026-08-06T12:39:11
BTTX,0.076407,1700000,2026-08-06T12:39:11
BTU,0.002782,5900000,2026-08-06T12:39:11
BTUMF,0.002754,250000,2026-08-06T12:39:11
BTVN,0.0025,200,2026-08-06T12:39:11
BTVRF,0.0025,450000,2026-08-06T12:39:11
BTX,0.011288,300000,2026-08-06T12:39:11
BTZ,0.012254000000000001,1100000,2026-08-06T12:39:11
BTZI,0.008535000000000001,650000,2026-08-06T12:39:11
BTZO,0.0025,10000000,2026-08-06T12:39:11
BUCK,0.004135,400000,2026-08-06T12:39:11
BUD,0.009207,850000,2026-08-06T12:39:11
BUDA,0.362714,40000,2026-08-06T12:39:11
BUDZ,0.004135,350000,2026-08-06T12:39:11
BUF.OLD1,0.0075,200,2026-08-06T12:39:11
BUFB,0.075501,80000,2026-08-06T12:39:11
BUFC,0.09867100000000001,55000,2026-08-06T12:39:11
BUFD,0.013219000000000002,25000,2026-08-06T12:39:11
BUFF,0.034906,150000,2026-08-06T12:39:11
BUFG,0.036714000000000004,300000,2026-08-06T12:39:11
BUFI,0.136742,10000,2026-08-06T12:39:11
BUFM,0.43668399999999996,4000,2026-08-06T12:39:11
BUFQ,0.116947,60000,2026-08-06T12:39:11
BUFR,0.027833,400000,2026-08-06T12:39:11
BUFS,0.178689,200000,2026-08-06T12:39:11
BUFT,0.136801,40000,2026-08-06T12:39:11
BUFY,0.055178000000000005,30000,2026-08-06T12:39:11
BUFZ,0.07591300000000001,25000,2026-08-06T12:39:11
BUG,0.020528,300000,2026-08-06T12:39:11
BUI,0.075683,60000,2026-08-06T12:39:11
BUKS,0.018141,2100000,2026-08-06T12:39:11
BUL,0.040670000000000005,80000,2026-08-06T12:39:11
BULD,0.09344200000000001,3000,2026-08-06T12:39:11
BULG,0.136313,7000,2026-08-06T12:39:11
BULL,0.002782,10000000,2026-08-06T12:39:11
BULZ,0.08853,45000,2026-08-06T12:39:11
BUR,0.004563,6700000,2026-08-06T12:39:11
BURBY,0.069356,70000,2026-08-06T12:39:11
BURCA,0.030941999999999997,15000,2026-08-06T12:39:11
BURL,0.0025,950000,2026-08-06T12:39:11
BURU,0.059155,8200000,2026-08-06T12:39:11
BUSA,0.06259,4000,2026-08-06T12:39:11
BUSE,0.0025,3600000,2026-08-06T12:39:11
BUSEP,0.066696,400000,2026-08-06T12:39:11
BUSM,0.0033239999999999997,100000,2026-08-06T12:39:11
BUUU,1.4476660000000001,10000,2026-08-06T12:39:11
BUXX,0.017667,450000,2026-08-06T12:39:11
BUYB,0.051495,95000,2026-08-06T12:39:11
BUYW,0.073821,650000,2026-08-06T12:39:11
BUYZ,0.006842,3000,2026-08-06T12:39:11
BUZZ,0.012879,300000,2026-08-06T12:39:11
BV,0.0025640000000000003,1900000,2026-08-06T12:39:11
BVAL,0.335543,15000,2026-08-06T12:39:11
BVAXF,0.029319,400000,2026-08-06T12:39:11
BVC,0.8562770000000001,10000,2026-08-06T12:39:11
BVENY,0.0025,500,2026-08-06T12:39:11
BVFL,0.006647999999999999,400000,2026-08-06T12:39:11
BVHMY,0.12087999999999999,5000,2026-08-06T12:39:11
BVN,0.004312,1300000,2026-08-06T12:39:11
BVNRY,0.043376,20000,2026-08-06T12:39:11
BVS,0.004309,1500000,2026-08-06T12:39:11
BVTK,0.0025,600000,2026-08-06T12:39:11
BVVBY,0.076105,20000,2026-08-06T12:39:11
BW,0.00337,7800000,2026-08-06T12:39:11
BW PRA,0.058189000000000005,60000,2026-08-06T12:39:11
BWA,0.0025,3900000,2026-08-06T12:39:11
BWAV,0.0025,500000,2026-08-06T12:39:11
BWAY,0.004105,400000,2026-08-06T12:39:11
BWB,0.0041589999999999995,700000,2026-08-06T12:39:11
BWBBP,0.069193,15000,2026-08-06T12:39:11
BWEL,0.055554,9000,2026-08-06T12:39:11
BWEN,0.023079000000000002,1800000,2026-08-06T12:39:11
BWFG,0.0056240000000000005,100000,2026-08-06T12:39:11
BWG,0.08104499999999999,300000,2026-08-06T12:39:11
BWIN,0.004081,550000,2026-08-06T12:39:11
BWIV,0.043376,400000,2026-08-06T12:39:11
BWIV U,0.32212,1000,2026-08-06T12:39:11
BWLKF,0.01464,20000,2026-08-06T12:39:11
BWLP,0.008195000000000001,400000,2026-08-06T12:39:11
BWMG,0.0025,1200000,2026-08-06T12:39:11
BWMN,0.004467,150000,2026-08-06T12:39:11
BWMX,0.032896999999999996,300000,2026-08-06T12:39:11
BWNB,0.649576,45000,2026-08-06T12:39:11
BWOW,0.09647299999999999,1000,2026-08-06T12:39:11
BWOWF,0.0025,150000,2026-08-06T12:39:11
BWPC,0.0025,10000,2026-08-06T12:39:11
BWQG,0.003023,25000,2026-08-06T12:39:11
BWTG,0.091496,1000,2026-08-06T12:39:11
BWTL,0.0025,2000,2026-08-06T12:39:11
BWVI,0.0025,200000,2026-08-06T12:39:11
BWX,0.044541000000000004,55000,2026-08-06T12:39:11
BWXT,0.002782,900000,2026-08-06T12:39:11
BWZ,0.036202,150000,2026-08-06T12:39:11
BX,0.0025,6600000,2026-08-06T12:39:11
BXBL,0.183278,1000,2026-08-06T12:39:11
BXBLY,0.0025,300000,2026-08-06T12:39:11
BXC,0.004213,150000,2026-08-06T12:39:11
BXDC,0.002782,1100000,2026-08-06T12:39:11
BXLC,0.11103199999999999,1000,2026-08-06T12:39:11
BXMT,0.004135,1200000,2026-08-06T12:39:11
BXNG,0.0025,300,2026-08-06T12:39:11
BXP,0.002782,850000,2026-08-06T12:39:11
BXRXQ,0.610849,700000,2026-08-06T12:39:11
BXSL,0.094104,300000,2026-08-06T12:39:11
BXXRF,0.030941999999999997,25000,2026-08-06T12:39:11
BY,0.004354,450000,2026-08-06T12:39:11
BYAGF,0.022563,1200000,2026-08-06T12:39:11
BYAH,2.520958,6000,2026-08-06T12:39:11
BYD,0.002782,950000,2026-08-06T12:39:11
BYDDY,0.004135,4800000,2026-08-06T12:39:11
BYDMF,0.05451399999999999,400000,2026-08-06T12:39:11
BYFC,0.003797,150000,2026-08-06T12:39:11
BYLD,0.043376,30000,2026-08-06T12:39:11
BYLTF,0.023039,50000,2026-08-06T12:39:11
BYND,0.075336,1100000,2026-08-06T12:39:11
BYNO,0.016404000000000002,50000,2026-08-06T12:39:11
BYNOU,0.01464,500,2026-08-06T12:39:11
BYOC,0.0025,10000000,2026-08-06T12:39:11
BYRG,0.0025,10000000,2026-08-06T12:39:11
BYRN,0.005614,950000,2026-08-06T12:39:11
BYRRF,0.041767000000000006,30000,2026-08-06T12:39:11
BYSD,0.0025,500,2026-08-06T12:39:11
BYSI,0.068938,1900000,2026-08-06T12:39:11
BZ,0.002782,7200000,2026-08-06T12:39:11
BZAI,0.018372,350000,2026-08-06T12:39:11
BZFD,0.016708,2400000,2026-08-06T12:39:11
BZH,0.004111,1300000,2026-08-06T12:39:11
BZLFY,0.016134,100000,2026-08-06T12:39:11
BZQ,0.08583299999999999,6000,2026-08-06T12:39:11
BZQIY,0.0025,5000,2026-08-06T12:39:11
BZRD,0.0025,2700000,2026-08-06T12:39:11
BZRT,0.0025,450000,2026-08-06T12:39:11
BZTG,0.0025,6000000,2026-08-06T12:39:11
BZUN,0.002782,4500000,2026-08-06T12:39:11
BZWR,0.0025,3200000,2026-08-06T12:39:11
BZYR,0.0025,250000,2026-08-06T12:39:11
BZZ,0.09924799999999999,65000,2026-08-06T12:39:11
BZZUY,0.0885,8000,2026-08-06T12:39:11
C,0.004081,10000000,2026-08-06T12:39:11
C PRN,0.0025,2000000,2026-08-06T12:39:11
C PRR,0.038271,400000,2026-08-06T12:39:11
CAAA,0.342417,9000,2026-08-06T12:39:11
CAAOF,0.0025,800000,2026-08-06T12:39:11
CAAP,0.002882,1300000,2026-08-06T12:39:11
CAAS,0.021383,600000,2026-08-06T12:39:11
CAAUF,0.0025,40000,2026-08-06T12:39:11
CABA,0.004146,2100000,2026-08-06T12:39:11
CABE,0.0025,600000,2026-08-06T12:39:11
CABGY,0.275686,100000,2026-08-06T12:39:11
CABLF,0.09344200000000001,350000,2026-08-06T12:39:11
CABO,0.0043219999999999995,100000,2026-08-06T12:39:11
CABR,0.159444,150000,2026-08-06T12:39:11
CABZ,0.048112,10000,2026-08-06T12:39:11
CAC,0.00524,200000,2026-08-06T12:39:11
CACC,0.004336,10000,2026-08-06T12:39:11
CACH,0.087774,1000000,2026-08-06T12:39:11
CACI,0.004135,100000,2026-08-06T12:39:11
CADD,0.0025,250000,2026-08-06T12:39:11
CADL,0.01496,1100000,2026-08-06T12:39:11
CADNF,0.0031450000000000002,200000,2026-08-06T12:39:11
CAE,0.003536,4400000,2026-08-06T12:39:11
CAEH,0.0025,5600000,2026-08-06T12:39:11
CAES,0.012199999999999999,3900000,2026-08-06T12:39:11
CAF,0.033081,900000,2026-08-06T12:39:11
CAFS,0.0025,10000,2026-08-06T12:39:11
CAFX,0.14892,5000,2026-08-06T12:39:11
CAG,0.003138,10000000,2026-08-06T12:39:11
CAGC,0.012375,250000,2026-08-06T12:39:11
CAGE,0.105287,95000,2026-08-06T12:39:11
CAGI,0.0025,1400000,2026-08-06T12:39:11
CAGM,0.0025,200000,2026-08-06T12:39:11
CAGR,0.0025,550000,2026-08-06T12:39:11
CAGTF,0.0025,400,2026-08-06T12:39:11
CAH,0.002782,3300000,2026-08-06T12:39:11
CAI,0.009401,3800000,2026-08-06T12:39:11
CAIE,0.032721,900000,2026-08-06T12:39:11
CAII,0.040670000000000005,2300000,2026-08-06T12:39:11
CAIIU,0.744295,5000,2026-08-06T12:39:11
CAIQ,0.08984199999999999,650000,2026-08-06T12:39:11
CAIXY,0.154879,1400000,2026-08-06T12:39:11
CAJPY,0.043309,250000,2026-08-06T12:39:11
CAKE,0.005469000000000001,35000,2026-08-06T12:39:11
CAL,0.003326,650000,2026-08-06T12:39:11
CALA,0.02239,150000,2026-08-06T12:39:11
CALC,1.170529,550000,2026-08-06T12:39:11
CALF,0.019394,250000,2026-08-06T12:39:11
CALI,0.022948,250000,2026-08-06T12:39:11
CALIQ,0.0025,100000,2026-08-06T12:39:11
CALM,0.003705,450000,2026-08-06T12:39:11
CALX,0.004151,450000,2026-08-06T12:39:11
CALY,0.004099,3100000,2026-08-06T12:39:11
CAM,0.161947,100000,2026-08-06T12:39:11
CAMG,0.0025,3000,2026-08-06T12:39:11
CAML,0.097501,500,2026-08-06T12:39:11
CAMNF,0.031013000000000002,2200000,2026-08-06T12:39:11
CAMP,0.02351,100000,2026-08-06T12:39:11
CAMT,0.031567,35000,2026-08-06T12:39:11
CAMVF,0.287495,1000000,2026-08-06T12:39:11
CAMX,0.097501,150000,2026-08-06T12:39:11
CAN,0.009787,10000000,2026-08-06T12:39:11
CANC,0.374017,45000,2026-08-06T12:39:11
CANE,0.01721,450000,2026-08-06T12:39:11
CANF,4.820152,20000,2026-08-06T12:39:11
CANG,0.031995,2400000,2026-08-06T12:39:11
CANL,0.0025,500000,2026-08-06T12:39:11
CANMQ,0.0025,550000,2026-08-06T12:39:11
CANN,0.0025,3300000,2026-08-06T12:39:11
CANQ,0.010629999999999999,5000,2026-08-06T12:39:11
CANSF,0.014467,10000,2026-08-06T12:39:11
CAON,0.0025,400000,2026-08-06T12:39:11
CAOS,0.009072,550000,2026-08-06T12:39:11
CAPC,0.0025,300000,2026-08-06T12:39:11
CAPE,0.158283,100000,2026-08-06T12:39:11
CAPL,0.004092,200000,2026-08-06T12:39:11
CAPN,0.094903,100000,2026-08-06T12:39:11
CAPNU,0.26523399999999997,200,2026-08-06T12:39:11
CAPP.OLD,0.0025,2000,2026-08-06T12:39:11
CAPR,0.004304,1200000,2026-08-06T12:39:11
CAPS,0.685414,650000,2026-08-06T12:39:11
CAPTF,0.032153,900000,2026-08-06T12:39:11
CAQ,0.037964000000000005,2000000,2026-08-06T12:39:11
CAQUU,0.040670000000000005,200,2026-08-06T12:39:11
CAR,0.004954,900000,2026-08-06T12:39:11
CARCY,0.0025,100,2026-08-06T12:39:11
CARD,0.10612500000000001,600,2026-08-06T12:39:11
CARE,0.0026590000000000003,75000,2026-08-06T12:39:11
CARG,0.002782,650000,2026-08-06T12:39:11
CARK,0.15162599999999998,6700000,2026-08-06T12:39:11
CARL,0.01699,100000,2026-08-06T12:39:11
CARM,0.0025,750000,2026-08-06T12:39:11
CARR,0.002841,6900000,2026-08-06T12:39:11
CARS,0.003944,4000000,2026-08-06T12:39:11
CART,0.004115,2200000,2026-08-06T12:39:11
CARV,0.00393,40000,2026-08-06T12:39:11
CARY,0.019245,300000,2026-08-06T12:39:11
CARZ,0.12033899999999999,1000,2026-08-06T12:39:11
CAS,0.10291399999999999,8000,2026-08-06T12:39:11
CASG,0.0025,800000,2026-08-06T12:39:11
CASH,0.003707,350000,2026-08-06T12:39:11
CASIF,0.104823,200000,2026-08-06T12:39:11
CASS,0.0041849999999999995,100000,2026-08-06T12:39:11
CAST,0.523504,600000,2026-08-06T12:39:11
CAST.OLD,0.010313000000000001,2000,2026-08-06T12:39:11
CASY,0.0025,250000,2026-08-06T12:39:11
CAT,0.004081,2100000,2026-08-06T12:39:11
CATF,0.160827,2000,2026-08-06T12:39:11
CATG,0.137854,1000,2026-08-06T12:39:11
CATH,0.027357,65000,2026-08-06T12:39:11
CATLU,0.043376,1100000,2026-08-06T12:39:11
CATO,0.014839,550000,2026-08-06T12:39:11
CATV,0.0025,10000000,2026-08-06T12:39:11
CATX,0.002807,600000,2026-08-06T12:39:11
CATY,0.004135,550000,2026-08-06T12:39:11
CAUD,0.056666999999999995,350000,2026-08-06T12:39:11
CAVA,0.004136,150000,2026-08-06T12:39:11
CAVR,0.0025,10000000,2026-08-06T12:39:11
CAWW,0.0025,400000,2026-08-06T12:39:11
CAXPF,0.0034699999999999996,150000,2026-08-06T12:39:11
CB,0.004081,2700000,2026-08-06T12:39:11
CBAF,0.048154,15000,2026-08-06T12:39:11
CBAN,0.0050349999999999995,300000,2026-08-06T12:39:11
CBAT,0.0052239999999999995,6000000,2026-08-06T12:39:11
CBAT.OLD,0.0025,100000,2026-08-06T12:39:11
CBBI,0.006586,55000,2026-08-06T12:39:11
CBBT,0.0025,10000000,2026-08-06T12:39:11
CBC,0.016444,1600000,2026-08-06T12:39:11
CBCA,0.0025,300,2026-08-06T12:39:11
CBCOQ,0.0025,200000,2026-08-06T12:39:11
CBDC.OLD1,0.0025,5000,2026-08-06T12:39:11
CBDD,0.0025,10000000,2026-08-06T12:39:11
CBDG,0.0025,10000,2026-08-06T12:39:11
CBDHF,0.210117,30000,2026-08-06T12:39:11
CBDL,0.002782,10000000,2026-08-06T12:39:11
CBDW,0.058545999999999994,9800000,2026-08-06T12:39:11
CBDX,0.0025,4000,2026-08-06T12:39:11
CBDY,0.048804,3400000,2026-08-06T12:39:11
CBEH,0.042268,2500000,2026-08-06T12:39:11
CBFV,0.004189,20000,2026-08-06T12:39:11
CBGH,0.0025,700000,2026-08-06T12:39:11
CBGL,0.133239,30000,2026-08-06T12:39:11
CBGPY,0.0025,100,2026-08-06T12:39:11
CBGZF,0.026399,950000,2026-08-06T12:39:11
CBIA,0.0025,4200000,2026-08-06T12:39:11
CBIH,0.0025,10000000,2026-08-06T12:39:11
CBIL,0.092089,950000,2026-08-06T12:39:11
CBIO,0.016511,600000,2026-08-06T12:39:11
CBIS,0.012199999999999999,3800000,2026-08-06T12:39:11
CBK,0.007653999999999999,300000,2026-08-06T12:39:11
CBKCQ,0.05335,1800000,2026-08-06T12:39:11
CBKM,0.013081,20000,2026-08-06T12:39:11
CBL,0.009452,550000,2026-08-06T12:39:11
CBLL,0.004904,850000,2026-08-06T12:39:11
CBLO,0.0025,1500000,2026-08-06T12:39:11
CBLS,0.024432,55000,2026-08-06T12:39:11
CBMJ,0.061032,850000,2026-08-06T12:39:11
CBNA,0.0025,100000,2026-08-06T12:39:11
CBNK,0.005104999999999999,300000,2026-08-06T12:39:11
CBNT,0.0025,7400000,2026-08-06T12:39:11
CBOA,0.143507,600,2026-08-06T12:39:11
CBOE,0.004081,1500000,2026-08-06T12:39:11
CBOJ,0.042023000000000005,9000,2026-08-06T12:39:11
CBOL,0.040670000000000005,1000,2026-08-06T12:39:11
CBON,0.054878,10000,2026-08-06T12:39:11
CBOO,0.0025,5000,2026-08-06T12:39:11
CBOT,0.154332,40000,2026-08-06T12:39:11
CBOX,0.320649,15000,2026-08-06T12:39:11
CBOY,0.097501,2000,2026-08-06T12:39:11
CBRE,0.004081,4400000,2026-08-06T12:39:11
CBRF,0.057398,400000,2026-08-06T12:39:11
CBRG,0.206156,1600000,2026-08-06T12:39:11
CBRI,0.066936,5500000,2026-08-06T12:39:11
CBRL,0.006346000000000001,850000,2026-08-06T12:39:11
CBRRF,0.014705,45000,2026-08-06T12:39:11
CBRS,0.010236,700000,2026-08-06T12:39:11
CBRX,0.169217,15000,2026-08-06T12:39:11
CBRZ,0.645976,20000,2026-08-06T12:39:11
CBSC,0.0025,55000,2026-08-06T12:39:11
CBSE,0.037062,3000,2026-08-06T12:39:11
CBSH,0.0025,1900000,2026-08-06T12:39:11
CBSTQ,0.052057,700000,2026-08-06T12:39:11
CBT,0.002547,600000,2026-08-06T12:39:11
CBTA,0.083548,600,2026-08-06T12:39:11
CBTC,0.0025,4300000,2026-08-06T12:39:11
CBTJ,0.009602000000000001,40000,2026-08-06T12:39:11
CBTL,0.051495,20000,2026-08-06T12:39:11
CBTN,0.0025,1000,2026-08-06T12:39:11
CBTO,0.09739300000000001,15000,2026-08-06T12:39:11
CBTY,0.106521,10000,2026-08-06T12:39:11
CBU,0.0025,450000,2026-08-06T12:39:11
CBULF,0.0025,70000,2026-08-06T12:39:11
CBUMY,0.097501,2000,2026-08-06T12:39:11
CBUS,0.055347999999999994,45000,2026-08-06T12:39:11
CBWA,0.052051,20000,2026-08-06T12:39:11
CBWTD,0.090177,100000,2026-08-06T12:39:11
CBXA,0.125917,100,2026-08-06T12:39:11
CBXJ,0.117798,100000,2026-08-06T12:39:11
CBXO,0.0025,25000,2026-08-06T12:39:11
CBXY,0.14892,1000,2026-08-06T12:39:11
CBYDF,0.03682,5000,2026-08-06T12:39:11
CBYI,0.0025,10000000,2026-08-06T12:39:11
CBZ,0.0038290000000000004,1700000,2026-08-06T12:39:11
CC,0.002782,1400000,2026-08-06T12:39:11
CCAJ,0.0025,1400000,2026-08-06T12:39:11
CCAN,0.0025,2100000,2026-08-06T12:39:11
CCAP,0.007479,600000,2026-08-06T12:39:11
CCAQ,0.133362,250000,2026-08-06T12:39:11
CCAQU,0.013607000000000001,15000,2026-08-06T12:39:11
CCB,0.003158,600000,2026-08-06T12:39:11
CCBC,0.178704,3000,2026-08-06T12:39:11
CCBG,0.002959,150000,2026-08-06T12:39:11
CCC,0.003422,10000000,2026-08-06T12:39:11
CCCC,0.0041199999999999995,3600000,2026-08-06T12:39:11
CCCFD,0.017447,40000,2026-08-06T12:39:11
CCCI,0.0025,1100000,2026-08-06T12:39:11
CCCT,0.012199999999999999,100000,2026-08-06T12:39:11
CCCTU,0.013607000000000001,55000,2026-08-06T12:39:11
CCD,0.0036620000000000003,55000,2026-08-06T12:39:11
CCDM,0.013607000000000001,100,2026-08-06T12:39:11
CCEC,0.011465000000000001,50000,2026-08-06T12:39:11
CCEF,0.048872,20000,2026-08-06T12:39:11
CCEL,0.007422,90000,2026-08-06T12:39:11
CCEP,0.0025,1400000,2026-08-06T12:39:11
CCFE,0.002782,3000,2026-08-06T12:39:11
CCFLU,0.071536,950000,2026-08-06T12:39:11
CCFN,0.061794,10000,2026-08-06T12:39:11
CCG,0.034378,500000,2026-08-06T12:39:11
CCGPY,0.061783000000000005,700,2026-08-06T12:39:11
CCGY,0.0025,100000,2026-08-06T12:39:11
CCHGY,0.009548,15000,2026-08-06T12:39:11
CCHH,4.19341,20000,2026-08-06T12:39:11
CCHI,0.0025,15000,2026-08-06T12:39:11
CCI,0.004248,4600000,2026-08-06T12:39:11
CCID,0.217749,5000,2026-08-06T12:39:11
CCIF,0.014315,150000,2026-08-06T12:39:11
CCII,0.044053,1900000,2026-08-06T12:39:11
CCIIU,0.14892,300,2026-08-06T12:39:11
CCJ,0.004081,5500000,2026-08-06T12:39:11
CCK,0.0025,1200000,2026-08-06T12:39:11
CCL,0.004081,10000000,2026-08-06T12:39:11
CCLD,0.0041849999999999995,2900000,2026-08-06T12:39:11
CCLX,0.0025,1300000,2026-08-06T12:39:11
CCM,0.037292,35000,2026-08-06T12:39:11
CCME,0.057279,250000,2026-08-06T12:39:11
CCMZ,0.0025,200000,2026-08-06T12:39:11
CCNB,0.0025,100000,2026-08-06T12:39:11
CCNE,0.004081,1100000,2026-08-06T12:39:11
CCNEP,0.441385,2000,2026-08-06T12:39:11
CCNR,0.01997,100,2026-08-06T12:39:11
CCO,0.002805,2200000,2026-08-06T12:39:11
CCOB.OLD,0.0025,9000,2026-08-06T12:39:11
CCOEY,0.100343,100000,2026-08-06T12:39:11
CCOI,0.003378,4500000,2026-08-06T12:39:11
CCOM,0.116107,2000,2026-08-06T12:39:11
CCOOF,0.032566000000000005,35000,2026-08-06T12:39:11
CCOP,0.0025,2400000,2026-08-06T12:39:11
CCOR,0.102486,20000,2026-08-06T12:39:11
CCORF,0.023998,500000,2026-08-06T12:39:11
CCRE,0.0025,60000,2026-08-06T12:39:11
CCS,0.003731,200000,2026-08-06T12:39:11
CCSB,0.04505,1000000,2026-08-06T12:39:11
CCSI,0.002954,700000,2026-08-06T12:39:11
CCSO,0.085323,1200000,2026-08-06T12:39:11
CCTG,2.235618,30000,2026-08-06T12:39:11
CCTSF,0.01464,35000,2026-08-06T12:39:11
CCU,0.021469000000000002,80000,2026-08-06T12:39:11
CCUP,0.20898399999999998,2600000,2026-08-06T12:39:11
CCVL,0.0025,800,2026-08-06T12:39:11
CCWF,0.0025,300000,2026-08-06T12:39:11
CCXI,0.021526999999999998,5700000,2026-08-06T12:39:11
CCXIU,0.449056,60000,2026-08-06T12:39:11
CCYG,0.0025,200000,2026-08-06T12:39:11
CD,0.13406200000000001,2200000,2026-08-06T12:39:11
CDAB,0.0025,1000,2026-08-06T12:39:11
CDAKQ,0.23133700000000001,750000,2026-08-06T12:39:11
CDBMF,0.023204,2000,2026-08-06T12:39:11
CDC,0.017905,60000,2026-08-06T12:39:11
CDDT,0.0025,25000,2026-08-06T12:39:11
CDE,0.002782,10000000,2026-08-06T12:39:11
CDEI,0.048789,80000,2026-08-06T12:39:11
CDELF,0.027353000000000002,200000,2026-08-06T12:39:11
CDEVY,0.043376,15000,2026-08-06T12:39:11
CDEX,0.0025,200000,2026-08-06T12:39:11
CDGLY,0.136777,300,2026-08-06T12:39:11
CDGT,0.0025,3000,2026-08-06T12:39:11
CDGXY,0.0025,1000,2026-08-06T12:39:11
CDIG,0.150639,20000,2026-08-06T12:39:11
CDIIQ,0.0025,2300000,2026-08-06T12:39:11
CDIO,0.433412,100000,2026-08-06T12:39:11
CDIX,0.100634,10000,2026-08-06T12:39:11
CDKG,0.0025,5000,2026-08-06T12:39:11
CDL,0.044869000000000006,45000,2026-08-06T12:39:11
CDLKF,0.0025,3000,2026-08-06T12:39:11
CDLR,0.019611,250000,2026-08-06T12:39:11
CDLVF,0.0025,600,2026-08-06T12:39:11
CDLX,0.0061790000000000005,200000,2026-08-06T12:39:11
CDMA,0.0025,10000000,2026-08-06T12:39:11
CDMNF,0.027791,95000,2026-08-06T12:39:11
CDNA,0.003387,950000,2026-08-06T12:39:11
CDNAF,0.005304,400000,2026-08-06T12:39:11
CDNG,0.014399,3000,2026-08-06T12:39:11
CDNL,0.00766,450000,2026-08-06T12:39:11
CDNL.OLD,0.0025,25000,2026-08-06T12:39:11
CDNO,0.0025,55000,2026-08-06T12:39:11
CDNS,0.0025,2400000,2026-08-06T12:39:11
CDP,0.0025,2900000,2026-08-06T12:39:11
CDPMF,0.014705,5200000,2026-08-06T12:39:11
CDR PRB,0.51308,9000,2026-08-06T12:39:11
CDR PRC,0.051216,15000,2026-08-06T12:39:11
CDRE,0.004092,600000,2026-08-06T12:39:11
CDRGF,0.0025,5000,2026-08-06T12:39:11
CDRO,0.058752000000000006,1500000,2026-08-06T12:39:11
CDSG,0.0025,250000,2026-08-06T12:39:11
CDT,2.101325,30000,2026-08-06T12:39:11
CDTAF,0.0033239999999999997,650000,2026-08-06T12:39:11
CDTG,0.635212,45000,2026-08-06T12:39:11
CDTI,3.932684,50000,2026-08-06T12:39:11
CDUAF,0.0058379999999999994,350000,2026-08-06T12:39:11
CDVIQ,0.715231,1300000,2026-08-06T12:39:11
CDW,0.003945000000000001,1300000,2026-08-06T12:39:11
CDX,0.029845,150000,2026-08-06T12:39:11
CDXI,0.0025,1000,2026-08-06T12:39:11
CDXP,0.0025,100000,2026-08-06T12:39:11
CDXS,0.004102,2600000,2026-08-06T12:39:11
CDYT,0.0025,35000,2026-08-06T12:39:11
CDZI,0.004577,400000,2026-08-06T12:39:11
CDZIP,0.068106,95000,2026-08-06T12:39:11
CE,0.002782,1700000,2026-08-06T12:39:11
CEAI.OLD1,0.0025,100000,2026-08-06T12:39:11
CECBF,0.016329,550000,2026-08-06T12:39:11
CECO,0.003715,850000,2026-08-06T12:39:11
CECU,0.0025,500,2026-08-06T12:39:11
CEE,0.032307999999999996,500000,2026-08-06T12:39:11
CEF,0.004893,750000,2026-08-06T12:39:11
CEFA,0.096617,10000,2026-08-06T12:39:11
CEFC,0.0033239999999999997,10000,2026-08-06T12:39:11
CEFD,0.119151,35000,2026-08-06T12:39:11
CEFS,0.015192,300000,2026-08-06T12:39:11
CEFZ,0.057602,900,2026-08-06T12:39:11
CEG,0.002782,2600000,2026-08-06T12:39:11
CEGX,0.035107,150000,2026-08-06T12:39:11
CEHC,0.0025,1800000,2026-08-06T12:39:11
CEIEF,0.063417,2300000,2026-08-06T12:39:11
CEII,0.0025,550000,2026-08-06T12:39:11
CEIN,0.008413,10000000,2026-08-06T12:39:11
CELC,0.003871,1700000,2026-08-06T12:39:11
CELH,0.002579,800000,2026-08-06T12:39:11
CELJF,0.004123,15000,2026-08-06T12:39:11
CELM,0.017544999999999998,100000,2026-08-06T12:39:11
CELO,0.0025,100000,2026-08-06T12:39:11
CELU,0.044935,40000,2026-08-06T12:39:11
CELX,0.13194,200000,2026-08-06T12:39:11
CEMB,0.029845,50000,2026-08-06T12:39:11
CENBF,0.0025,200000,2026-08-06T12:39:11
CENK,0.0025,400,2026-08-06T12:39:11
CENN,0.020969,55000,2026-08-06T12:39:11
CENT,0.006842,300000,2026-08-06T12:39:11
CENTA,0.005273,1100000,2026-08-06T12:39:11
CENX,0.004098,2000000,2026-08-06T12:39:11
CEOS,0.003215,700,2026-08-06T12:39:11
CEPF,0.029033000000000003,1600000,2026-08-06T12:39:11
CEPI,0.17598199999999997,200000,2026-08-06T12:39:11
CEPL,0.003304,850000,2026-08-06T12:39:11
CEPO,0.129976,900000,2026-08-06T12:39:11
CEPS,0.012199999999999999,700000,2026-08-06T12:39:11
CEPU,0.01644,700000,2026-08-06T12:39:11
CEPV,0.184101,2100000,2026-08-06T12:39:11
CERO,0.46981900000000004,3200000,2026-08-06T12:39:11
CERS,0.004263,4500000,2026-08-06T12:39:11
CERT,0.004135,2100000,2026-08-06T12:39:11
CERX,0.0025,7000,2026-08-06T12:39:11
CERY,0.08119199999999999,150000,2026-08-06T12:39:11
CESTY,0.0025,600,2026-08-06T12:39:11
CESX,0.0025,250000,2026-08-06T12:39:11
CET,0.033319999999999995,100000,2026-08-06T12:39:11
CETH.OLD1,0.0025,25000,2026-08-06T12:39:11
CETI,0.095314,550000,2026-08-06T12:39:11
CETX,0.496245,20000,2026-08-06T12:39:11
CETXP,0.7726139999999999,100000,2026-08-06T12:39:11
CETY,0.92231,1200000,2026-08-06T12:39:11
CEV,0.24263200000000001,15000,2026-08-06T12:39:11
CEVA,0.003935,550000,2026-08-06T12:39:11
CEVE,0.0025,150000,2026-08-06T12:39:11
CEW,0.104237,1000,2026-08-06T12:39:11
CEXE,0.0025,15000,2026-08-06T12:39:11
CEXYF,0.063745,300000,2026-08-06T12:39:11
CF,0.004081,1500000,2026-08-06T12:39:11
CFA,0.049339,85000,2026-08-06T12:39:11
CFBK,0.010297,300000,2026-08-06T12:39:11
CFCC,0.0025,4000,2026-08-06T12:39:11
CFEIY,0.0025,1000,2026-08-06T12:39:11
CFFI,0.008488,30000,2026-08-06T12:39:11
CFFN,0.003988,350000,2026-08-06T12:39:11
CFG,0.0025180000000000003,6700000,2026-08-06T12:39:11
CFG PRE,0.113369,200000,2026-08-06T12:39:11
CFG PRH,0.024432,3000,2026-08-06T12:39:11
CFG PRI,0.015007999999999999,30000,2026-08-06T12:39:11
CFGX,0.0025,10000000,2026-08-06T12:39:11
CFIT,0.040670000000000005,25000,2026-08-06T12:39:11
CFMI,0.0025,25000,2026-08-06T12:39:11
CFNB,0.0025,300,2026-08-06T12:39:11
CFND,0.0025,85000,2026-08-06T12:39:11
CFO,0.021726000000000002,100,2026-08-06T12:39:11
CFOR,0.21442599999999998,400000,2026-08-06T12:39:11
CFPI,0.0025,30000,2026-08-06T12:39:11
CFPZF,0.003285,100000,2026-08-06T12:39:11
CFR,0.004137,450000,2026-08-06T12:39:11
CFR PRB,0.033739,90000,2026-08-06T12:39:11
CFRUY,0.004195,650000,2026-08-06T12:39:11
CFRXQ,1.0457859999999999,300000,2026-08-06T12:39:11
CFSU,0.0025,75000,2026-08-06T12:39:11
CFTN,0.11103199999999999,100000,2026-08-06T12:39:11
CFTR PRA,0.101594,10000,2026-08-06T12:39:11
CFWFF,0.133239,1000,2026-08-06T12:39:11
CG,0.003098,1900000,2026-08-06T12:39:11
CGABL,0.039317000000000005,100000,2026-08-06T12:39:11
CGAC,0.12241400000000001,1300000,2026-08-06T12:39:11
CGASY,0.0025,100,2026-08-06T12:39:11
CGAU,0.009739,7000000,2026-08-06T12:39:11
CGBD,0.071247,450000,2026-08-06T12:39:11
CGBL,0.055554,250000,2026-08-06T12:39:11
CGBSF,0.111524,5300000,2026-08-06T12:39:11
CGCB,0.026903,75000,2026-08-06T12:39:11
CGCFU,0.29196300000000003,600000,2026-08-06T12:39:11
CGCO,0.0025,20000,2026-08-06T12:39:11
CGCP,0.024948,700000,2026-08-06T12:39:11
CGCV,0.078037,100000,2026-08-06T12:39:11
CGDG,0.03373,400000,2026-08-06T12:39:11
CGDI,0.0025,95000,2026-08-06T12:39:11
CGDV,0.016378,500000,2026-08-06T12:39:11
CGEAF,0.004125,200,2026-08-06T12:39:11
CGEI,0.0025,35000,2026-08-06T12:39:11
CGEM,0.003878,750000,2026-08-06T12:39:11
CGEMY,0.094458,85000,2026-08-06T12:39:11
CGEN,0.007944,700000,2026-08-06T12:39:11
CGGE,0.046428000000000004,15000,2026-08-06T12:39:11
CGGG,0.051495,150000,2026-08-06T12:39:11
CGGO,0.017014,850000,2026-08-06T12:39:11
CGGR,0.015909,1300000,2026-08-06T12:39:11
CGHC,0.0025,55000,2026-08-06T12:39:11
CGHLY,0.0025,2000,2026-08-06T12:39:11
CGHM,0.048808,80000,2026-08-06T12:39:11
CGHY,0.136742,10000,2026-08-06T12:39:11
CGIB,0.5171399999999999,30000,2026-08-06T12:39:11
CGIC,0.450835,60000,2026-08-06T12:39:11
CGIE,0.043904,200000,2026-08-06T12:39:11
CGIFF,0.003101,2000000,2026-08-06T12:39:11
CGII,0.0025,9000,2026-08-06T12:39:11
CGIP,0.031374,45000,2026-08-06T12:39:11
CGLCF,0.009834,1600000,2026-08-06T12:39:11
CGLD,0.0025,100000,2026-08-06T12:39:11
CGLO.USD,0.0025,10000,2026-08-06T12:39:11
CGMM,0.03092,250000,2026-08-06T12:39:11
CGMS,0.017686999999999998,1200000,2026-08-06T12:39:11
CGMU,0.044729,300000,2026-08-06T12:39:11
CGMX,0.0025,100000,2026-08-06T12:39:11
CGMXF,0.026486,300000,2026-08-06T12:39:11
CGNG,0.031198,250000,2026-08-06T12:39:11
CGNH,0.0025,200000,2026-08-06T12:39:11
CGNSF,0.102712,700000,2026-08-06T12:39:11
CGNT,0.004947,3200000,2026-08-06T12:39:11
CGNX,0.004029,2100000,2026-08-06T12:39:11
CGO,0.004312,20000,2026-08-06T12:39:11
CGON,0.002542,100000,2026-08-06T12:39:11
CGOV,0.163948,700000,2026-08-06T12:39:11
CGRA,0.025116,5300000,2026-08-06T12:39:11
CGRIF,0.056711,1000,2026-08-06T12:39:11
CGRO,0.086676,4000,2026-08-06T12:39:11
CGSD,0.032053,20000,2026-08-06T12:39:11
CGSE,0.0025,60000,2026-08-06T12:39:11
CGSI,0.0025,8000,2026-08-06T12:39:11
CGSM,0.12185700000000001,70000,2026-08-06T12:39:11
CGTL,1.290769,15000,2026-08-06T12:39:11
CGTRF,0.042367999999999996,1400000,2026-08-06T12:39:11
CGTX,0.004804,2700000,2026-08-06T12:39:11
CGUD,0.0025,5900000,2026-08-06T12:39:11
CGUI,0.048819999999999995,85000,2026-08-06T12:39:11
CGUS,0.05118,550000,2026-08-06T12:39:11
CGV,0.049158,20000,2026-08-06T12:39:11
CGVV,0.35188899999999995,8000,2026-08-06T12:39:11
CGW,0.09372799999999999,100000,2026-08-06T12:39:11
CGWB,0.0025,7000,2026-08-06T12:39:11
CGWY,0.0025,100000,2026-08-06T12:39:11
CGXEF,0.061335,2900000,2026-08-06T12:39:11
CGXU,0.041439000000000004,550000,2026-08-06T12:39:11
CGYG,0.0025,25000,2026-08-06T12:39:11
CHA,0.012833,8200000,2026-08-06T12:39:11
CHAG,0.0025,600,2026-08-06T12:39:11
CHAI,2.013367,500000,2026-08-06T12:39:11
CHALF,0.0025,450000,2026-08-06T12:39:11
CHAR,0.094903,500000,2026-08-06T12:39:11
CHAT,0.006319,350000,2026-08-06T12:39:11
CHAU,0.08545799999999999,50000,2026-08-06T12:39:11
CHBAY,0.09667099999999999,1000,2026-08-06T12:39:11
CHBH,0.076609,2000,2026-08-06T12:39:11
CHBT,0.062571,70000,2026-08-06T12:39:11
CHCI,0.0041530000000000004,100000,2026-08-06T12:39:11
CHCJY,0.008110000000000001,4000,2026-08-06T12:39:11
CHCO,0.0025,150000,2026-08-06T12:39:11
CHCR.OLD,0.0025,20000,2026-08-06T12:39:11
CHCT,0.004152,650000,2026-08-06T12:39:11
CHCX,0.0025,1000,2026-08-06T12:39:11
CHD,0.004035,1700000,2026-08-06T12:39:11
CHDN,0.004636,1100000,2026-08-06T12:39:11
CHDRY,0.205473,200,2026-08-06T12:39:11
CHE,0.002948,300000,2026-08-06T12:39:11
CHEC,0.171923,250000,2026-08-06T12:39:11
CHECU,0.012199999999999999,5000,2026-08-06T12:39:11
CHEF,0.004135,600000,2026-08-06T12:39:11
CHELF,0.0025,1200000,2026-08-06T12:39:11
CHEOY,0.026511999999999997,200000,2026-08-06T12:39:11
CHFFY,0.0025,400,2026-08-06T12:39:11
CHFR,0.0025,1000,2026-08-06T12:39:11
CHGA,0.226109,1400000,2026-08-06T12:39:11
CHGCY,0.01704,300000,2026-08-06T12:39:11
CHGG,0.0040550000000000004,10000000,2026-08-06T12:39:11
CHGI,0.0025,75000,2026-08-06T12:39:11
CHGS,0.0025,200000,2026-08-06T12:39:11
CHGT,0.0025,200000,2026-08-06T12:39:11
CHGX,0.031198,400000,2026-08-06T12:39:11
CHH,0.005432,300000,2026-08-06T12:39:11
CHHCF,0.058545999999999994,500,2026-08-06T12:39:11
CHHE,0.0025,7000,2026-08-06T12:39:11
CHHN,0.0025,100000,2026-08-06T12:39:11
CHHYF,0.026391,3600000,2026-08-06T12:39:11
CHI,0.059519,25000,2026-08-06T12:39:11
CHIF,0.0025,10000,2026-08-06T12:39:11
CHIQ,0.018392,150000,2026-08-06T12:39:11
CHIT,0.0025,9900000,2026-08-06T12:39:11
CHJI,0.0025,50000,2026-08-06T12:39:11
CHKKF,0.054486999999999994,300000,2026-08-06T12:39:11
CHKP,0.0028699999999999997,800000,2026-08-06T12:39:11
CHKR,0.01832,800000,2026-08-06T12:39:11
CHLE,0.0025,100000,2026-08-06T12:39:11
CHLO,0.0025,950000,2026-08-06T12:39:11
CHLSY,0.145803,100000,2026-08-06T12:39:11
CHMD,0.0025,10000,2026-08-06T12:39:11
CHME,0.0025,100000,2026-08-06T12:39:11
CHMG,0.004352,65000,2026-08-06T12:39:11
CHMI,0.003064,950000,2026-08-06T12:39:11
CHMI PRA,0.116445,65000,2026-08-06T12:39:11
CHMI PRB,0.06367300000000001,100000,2026-08-06T12:39:11
CHMJF,0.089397,15000,2026-08-06T12:39:11
CHMN,0.0025,600,2026-08-06T12:39:11
CHMO,0.0025,15000,2026-08-06T12:39:11
CHMP,0.0025,100,2026-08-06T12:39:11
CHMR,0.0025,60000,2026-08-06T12:39:11
CHNGQ,0.0025,35000,2026-08-06T12:39:11
CHNO,0.0025,700,2026-08-06T12:39:11
CHNR,0.80018,45000,2026-08-06T12:39:11
CHNXF,0.0025,10000,2026-08-06T12:39:11
CHOOF,0.010627,4600000,2026-08-06T12:39:11
CHOPF,0.09344200000000001,10000,2026-08-06T12:39:11
CHOR,0.0025,400,2026-08-06T12:39:11
CHOW,0.671328,700000,2026-08-06T12:39:11
CHPG,0.012199999999999999,100000,2026-08-06T12:39:11
CHPGF,0.043729,300000,2026-08-06T12:39:11
CHPGU,0.012199999999999999,200,2026-08-06T12:39:11
CHPS,0.035665,20000,2026-08-06T12:39:11
CHPT,0.053062,750000,2026-08-06T12:39:11
CHPX,0.032178,200000,2026-08-06T12:39:11
CHPY,0.056621,550000,2026-08-06T12:39:11
CHR,0.063547,300000,2026-08-06T12:39:11
CHRB,0.0025,15000,2026-08-06T12:39:11
CHRD,0.004019,550000,2026-08-06T12:39:11
CHRI,0.234167,15000,2026-08-06T12:39:11
CHRN,0.440905,300000,2026-08-06T12:39:11
CHRN.OLD1,0.0025,1000,2026-08-06T12:39:11
CHRRF,0.026071,150000,2026-08-06T12:39:11
CHRS,0.006451,200000,2026-08-06T12:39:11
CHRW,0.0025009999999999998,1800000,2026-08-06T12:39:11
CHRYY,0.0025,3000,2026-08-06T12:39:11
CHSCL,0.022886000000000004,50000,2026-08-06T12:39:11
CHSCM,0.018584,30000,2026-08-06T12:39:11
CHSCN,0.016679,600,2026-08-06T12:39:11
CHSCO,0.014149,90000,2026-08-06T12:39:11
CHSCP,0.021177,30000,2026-08-06T12:39:11
CHSH,0.0025,1100000,2026-08-06T12:39:11
CHSN,0.749345,40000,2026-08-06T12:39:11
CHSTY,0.0025,1000,2026-08-06T12:39:11
CHT,0.004376,450000,2026-08-06T12:39:11
CHTR,0.003208,500000,2026-08-06T12:39:11
CHUC,0.028182,1700000,2026-08-06T12:39:11
CHUM,0.0025,1100000,2026-08-06T12:39:11
CHVC,0.0025,100000,2026-08-06T12:39:11
CHVKY,0.0025,5000,2026-08-06T12:39:11
CHW,0.002661,75000,2026-08-06T12:39:11
CHWD,0.0025,50000,2026-08-06T12:39:11
CHWE,0.0025,3000,2026-08-06T12:39:11
CHWG,0.0025,250000,2026-08-06T12:39:11
CHWM,0.0025,150000,2026-08-06T12:39:11
CHWY,0.004081,2000000,2026-08-06T12:39:11
CHXMF,0.010081,2400000,2026-08-06T12:39:11
CHY,0.008195000000000001,200000,2026-08-06T12:39:11
CHYG,0.177335,1500000,2026-08-06T12:39:11
CHYM,0.002986,3600000,2026-08-06T12:39:11
CI,0.004081,3000000,2026-08-06T12:39:11
CIA,0.020167,30000,2026-08-06T12:39:11
CIADY,0.043376,85000,2026-08-06T12:39:11
CIAS,0.0025,500,2026-08-06T12:39:11
CIAU.OLD,0.0025,1000,2026-08-06T12:39:11
CIB,0.002569,900000,2026-08-06T12:39:11
CIBEY,0.044481,300000,2026-08-06T12:39:11
CIBH,0.004135,8000,2026-08-06T12:39:11
CIBN,0.13775,6000,2026-08-06T12:39:11
CIBR,0.011636,600000,2026-08-06T12:39:11
CICB,0.048433000000000004,150000,2026-08-06T12:39:11
CICC,0.228513,40000,2026-08-06T12:39:11
CICHY,0.020824,700000,2026-08-06T12:39:11
CICOY,0.277467,15000,2026-08-06T12:39:11
CIEG,0.295475,100000,2026-08-06T12:39:11
CIEI,0.15906800000000001,60000,2026-08-06T12:39:11
CIEIQ,0.075542,1800000,2026-08-06T12:39:11
CIEN,0.0025,1800000,2026-08-06T12:39:11
CIFG,0.503022,20000,2026-08-06T12:39:11
CIFHY,0.0025,400,2026-08-06T12:39:11
CIFR,0.004135,10000000,2026-08-06T12:39:11
CIFU,0.57021,20000,2026-08-06T12:39:11
CIG,0.0038129999999999995,7900000,2026-08-06T12:39:11
CIG C,0.002718,100000,2026-08-06T12:39:11
CIGI,0.004081,300000,2026-08-06T12:39:11
CIGL,1.004912,150000,2026-08-06T12:39:11
CIHD,0.0025,100000,2026-08-06T12:39:11
CIHKY,0.030467,150000,2026-08-06T12:39:11
CII,0.06699,35000,2026-08-06T12:39:11
CIIC.OLD1,0.0025,15000,2026-08-06T12:39:11
CIIT,8.500679,400,2026-08-06T12:39:11
CIIX,0.0025,150000,2026-08-06T12:39:11
CIK,0.024322,200000,2026-08-06T12:39:11
CIM,0.002864,1400000,2026-08-06T12:39:11
CIM PRA,0.119993,100000,2026-08-06T12:39:11
CIM PRB,0.017017,400000,2026-08-06T12:39:11
CIM PRC,0.018793999999999998,100000,2026-08-06T12:39:11
CIM PRD,0.23771899999999999,500000,2026-08-06T12:39:11
CIMG,0.33555799999999997,1400000,2026-08-06T12:39:11
CIMN,0.028492000000000003,150000,2026-08-06T12:39:11
CIMO,0.06908500000000001,150000,2026-08-06T12:39:11
CIMP,0.019696,100000,2026-08-06T12:39:11
CINF,0.002838,1300000,2026-08-06T12:39:11
CING,0.049589999999999995,200000,2026-08-06T12:39:11
CINT,0.009947000000000001,300000,2026-08-06T12:39:11
CINT.OLD1,0.0025,2700000,2026-08-06T12:39:11
CION,0.011378999999999998,150000,2026-08-06T12:39:11
CIPI,0.0025,600,2026-08-06T12:39:11
CIR,0.10020699999999999,4000,2026-08-06T12:39:11
CIRC,1.25597,150000,2026-08-06T12:39:11
CIRX,0.0025,95000,2026-08-06T12:39:11
CISO,0.018967,4800000,2026-08-06T12:39:11
CISS,3.636177,150000,2026-08-06T12:39:11
CITLF,0.035814,25000,2026-08-06T12:39:11
CITR,0.052479,60000,2026-08-06T12:39:11
CIVB,0.002782,400000,2026-08-06T12:39:11
CIVG,0.117798,80000,2026-08-06T12:39:11
CIVX,0.0025,10000000,2026-08-06T12:39:11
CIWT,0.0025,1000,2026-08-06T12:39:11
CIWV,0.0033239999999999997,3000,2026-08-06T12:39:11
CIX,0.005489000000000001,25000,2026-08-06T12:39:11
CIZN,0.009499,45000,2026-08-06T12:39:11
CJEWY,0.0025,2000,2026-08-06T12:39:11
CJMB,5.449836,70000,2026-08-06T12:39:11
CJPRY,0.014803,250000,2026-08-06T12:39:11
CJREF,0.016329,30000,2026-08-06T12:39:11
CKGT,0.0025,450000,2026-08-06T12:39:11
CKHGY,0.14377800000000002,1000,2026-08-06T12:39:11
CKHUY,0.0033350000000000003,1400000,2026-08-06T12:39:11
CKISY,0.0025,1000,2026-08-06T12:39:11
CKMY,0.0025,100000,2026-08-06T12:39:11
CKRU,0.0025,10000,2026-08-06T12:39:11
CKX,0.021082999999999998,15000,2026-08-06T12:39:11
CL,0.0025,9400000,2026-08-06T12:39:11
CLABF,0.299511,75000,2026-08-06T12:39:11
CLAR,0.0050739999999999995,1200000,2026-08-06T12:39:11
CLB,0.00426,750000,2026-08-06T12:39:11
CLBEY,0.109679,15000,2026-08-06T12:39:11
CLBK,0.005501000000000001,1200000,2026-08-06T12:39:11
CLBR,0.012199999999999999,1300000,2026-08-06T12:39:11
CLBR U,0.014283999999999998,100000,2026-08-06T12:39:11
CLBT,0.004107,2300000,2026-08-06T12:39:11
CLCFF,0.019576,75000,2026-08-06T12:39:11
CLCG,0.14892,10000,2026-08-06T12:39:11
CLCGY,0.033035999999999996,100000,2026-08-06T12:39:11
CLCS,0.10076399999999999,25000,2026-08-06T12:39:11
CLD,0.0025,6000,2026-08-06T12:39:11
CLDI,0.305391,7000,2026-08-06T12:39:11
CLDT,0.003757,1800000,2026-08-06T12:39:11
CLDT PRA,0.064336,90000,2026-08-06T12:39:11
CLDVF,0.178704,7000,2026-08-06T12:39:11
CLDX,0.004119,800000,2026-08-06T12:39:11
CLEUF,1.126867,10000,2026-08-06T12:39:11
CLEV,0.0025,3000,2026-08-06T12:39:11
CLF,0.0025,10000000,2026-08-06T12:39:11
CLFD,0.004081,150000,2026-08-06T12:39:11
CLFZF,0.0025,10000,2026-08-06T12:39:11
CLGCF,0.043868,500000,2026-08-06T12:39:11
CLGN,0.161098,950000,2026-08-06T12:39:11
CLH,0.00446,500000,2026-08-06T12:39:11
CLHI,0.0025,10000,2026-08-06T12:39:11
CLIK,1.0816270000000001,15000,2026-08-06T12:39:11
CLIP,0.005468,2100000,2026-08-06T12:39:11
CLIR,0.009373,200000,2026-08-06T12:39:11
CLIS,0.0025,1000000,2026-08-06T12:39:11
CLIX,0.049903,10000,2026-08-06T12:39:11
CLKZ,0.0025,15000,2026-08-06T12:39:11
CLLNY,0.102431,200000,2026-08-06T12:39:11
CLLS,0.0042309999999999995,550000,2026-08-06T12:39:11
CLM,0.020853999999999998,950000,2026-08-06T12:39:11
CLMB,0.004138,450000,2026-08-06T12:39:11
CLMT,0.004002,2800000,2026-08-06T12:39:11
CLNE,0.005706,4900000,2026-08-06T12:39:11
CLNFF,0.003049,100000,2026-08-06T12:39:11
CLNK,0.135982,1000,2026-08-06T12:39:11
CLNN,0.037964000000000005,250000,2026-08-06T12:39:11
CLNO,0.0025,1100000,2026-08-06T12:39:11
CLNV,0.152724,5500000,2026-08-06T12:39:11
CLNW,0.0025,15000,2026-08-06T12:39:11
CLOA,0.005606,150000,2026-08-06T12:39:11
CLOB,0.041395,20000,2026-08-06T12:39:11
CLOD,0.138051,6000,2026-08-06T12:39:11
CLOI,0.0061660000000000005,1200000,2026-08-06T12:39:11
CLOQ,0.0025,5000,2026-08-06T12:39:11
CLOV,0.004201,10000000,2026-08-06T12:39:11
CLOW,0.061794,1000,2026-08-06T12:39:11
CLOX,0.040928000000000006,550000,2026-08-06T12:39:11
CLOZ,0.044821,1600000,2026-08-06T12:39:11
CLPBY,0.022723,400000,2026-08-06T12:39:11
CLPE.OLD,0.0025,200,2026-08-06T12:39:11
CLPHY,0.025990000000000003,300000,2026-08-06T12:39:11
CLPMF,0.0033239999999999997,100000,2026-08-06T12:39:11
CLPR,0.005495,1300000,2026-08-06T12:39:11
CLPS,0.035257000000000004,650000,2026-08-06T12:39:11
CLPT,0.004372,1400000,2026-08-06T12:39:11
CLPXY,0.0025,10000,2026-08-06T12:39:11
CLRB,0.439516,400000,2026-08-06T12:39:11
CLRCF,0.01464,300,2026-08-06T12:39:11
CLRD,0.056922,10000,2026-08-06T12:39:11
CLRH,0.0025,4800000,2026-08-06T12:39:11
CLRI,0.0025,75000,2026-08-06T12:39:11
CLRMF,0.0025,1400000,2026-08-06T12:39:11
CLS,0.002611,3400000,2026-08-06T12:39:11
CLSE,0.013654,1300000,2026-08-06T12:39:11
CLSK,0.002601,5100000,2026-08-06T12:39:11
CLSM,0.009548,35000,2026-08-06T12:39:11
CLST,0.043376,100000,2026-08-06T12:39:11
CLST1,0.0025,200000,2026-08-06T12:39:11
CLSX,0.041028,100000,2026-08-06T12:39:11
CLTH,0.0025,100000,2026-08-06T12:39:11
CLTS,0.0025,1600000,2026-08-06T12:39:11
CLUB,0.013104,15000,2026-08-06T12:39:11
CLUBQ.OLD,0.024432,100000,2026-08-06T12:39:11
CLVFA,0.0025,100,2026-08-06T12:39:11
CLVR,0.603168,45000,2026-08-06T12:39:11
CLVT,0.004141000000000001,1500000,2026-08-06T12:39:11
CLW,0.005286999999999999,650000,2026-08-06T12:39:11
CLWT,0.75046,150000,2026-08-06T12:39:11
CLWY,0.0025,2200000,2026-08-06T12:39:11
CLX,0.0034200000000000003,500000,2026-08-06T12:39:11
CLYM,0.004136,550000,2026-08-06T12:39:11
CLYV,0.0025,250000,2026-08-06T12:39:11
CLZNY,0.0025,1000,2026-08-06T12:39:11
CM,0.006378,10000000,2026-08-06T12:39:11
CMAG,1.710426,250000,2026-08-06T12:39:11
CMAKY,0.19106,1000,2026-08-06T12:39:11
CMBMF,0.12279,1100000,2026-08-06T12:39:11
CMBO,0.078557,2000,2026-08-06T12:39:11
CMBS,0.17057,100000,2026-08-06T12:39:11
CMBT,0.006842,2400000,2026-08-06T12:39:11
CMC,0.002795,1400000,2026-08-06T12:39:11
CMCAF,0.01464,100,2026-08-06T12:39:11
CMCI,0.0025,300,2026-08-06T12:39:11
CMCI.OLD1,0.0025,550000,2026-08-06T12:39:11
CMCL,0.004247,30000,2026-08-06T12:39:11
CMCM,0.035257000000000004,1000000,2026-08-06T12:39:11
CMCO,0.0052710000000000005,95000,2026-08-06T12:39:11
CMCSA,0.003684,10000000,2026-08-06T12:39:11
CMCT,0.33009900000000003,100000,2026-08-06T12:39:11
CMCUF,0.01464,500,2026-08-06T12:39:11
CMCXF,0.019144,100000,2026-08-06T12:39:11
CMCZ,0.0025,150000,2026-08-06T12:39:11
CMDA,0.0025,1900000,2026-08-06T12:39:11
CMDB,0.005151,800000,2026-08-06T12:39:11
CMDJ,0.0025,550000,2026-08-06T12:39:11
CMDT,0.36105,1000,2026-08-06T12:39:11
CMDY,0.040879000000000006,40000,2026-08-06T12:39:11
CME,0.004081,3700000,2026-08-06T12:39:11
CMER,0.075851,100,2026-08-06T12:39:11
CMF,0.081385,250000,2026-08-06T12:39:11
CMFO,0.043068,1000000,2026-08-06T12:39:11
CMFV,0.0025,150000,2026-08-06T12:39:11
CMG,0.0032329999999999998,10000000,2026-08-06T12:39:11
CMGMY,0.016314,9000,2026-08-06T12:39:11
CMGO,0.0025,4900000,2026-08-06T12:39:11
CMGR,0.0025,35000,2026-08-06T12:39:11
CMGR.OLD1,0.0025,2000,2026-08-06T12:39:11
CMHF,0.19007000000000002,100,2026-08-06T12:39:11
CMHZ,0.002782,15000,2026-08-06T12:39:11
CMI,0.004081,1400000,2026-08-06T12:39:11
CMII,0.012199999999999999,2200000,2026-08-06T12:39:11
CMILF,0.006586,50000,2026-08-06T12:39:11
CMIM,0.0025,900,2026-08-06T12:39:11
CMKM,0.0025,250000,2026-08-06T12:39:11
CMKT,0.0025,45000,2026-08-06T12:39:11
CMLSQ,0.077598,850000,2026-08-06T12:39:11
CMMB,0.295001,150000,2026-08-06T12:39:11
CMND,3.664833,5000,2026-08-06T12:39:11
CMP,0.003392,700000,2026-08-06T12:39:11
CMPD,0.01803,70000,2026-08-06T12:39:11
CMPGY,0.0025,300000,2026-08-06T12:39:11
CMPR,0.004284,75000,2026-08-06T12:39:11
CMPS,0.0030559999999999997,6800000,2026-08-06T12:39:11
CMPX,0.004113,4400000,2026-08-06T12:39:11
CMPY,0.0025,1000,2026-08-06T12:39:11
CMRA,1.006816,250000,2026-08-06T12:39:11
CMRB,0.0059240000000000004,4000,2026-08-06T12:39:11
CMRC,0.004139,4900000,2026-08-06T12:39:11
CMRE,0.002575,1400000,2026-08-06T12:39:11
CMRE PRB,0.311971,40000,2026-08-06T12:39:11
CMRE PRC,0.127146,60000,2026-08-06T12:39:11
CMRE PRD,0.290998,80000,2026-08-06T12:39:11
CMS,0.0028139999999999997,2500000,2026-08-06T12:39:11
CMS PRB,0.64687,100,2026-08-06T12:39:11
CMS PRC,0.024336000000000003,95000,2026-08-06T12:39:11
CMSA,0.092559,30000,2026-08-06T12:39:11
CMSC,0.049736,35000,2026-08-06T12:39:11
CMSD,0.028075000000000003,25000,2026-08-06T12:39:11
CMSG,0.106578,25000,2026-08-06T12:39:11
CMSQY,0.040153999999999995,85000,2026-08-06T12:39:11
CMST,0.0025,100,2026-08-06T12:39:11
CMT,0.004456,150000,2026-08-06T12:39:11
CMTG,0.004292000000000001,10000000,2026-08-06T12:39:11
CMTL,0.008813,900000,2026-08-06T12:39:11
CMTNF,0.066662,15000,2026-08-06T12:39:11
CMTOY,0.0025,9000,2026-08-06T12:39:11
CMTV,0.051135,25000,2026-08-06T12:39:11
CMWAY,0.04491,100000,2026-08-06T12:39:11
CNA,0.008056,1200000,2026-08-06T12:39:11
CNABQ,0.0025,2400000,2026-08-06T12:39:11
CNAF,0.008177,65000,2026-08-06T12:39:11
CNAG,0.0025,2100000,2026-08-06T12:39:11
CNAV,0.27025,200,2026-08-06T12:39:11
CNBA,0.0025,200,2026-08-06T12:39:11
CNBB,0.0025,2000,2026-08-06T12:39:11
CNBS,0.027139000000000003,10000,2026-08-06T12:39:11
CNBX,0.002782,10000000,2026-08-06T12:39:11
CNC,0.0025,10000000,2026-08-06T12:39:11
CNCK,1.320662,600000,2026-08-06T12:39:11
CNCM,0.0025,10000000,2026-08-06T12:39:11
CNDA,0.17664000000000002,100,2026-08-06T12:39:11
CNDAU,0.01464,100,2026-08-06T12:39:11
CNDT,0.006176,4000000,2026-08-06T12:39:11
CNEP,0.0,55000,2026-08-06T12:39:11
CNEQ,0.052877,700000,2026-08-06T12:39:11
CNER,0.0025,100000,2026-08-06T12:39:11
CNET,0.16944199999999998,90000,2026-08-06T12:39:11
CNEY,0.775849,1600000,2026-08-06T12:39:11
CNF,0.10193300000000001,450000,2026-08-06T12:39:11
CNFN,0.0025,25000,2026-08-06T12:39:11
CNGA,0.0025,15000,2026-08-06T12:39:11
CNGI,0.0025,3000,2026-08-06T12:39:11
CNGKY,0.155519,700,2026-08-06T12:39:11
CNGL.OLD,0.0025,200000,2026-08-06T12:39:11
CNH,0.00419,6800000,2026-08-06T12:39:11
CNHC,0.0025,600,2026-08-06T12:39:11
CNI,0.0025,3200000,2026-08-06T12:39:11
CNIKF,0.0308,150000,2026-08-06T12:39:11
CNK,0.0025,1300000,2026-08-06T12:39:11
CNL,0.042276999999999995,5800000,2026-08-06T12:39:11
CNLG,0.0025,150000,2026-08-06T12:39:11
CNLHN,0.0025,400,2026-08-06T12:39:11
CNLHO,0.0025,300,2026-08-06T12:39:11
CNLK,0.0025,1000,2026-08-06T12:39:11
CNLPL,0.12321,2000,2026-08-06T12:39:11
CNLPM,0.18726299999999999,400,2026-08-06T12:39:11
CNLTL,0.0025,100,2026-08-06T12:39:11
CNLTN,0.0025,7000,2026-08-06T12:39:11
CNLTP,0.0025,2000,2026-08-06T12:39:11
CNM,0.004135,3600000,2026-08-06T12:39:11
CNMD,0.004141000000000001,250000,2026-08-06T12:39:11
CNNA,0.0025,3500000,2026-08-06T12:39:11
CNNC,0.0025,35000,2026-08-06T12:39:11
CNNE,0.004767,1900000,2026-08-06T12:39:11
CNNN,0.0025,1000,2026-08-06T12:39:11
CNNXF,0.0025,250000,2026-08-06T12:39:11
CNO,0.004093,2600000,2026-08-06T12:39:11
CNO PRA,0.248278,30000,2026-08-06T12:39:11
CNOB,0.004084,1200000,2026-08-06T12:39:11
CNOBP,0.065014,150000,2026-08-06T12:39:11
CNONF,0.0025,4000,2026-08-06T12:39:11
CNP,0.004136,850000,2026-08-06T12:39:11
CNPWM,0.0025,400,2026-08-06T12:39:11
CNPWP,0.0025,200,2026-08-06T12:39:11
CNQ,0.004081,10000000,2026-08-06T12:39:11
CNQQ,0.506145,200000,2026-08-06T12:39:11
CNR,0.004132,1500000,2026-08-06T12:39:11
CNRCF,0.045556,150000,2026-08-06T12:39:11
CNRD,0.069311,55000,2026-08-06T12:39:11
CNRG,0.055069,100,2026-08-06T12:39:11
CNRSF,0.287495,400,2026-08-06T12:39:11
CNS,0.002706,250000,2026-08-06T12:39:11
CNSP,3.58716,9000,2026-08-06T12:39:11
CNSUF,0.0033239999999999997,100000,2026-08-06T12:39:11
CNSWF,0.008284,85000,2026-08-06T12:39:11
CNSWY,0.092089,650000,2026-08-06T12:39:11
CNSY,0.224013,100000,2026-08-06T12:39:11
CNTB,0.011248000000000001,900000,2026-08-06T12:39:11
CNTHN,0.141228,700,2026-08-06T12:39:11
CNTHO,0.198189,200,2026-08-06T12:39:11
CNTHP,0.0025,2000,2026-08-06T12:39:11
CNTM,0.056922,70000,2026-08-06T12:39:11
CNTMF,0.043058,10000000,2026-08-06T12:39:11
CNTN,0.049527999999999996,1100000,2026-08-06T12:39:11
CNTO,0.0025,100000,2026-08-06T12:39:11
CNTRF,0.022824,2000,2026-08-06T12:39:11
CNTX,0.008585,6200000,2026-08-06T12:39:11
CNTY,0.045938,650000,2026-08-06T12:39:11
CNVIF,0.02804,200000,2026-08-06T12:39:11
CNVP,0.0025,1000,2026-08-06T12:39:11
CNVS,0.004386,2000000,2026-08-06T12:39:11
CNVT,0.0025,40000,2026-08-06T12:39:11
CNVVY,0.132797,500,2026-08-06T12:39:11
CNWD,0.0025,35000,2026-08-06T12:39:11
CNWHF,0.0025,100000,2026-08-06T12:39:11
CNWT,0.0025,65000,2026-08-06T12:39:11
CNX,0.003724,1500000,2026-08-06T12:39:11
CNXC,0.0037,250000,2026-08-06T12:39:11
CNXN,0.004372,300000,2026-08-06T12:39:11
CNXS,0.029189,10000000,2026-08-06T12:39:11
CNXT,0.064859,150000,2026-08-06T12:39:11
CNXU,0.8271930000000001,15000,2026-08-06T12:39:11
CNXX,0.11700100000000001,3000,2026-08-06T12:39:11
CNYA,0.11286500000000001,70000,2026-08-06T12:39:11
COAG,0.045286999999999994,25000,2026-08-06T12:39:11
COAL,0.01902,100000,2026-08-06T12:39:11
COAT,0.0025,200000,2026-08-06T12:39:11
COBA,0.139734,300000,2026-08-06T12:39:11
COBAE,0.0025,2000,2026-08-06T12:39:11
COCBF,0.0025,250000,2026-08-06T12:39:11
COCH,0.06109,850000,2026-08-06T12:39:11
COCM,0.0025,1000,2026-08-06T12:39:11
COCO,0.004135,850000,2026-08-06T12:39:11
COCP,0.633022,65000,2026-08-06T12:39:11
CODA,0.004682,550000,2026-08-06T12:39:11
CODI,0.0040939999999999995,2000000,2026-08-06T12:39:11
CODI PRA,0.316978,100000,2026-08-06T12:39:11
CODI PRB,0.302274,250000,2026-08-06T12:39:11
CODI PRC,0.142187,150000,2026-08-06T12:39:11
CODV,0.0025,90000,2026-08-06T12:39:11
CODX,0.388947,450000,2026-08-06T12:39:11
CODYY,0.035346,750000,2026-08-06T12:39:11
COE,0.021872,1100000,2026-08-06T12:39:11
COF,0.002782,4500000,2026-08-06T12:39:11
COF PRI,0.029721,150000,2026-08-06T12:39:11
COF PRJ,0.016316999999999998,1100000,2026-08-06T12:39:11
COF PRK,0.06232,50000,2026-08-06T12:39:11
COF PRL,0.01709,150000,2026-08-06T12:39:11
COF PRN,0.018259,350000,2026-08-06T12:39:11
COFS,0.004542,100000,2026-08-06T12:39:11
COGNY,0.046082,30000,2026-08-06T12:39:11
COGR,0.0025,4000,2026-08-06T12:39:11
COGT,0.004081,2200000,2026-08-06T12:39:11
COHC,0.07729899999999999,3000,2026-08-06T12:39:11
COHG,0.0025,30000,2026-08-06T12:39:11
COHH,0.08116300000000001,25000,2026-08-06T12:39:11
COHN,0.012254000000000001,30000,2026-08-06T12:39:11
COHO,0.0025,4500000,2026-08-06T12:39:11
COHR,0.0033510000000000002,2700000,2026-08-06T12:39:11
COHU,0.003198,450000,2026-08-06T12:39:11
COHX,0.186431,300000,2026-08-06T12:39:11
COIA,0.043038,20000,2026-08-06T12:39:11
COIB,0.021726000000000002,100000,2026-08-06T12:39:11
COIG,0.270701,450000,2026-08-06T12:39:11
COIHY,0.043376,100000,2026-08-06T12:39:11
COIL,0.0025,100000,2026-08-06T12:39:11
COIN,0.0025,5100000,2026-08-06T12:39:11
COIW,0.137773,100000,2026-08-06T12:39:11
COIX,0.021022,100,2026-08-06T12:39:11
COKE,0.002782,350000,2026-08-06T12:39:11
COLA,0.094903,150000,2026-08-06T12:39:11
COLAU,0.094795,100,2026-08-06T12:39:11
COLB,0.002782,5500000,2026-08-06T12:39:11
COLD,0.002782,2100000,2026-08-06T12:39:11
COLL,0.004161000000000001,350000,2026-08-06T12:39:11
COLM,0.003128,150000,2026-08-06T12:39:11
COLO,0.006502,400000,2026-08-06T12:39:11
COM,0.01902,50000,2026-08-06T12:39:11
COMB,0.084844,200000,2026-08-06T12:39:11
COMCF,0.032566000000000005,75000,2026-08-06T12:39:11
COMD,0.10291399999999999,600,2026-08-06T12:39:11
COMP,0.0025,4600000,2026-08-06T12:39:11
COMS,0.126744,40000,2026-08-06T12:39:11
COMSP,0.185199,3000,2026-08-06T12:39:11
COMT,0.014610000000000001,350000,2026-08-06T12:39:11
CON,0.004298,1600000,2026-08-06T12:39:11
CONC,0.0025,1,2026-08-06T12:39:11
CONI,0.725351,40000,2026-08-06T12:39:11
CONL,0.073514,300000,2026-08-06T12:39:11
CONX,0.14486000000000002,70000,2026-08-06T12:39:11
CONY,0.055492,300000,2026-08-06T12:39:11
COO,0.004135,3000000,2026-08-06T12:39:11
COOK,0.029501,95000,2026-08-06T12:39:11
COOT,0.14285,500000,2026-08-06T12:39:11
COP,0.0025,8400000,2026-08-06T12:39:11
COPA,0.047992999999999994,15000,2026-08-06T12:39:11
COPAF,0.014214,250000,2026-08-06T12:39:11
COPJ,0.006441,150000,2026-08-06T12:39:11
COPL,0.174629,150000,2026-08-06T12:39:11
COPL U,0.012199999999999999,300,2026-08-06T12:39:11
COPP,0.005842000000000001,300000,2026-08-06T12:39:11
COPR,0.051389,1000000,2026-08-06T12:39:11
COPX,0.002785,1800000,2026-08-06T12:39:11
COPY,0.020550000000000002,200000,2026-08-06T12:39:11
COPZ,0.070439,45000,2026-08-06T12:39:11
COR,0.004081,1700000,2026-08-06T12:39:11
CORBF,0.052376,350000,2026-08-06T12:39:11
CORD,0.7506149999999999,200000,2026-08-06T12:39:11
CORG.OLD,0.0025,200000,2026-08-06T12:39:11
CORN,0.014750000000000001,650000,2026-08-06T12:39:11
CORO,0.040452,1100000,2026-08-06T12:39:11
CORP,0.077881,15000,2026-08-06T12:39:11
CORR.OLD1,0.0025,3400000,2026-08-06T12:39:11
CORT,0.00418,1000000,2026-08-06T12:39:11
CORX.OLD1,0.0025,15000,2026-08-06T12:39:11
CORZ,0.004081,10000000,2026-08-06T12:39:11
COSAF,0.030758999999999998,95000,2026-08-06T12:39:11
COSG,0.0025,100,2026-08-06T12:39:11
COSM,0.051615,2100000,2026-08-06T12:39:11
COSO,0.011172,200000,2026-08-06T12:39:11
COSRF,0.147723,100000,2026-08-06T12:39:11
COST,0.0025,2200000,2026-08-06T12:39:11
COSW,0.108168,8000,2026-08-06T12:39:11
COTG,0.117444,10000,2026-08-06T12:39:11
COTY,0.002782,4700000,2026-08-06T12:39:11
COUR,0.004171,10000000,2026-08-06T12:39:11
COUV,0.0025,1700000,2026-08-06T12:39:11
COVTY,0.11103199999999999,45000,2026-08-06T12:39:11
COWG,0.033721,80000,2026-08-06T12:39:11
COWI,0.0025,10000000,2026-08-06T12:39:11
COWS,0.040844,20000,2026-08-06T12:39:11
COWZ,0.004135,1400000,2026-08-06T12:39:11
COYA,0.002823,600000,2026-08-06T12:39:11
COYNQ,0.11211499999999999,1600000,2026-08-06T12:39:11
COYR,0.0025,1500000,2026-08-06T12:39:11
COYY,0.08663399999999999,15000,2026-08-06T12:39:11
COZX,0.158042,50000,2026-08-06T12:39:11
CP,0.0031669999999999997,9400000,2026-08-06T12:39:11
CPA,0.0025,700000,2026-08-06T12:39:11
CPAC,0.003452,1200000,2026-08-06T12:39:11
CPAG,0.090735,20000,2026-08-06T12:39:11
CPAI,0.085097,55000,2026-08-06T12:39:11
CPAY,0.0033989999999999997,500000,2026-08-06T12:39:11
CPB,0.013607000000000001,1100000,2026-08-06T12:39:11
CPBI,0.021726000000000002,90000,2026-08-06T12:39:11
CPBXQ,0.0025,100,2026-08-06T12:39:11
CPCAY,0.0036030000000000003,15000,2026-08-06T12:39:11
CPCC.OLD,0.0025,1000,2026-08-06T12:39:11
CPCPF,0.003902,5500000,2026-08-06T12:39:11
CPDU,0.0025,35000,2026-08-06T12:39:11
CPER,0.005268,400000,2026-08-06T12:39:11
CPEU.OLD,0.0025,40000,2026-08-06T12:39:11
CPF,0.005489000000000001,400000,2026-08-06T12:39:11
CPGU,0.0025,300,2026-08-06T12:39:11
CPHC,0.052074999999999996,50000,2026-08-06T12:39:11
CPHG,0.0025,800000,2026-08-06T12:39:11
CPHI,1.8876849999999998,150000,2026-08-06T12:39:11
CPHRF,0.017952,350000,2026-08-06T12:39:11
CPHY,0.006815,1000,2026-08-06T12:39:11
CPIFF,0.038147,100000,2026-08-06T12:39:11
CPII,0.095076,3000,2026-08-06T12:39:11
CPIX,0.011665000000000002,300000,2026-08-06T12:39:11
CPK,0.002879,250000,2026-08-06T12:39:11
CPKF,0.043932,40000,2026-08-06T12:39:11
CPKRF,0.0025,200000,2026-08-06T12:39:11
CPLS,0.032551000000000004,1000,2026-08-06T12:39:11
CPMCF,0.0025,150000,2026-08-06T12:39:11
CPMD,0.0025,150000,2026-08-06T12:39:11
CPMV,0.0025,10000,2026-08-06T12:39:11
CPNG,0.004081,10000000,2026-08-06T12:39:11
CPNJ,0.031693,4000,2026-08-06T12:39:11
CPNM,0.048789,3000,2026-08-06T12:39:11
CPNQ,0.120729,8000,2026-08-06T12:39:11
CPNS,0.0025,8000,2026-08-06T12:39:11
CPNX,0.27882,25000,2026-08-06T12:39:11
CPOP,0.17693899999999999,200000,2026-08-06T12:39:11
CPPD,0.002782,55000,2026-08-06T12:39:11
CPPKF,0.019702,1700000,2026-08-06T12:39:11
CPPMF,0.049131999999999995,1800000,2026-08-06T12:39:11
CPPTL,0.0025,300000,2026-08-06T12:39:11
CPPXF,0.0025,150000,2026-08-06T12:39:11
CPQQ,0.0025,100000,2026-08-06T12:39:11
CPRI,0.004164,2000000,2026-08-06T12:39:11
CPRJ,0.080974,2000,2026-08-06T12:39:11
CPRO,0.0025,6000,2026-08-06T12:39:11
CPROF,0.0025,300,2026-08-06T12:39:11
CPRT,0.002556,10000000,2026-08-06T12:39:11
CPRY,0.12456400000000001,20000,2026-08-06T12:39:11
CPS,0.004081,850000,2026-08-06T12:39:11
CPSA,0.201603,4000,2026-08-06T12:39:11
CPSD,0.008195000000000001,35000,2026-08-06T12:39:11
CPSF,0.09161,200,2026-08-06T12:39:11
CPSH,0.012891,450000,2026-08-06T12:39:11
CPSJ,0.054097,500,2026-08-06T12:39:11
CPSL,0.031004999999999998,40000,2026-08-06T12:39:11
CPSL.OLD1,0.0025,5000,2026-08-06T12:39:11
CPSM,0.006165,1000,2026-08-06T12:39:11
CPSN,0.097501,15000,2026-08-06T12:39:11
CPSP,0.024707,55000,2026-08-06T12:39:11
CPSR,0.007933,25000,2026-08-06T12:39:11
CPSS,0.0067469999999999995,100000,2026-08-06T12:39:11
CPST,0.097501,15000,2026-08-06T12:39:11
CPSU,0.043917000000000005,2000,2026-08-06T12:39:11
CPT,0.004112,1200000,2026-08-06T12:39:11
CPTAF,0.646344,1000000,2026-08-06T12:39:11
CPTL,0.039707,45000,2026-08-06T12:39:11
CPUT,0.0025,45000,2026-08-06T12:39:11
CPWR,0.0025,200000,2026-08-06T12:39:11
CPWY,0.0025,100000,2026-08-06T12:39:11
CPXP,0.0025,4800000,2026-08-06T12:39:11
CPXR,0.042587,10000,2026-08-06T12:39:11
CPYE,0.0025,400000,2026-08-06T12:39:11
CPYJ,0.0025,600000,2026-08-06T12:39:11
CPYYY,0.043376,30000,2026-08-06T12:39:11
CPZ,0.004135,25000,2026-08-06T12:39:11
CQP,0.004178,50000,2026-08-06T12:39:11
CQQQ,0.110545,800000,2026-08-06T12:39:11
CQRLF,0.019576,300000,2026-08-06T12:39:11
CQTM,0.030924999999999998,5000,2026-08-06T12:39:11
CR,0.0025,1000000,2026-08-06T12:39:11
CRAC,0.040670000000000005,150000,2026-08-06T12:39:11
CRAI,0.007918,100000,2026-08-06T12:39:11
CRAK,0.044729,350000,2026-08-06T12:39:11
CRAN,0.058067,3800000,2026-08-06T12:39:11
CRANU,0.012706,2000,2026-08-06T12:39:11
CRAQ,0.021726000000000002,600000,2026-08-06T12:39:11
CRAQU,0.012199999999999999,3000,2026-08-06T12:39:11
CRARY,0.159745,300000,2026-08-06T12:39:11
CRBBF,0.041259,2000,2026-08-06T12:39:11
CRBD,0.0025900000000000003,150000,2026-08-06T12:39:11
CRBG,0.004081,2300000,2026-08-06T12:39:11
CRBJY,0.094903,200,2026-08-06T12:39:11
CRBN,0.030586000000000002,25000,2026-08-06T12:39:11
CRBO,0.0025,1000,2026-08-06T12:39:11
CRBP,0.004457,1800000,2026-08-06T12:39:11
CRBU,0.005055,3800000,2026-08-06T12:39:11
CRC,0.003478,1900000,2026-08-06T12:39:11
CRCA,0.109331,400000,2026-08-06T12:39:11
CRCBY,0.094903,200,2026-08-06T12:39:11
CRCD,1.153667,550000,2026-08-06T12:39:11
CRCE,0.0025,9000,2026-08-06T12:39:11
CRCG,0.064518,550000,2026-08-06T12:39:11
CRCL,0.0027960000000000003,10000000,2026-08-06T12:39:11
CRCL.OLD1,0.0025,2000000,2026-08-06T12:39:11
CRCO,0.17305,70000,2026-08-06T12:39:11
CRCS,0.0025,15000,2026-08-06T12:39:11
CRCT,0.006287,250000,2026-08-06T12:39:11
CRCUF,0.125299,450000,2026-08-06T12:39:11
CRD A,0.002513,250000,2026-08-06T12:39:11
CRD B,0.035799,55000,2026-08-06T12:39:11
CRDF,0.217149,1400000,2026-08-06T12:39:11
CRDL,0.013186999999999999,1400000,2026-08-06T12:39:11
CRDO,0.004081,3700000,2026-08-06T12:39:11
CRDOF,0.026071,4000000,2026-08-06T12:39:11
CRDT,0.049803,45000,2026-08-06T12:39:11
CRDU,0.019569,450000,2026-08-06T12:39:11
CRDV,0.0025,2000,2026-08-06T12:39:11
CRE,5.694094,1000,2026-08-06T12:39:11
CRECF,0.043932,850000,2026-08-06T12:39:11
CREG,4.010963,50000,2026-08-06T12:39:11
CRESY,0.008713,4600000,2026-08-06T12:39:11
CREX,0.002781,650000,2026-08-06T12:39:11
CRF,0.016327,1100000,2026-08-06T12:39:11
CRFTF,0.0025,1000,2026-08-06T12:39:11
CRFU,0.0025,5000,2026-08-06T12:39:11
CRGO,0.032889,800000,2026-08-06T12:39:11
CRGO.OLD1,0.0025,10000000,2026-08-06T12:39:11
CRGP,0.0025,10000000,2026-08-06T12:39:11
CRGS.OLD,0.0025,15000,2026-08-06T12:39:11
CRGY,0.002903,6900000,2026-08-06T12:39:11
CRH,0.002858,5700000,2026-08-06T12:39:11
CRHKY,0.029845,300000,2026-08-06T12:39:11
CRHY,0.0025,15000,2026-08-06T12:39:11
CRI,0.004135,1100000,2026-08-06T12:39:11
CRIS,0.059692999999999996,150000,2026-08-06T12:39:11
CRK,0.002614,1100000,2026-08-06T12:39:11
CRKN,0.031915,85000,2026-08-06T12:39:11
CRKT,0.0025,8000,2026-08-06T12:39:11
CRL,0.0025,400000,2026-08-06T12:39:11
CRLBF,0.019598,10000000,2026-08-06T12:39:11
CRLKP,0.0025,300,2026-08-06T12:39:11
CRLRQ,0.0025,600000,2026-08-06T12:39:11
CRM,0.0025,6300000,2026-08-06T12:39:11
CRMBQ,0.011132999999999999,200000,2026-08-06T12:39:11
CRMD,0.006177,1900000,2026-08-06T12:39:11
CRMG,0.041106,200000,2026-08-06T12:39:11
CRMIQ,0.0025,2000,2026-08-06T12:39:11
CRMK,0.0025,7000,2026-08-06T12:39:11
CRML,0.097508,45000,2026-08-06T12:39:11
CRMT,0.055768000000000005,800000,2026-08-06T12:39:11
CRMU,0.17625,45000,2026-08-06T12:39:11
CRMX,0.34656,100000,2026-08-06T12:39:11
CRMZ,0.0025,95000,2026-08-06T12:39:11
CRNC,0.0037819999999999998,950000,2026-08-06T12:39:11
CRNCY,0.0025,1000,2026-08-06T12:39:11
CRNG,1.558891,9000,2026-08-06T12:39:11
CRNT,0.0029110000000000004,3300000,2026-08-06T12:39:11
CRNX,0.004081,4200000,2026-08-06T12:39:11
CRON,0.012629,8300000,2026-08-06T12:39:11
CROX,0.004081,1200000,2026-08-06T12:39:11
CRPAY,0.0025,100,2026-08-06T12:39:11
CRPHY,0.043613,10000,2026-08-06T12:39:11
CRPJY,0.0025,200,2026-08-06T12:39:11
CRPT,0.012704,10000,2026-08-06T12:39:11
CRPZ,0.0025,3800000,2026-08-06T12:39:11
CRQE,0.0025,2500000,2026-08-06T12:39:11
CRRFY,0.067732,400000,2026-08-06T12:39:11
CRRSQ.OLD,0.01008,75000,2026-08-06T12:39:11
CRRVF,0.0025,75000,2026-08-06T12:39:11
CRS,0.0025,850000,2026-08-06T12:39:11
CRSF,0.0025,40000,2026-08-06T12:39:11
CRSH,0.138307,45000,2026-08-06T12:39:11
CRSP,0.0042380000000000004,800000,2026-08-06T12:39:11
CRSR,0.002845,5200000,2026-08-06T12:39:11
CRT,0.017667,100000,2026-08-06T12:39:11
CRTC,0.041533,65000,2026-08-06T12:39:11
CRTD,0.102153,9000,2026-08-06T12:39:11
CRTG,0.0025,950000,2026-08-06T12:39:11
CRTL,0.0025,100000,2026-08-06T12:39:11
CRTO,0.010926,1200000,2026-08-06T12:39:11
CRUC,0.12185700000000001,100,2026-08-06T12:39:11
CRUCF,0.032566000000000005,100000,2026-08-06T12:39:11
CRUS,0.004168,600000,2026-08-06T12:39:11
CRUX,0.039633,200000,2026-08-06T12:39:11
CRVH,0.0025,850000,2026-08-06T12:39:11
CRVL,0.0035039999999999997,550000,2026-08-06T12:39:11
CRVO,0.812416,450000,2026-08-06T12:39:11
CRVS,0.002803,300000,2026-08-06T12:39:11
CRVW,0.026071,10000000,2026-08-06T12:39:11
CRWC,0.319552,5000,2026-08-06T12:39:11
CRWD,0.0025,10000000,2026-08-06T12:39:11
CRWE,0.0025,3000,2026-08-06T12:39:11
CRWG,0.056156,150000,2026-08-06T12:39:11
CRWL,0.18455200000000002,30000,2026-08-06T12:39:11
CRWS,0.022481,250000,2026-08-06T12:39:11
CRWU,0.135389,1400000,2026-08-06T12:39:11
CRWV,0.0033250000000000003,7800000,2026-08-06T12:39:11
CRXM,0.0025,1100000,2026-08-06T12:39:11
CRXPF,0.0025,100000,2026-08-06T12:39:11
CRXTQ,0.0025,3700000,2026-08-06T12:39:11
CRY,0.068334,200,2026-08-06T12:39:11
CRYBF,0.003211,550000,2026-08-06T12:39:11
CRYCY,0.0025,3000,2026-08-06T12:39:11
CRYM,0.0025,9100000,2026-08-06T12:39:11
CRYO.OLD,0.0025,650000,2026-08-06T12:39:11
CRZBY,0.022742,100000,2026-08-06T12:39:11
CRZY,0.03419,400,2026-08-06T12:39:11
CSAI,0.093527,1000,2026-08-06T12:39:11
CSAN,0.088566,1500000,2026-08-06T12:39:11
CSB,0.007665999999999999,75000,2026-08-06T12:39:11
CSBB,0.0025,100,2026-08-06T12:39:11
CSBF,0.0025,6000,2026-08-06T12:39:11
CSBI,0.0025,10000,2026-08-06T12:39:11
CSBR,0.002933,450000,2026-08-06T12:39:11
CSCCF,0.009173,3800000,2026-08-06T12:39:11
CSCIF,0.036979000000000005,300,2026-08-06T12:39:11
CSCL,0.189291,50000,2026-08-06T12:39:11
CSCO,0.0025,10000000,2026-08-06T12:39:11
CSCS,0.23732299999999998,50000,2026-08-06T12:39:11
CSD,0.035257000000000004,30000,2026-08-06T12:39:11
CSDT,0.0025,10000,2026-08-06T12:39:11
CSDX,0.0025,100000,2026-08-06T12:39:11
CSEC,0.0025,35000,2026-08-06T12:39:11
CSEF,0.0025,150000,2026-08-06T12:39:11
CSEN,0.017391,100000,2026-08-06T12:39:11
CSEX,0.068023,35000,2026-08-06T12:39:11
CSGH,0.0025,2400000,2026-08-06T12:39:11
CSGP,0.002599,5900000,2026-08-06T12:39:11
CSHD,0.0025,250000,2026-08-06T12:39:11
CSHI,0.005107,950000,2026-08-06T12:39:11
CSHP,0.036610000000000004,20000,2026-08-06T12:39:11
CSHR,0.318674,1300000,2026-08-06T12:39:11
CSHX,0.084511,25000,2026-08-06T12:39:11
CSHZ,0.0025,1000000,2026-08-06T12:39:11
CSIO,0.954029,10000,2026-08-06T12:39:11
CSIQ,0.009282,1000000,2026-08-06T12:39:11
CSKH,0.0025,6300000,2026-08-06T12:39:11
CSKI,0.211263,850000,2026-08-06T12:39:11
CSL,0.004135,150000,2026-08-06T12:39:11
CSLI,0.0025,2000000,2026-08-06T12:39:11
CSLLY,0.014379999999999999,500000,2026-08-06T12:39:11
CSM,0.01902,20000,2026-08-06T12:39:11
CSMD,0.07602,10000,2026-08-06T12:39:11
CSNG,0.0025,150000,2026-08-06T12:39:11
CSNR,0.20289300000000002,100,2026-08-06T12:39:11
CSNY,0.0025,4000,2026-08-06T12:39:11
CSOL,0.0033239999999999997,45000,2026-08-06T12:39:11
CSPCY,0.043376,10000,2026-08-06T12:39:11
CSPF,0.62231,15000,2026-08-06T12:39:11
CSPI,0.011380999999999999,150000,2026-08-06T12:39:11
CSPS,0.0025,500000,2026-08-06T12:39:11
CSQ,0.017609,250000,2026-08-06T12:39:11
CSQR,0.033616,2100000,2026-08-06T12:39:11
CSR,0.004096,450000,2026-08-06T12:39:11
CSRE,0.371064,400,2026-08-06T12:39:11
CSRH,0.0025,2800000,2026-08-06T12:39:11
CSRNF,0.004467,800000,2026-08-06T12:39:11
CSRVD,0.112583,3000,2026-08-06T12:39:11
CSRZ,0.0025,100000,2026-08-06T12:39:11
CSSEQ,0.5815290000000001,650000,2026-08-06T12:39:11
CSSNQ,0.0025,300000,2026-08-06T12:39:11
CSSPQ,0.081902,75000,2026-08-06T12:39:11
CSSV,0.0025,100000,2026-08-06T12:39:11
CSTAF,0.01464,3000,2026-08-06T12:39:11
CSTE,0.004135,1000000,2026-08-06T12:39:11
CSTF,0.0025,10000000,2026-08-06T12:39:11
CSTJ,0.0025,45000,2026-08-06T12:39:11
CSTL,0.007562999999999999,500000,2026-08-06T12:39:11
CSTM,0.0033829999999999997,2500000,2026-08-06T12:39:11
CSTU,0.0025,900,2026-08-06T12:39:11
CSTUF,0.01464,1000,2026-08-06T12:39:11
CSTXF,0.10875299999999999,200000,2026-08-06T12:39:11
CSUAY,0.004149,80000,2026-08-06T12:39:11
CSUI,0.0025,4000,2026-08-06T12:39:11
CSV,0.003801,300000,2026-08-06T12:39:11
CSW,0.0028260000000000004,150000,2026-08-06T12:39:11
CSWC,0.070725,350000,2026-08-06T12:39:11
CSX,0.0047599999999999995,10000000,2026-08-06T12:39:11
CSXXY,0.130878,1000,2026-08-06T12:39:11
CTA,0.002782,2900000,2026-08-06T12:39:11
CTA PRA,1.695542,4000,2026-08-06T12:39:11
CTA PRB,0.367449,9000,2026-08-06T12:39:11
CTAA,0.25717,150000,2026-08-06T12:39:11
CTAAU,0.03864,400,2026-08-06T12:39:11
CTAP,0.051884,85000,2026-08-06T12:39:11
CTARF,0.03501,5000,2026-08-06T12:39:11
CTAS,0.002782,2600000,2026-08-06T12:39:11
CTBG,0.0025,1000,2026-08-06T12:39:11
CTBI,0.004129,300000,2026-08-06T12:39:11
CTCC,0.0025,650000,2026-08-06T12:39:11
CTEC,0.061226,25000,2026-08-06T12:39:11
CTEF,0.053962,15000,2026-08-06T12:39:11
CTESY,0.33023899999999995,200000,2026-08-06T12:39:11
CTEV,0.008223000000000001,50000,2026-08-06T12:39:11
CTEX,0.047435,15000,2026-08-06T12:39:11
CTGG,0.048462,450000,2026-08-06T12:39:11
CTGL,0.0025,350000,2026-08-06T12:39:11
CTGLF,0.0025,20000,2026-08-06T12:39:11
CTGO,0.004135,400000,2026-08-06T12:39:11
CTGSP,0.0025,1000,2026-08-06T12:39:11
CTHCF,0.114118,15000,2026-08-06T12:39:11
CTHH,0.12167299999999999,300000,2026-08-06T12:39:11
CTHRQ,0.031326,45000,2026-08-06T12:39:11
CTIF,0.0033239999999999997,50000,2026-08-06T12:39:11
CTKB,0.00687,8100000,2026-08-06T12:39:11
CTM,0.020973000000000002,300000,2026-08-06T12:39:11
CTMCF,0.002782,950000,2026-08-06T12:39:11
CTMX,0.004033999999999999,3800000,2026-08-06T12:39:11
CTNM,0.005888,700000,2026-08-06T12:39:11
CTNR,0.0025,10000,2026-08-06T12:39:11
CTNT,0.7630129999999999,100000,2026-08-06T12:39:11
CTO,0.004081,1300000,2026-08-06T12:39:11
CTO PRA,0.053437,55000,2026-08-06T12:39:11
CTOP,0.0025,100,2026-08-06T12:39:11
CTOR,0.035078,8200000,2026-08-06T12:39:11
CTORF,0.0025,200000,2026-08-06T12:39:11
CTOS,0.004135,1200000,2026-08-06T12:39:11
CTPCY,0.0031090000000000002,5000,2026-08-06T12:39:11
CTRE,0.003073,4800000,2026-08-06T12:39:11
CTRI,0.004092,1500000,2026-08-06T12:39:11
CTRM,0.031391,950000,2026-08-06T12:39:11
CTRN,0.0027010000000000003,100000,2026-08-06T12:39:11
CTS,0.005519,550000,2026-08-06T12:39:11
CTSH,0.0025,4900000,2026-08-06T12:39:11
CTSO,0.009405,1200000,2026-08-06T12:39:11
CTTAY,0.0065390000000000005,150000,2026-08-06T12:39:11
CTTC,0.0025,95000,2026-08-06T12:39:11
CTTH,0.006586,90000,2026-08-06T12:39:11
CTUY,0.006842,5000,2026-08-06T12:39:11
CTVA,0.003865,5000000,2026-08-06T12:39:11
CTVEF,0.0025,150000,2026-08-06T12:39:11
CTVFF,0.002837,1400000,2026-08-06T12:39:11
CTVZ,0.0025,1000,2026-08-06T12:39:11
CTW,0.060086,550000,2026-08-06T12:39:11
CTWO,0.14892,1000,2026-08-06T12:39:11
CTXAY,0.043376,300,2026-08-06T12:39:11
CTXDF,0.009834,3000,2026-08-06T12:39:11
CTXR,0.400803,100000,2026-08-06T12:39:11
CTXV,0.0025,2000,2026-08-06T12:39:11
CTXXF,0.024259,2000000,2026-08-06T12:39:11
CTYI,0.0025,80,2026-08-06T12:39:11
CTYO,0.0025,500,2026-08-06T12:39:11
CTYP,0.052051,45000,2026-08-06T12:39:11
CUAI,0.009139000000000001,2000,2026-08-06T12:39:11
CUAU,0.0025,200000,2026-08-06T12:39:11
CUAUF,0.178523,10000,2026-08-06T12:39:11
CUB,0.053833,1500000,2026-08-06T12:39:11
CUBB,0.08656599999999999,50000,2026-08-06T12:39:11
CUBE,0.004083,6500000,2026-08-06T12:39:11
CUBI,0.004081,950000,2026-08-06T12:39:11
CUBT,0.133109,10000,2026-08-06T12:39:11
CUBWU,0.051495,200,2026-08-06T12:39:11
CUE,0.10232200000000001,300000,2026-08-06T12:39:11
CUEN,0.46158099999999996,90000,2026-08-06T12:39:11
CUGCY,0.0025,300,2026-08-06T12:39:11
CUII,0.0025,1000,2026-08-06T12:39:11
CULL,0.005661,100000,2026-08-06T12:39:11
CULMF,0.040340999999999995,15000,2026-08-06T12:39:11
CULP,0.015835,800000,2026-08-06T12:39:11
CULTF,0.011132999999999999,30000,2026-08-06T12:39:11
CUPIF,0.17042100000000002,90000,2026-08-06T12:39:11
CUPPF,0.015063,100000,2026-08-06T12:39:11
CUPR,4.558479,8000,2026-08-06T12:39:11
CURB,0.00491,2000000,2026-08-06T12:39:11
CURE,0.021852999999999997,85000,2026-08-06T12:39:11
CURI,0.005142,800000,2026-08-06T12:39:11
CURLF,0.030941999999999997,4400000,2026-08-06T12:39:11
CURM,0.0025,500,2026-08-06T12:39:11
CURN,0.039439,75000,2026-08-06T12:39:11
CURR,0.290929,5900000,2026-08-06T12:39:11
CURV,0.01742,200000,2026-08-06T12:39:11
CURX,0.117098,150000,2026-08-06T12:39:11
CURXQ,0.0025,700000,2026-08-06T12:39:11
CUSI,0.0025,75000,2026-08-06T12:39:11
CUST,0.054201,250000,2026-08-06T12:39:11
CUT,0.097432,10000,2026-08-06T12:39:11
CUVL,0.072885,85000,2026-08-06T12:39:11
CUYTY,0.0033239999999999997,1000,2026-08-06T12:39:11
CUZ,0.004298,5200000,2026-08-06T12:39:11
CV,0.065302,350000,2026-08-06T12:39:11
CVALF,0.086659,75000,2026-08-06T12:39:11
CVAS,0.0025,10000,2026-08-06T12:39:11
CVAT,0.06634000000000001,6900000,2026-08-06T12:39:11
CVBF,0.0033929999999999997,1500000,2026-08-06T12:39:11
CVCO,0.003811,90000,2026-08-06T12:39:11
CVE,0.0025,10000000,2026-08-06T12:39:11
CVEO,0.004424,200000,2026-08-06T12:39:11
CVGI,0.004798,1900000,2026-08-06T12:39:11
CVGRF,0.053831,25000,2026-08-06T12:39:11
CVHL,0.0033239999999999997,300000,2026-08-06T12:39:11
CVHSY,0.17700500000000002,150000,2026-08-06T12:39:11
CVI,0.00414,200000,2026-08-06T12:39:11
CVIE,0.074138,350000,2026-08-06T12:39:11
CVIT,0.0025,15000,2026-08-06T12:39:11
CVKD,0.017901,200000,2026-08-06T12:39:11
CVLC,0.015708,350000,2026-08-06T12:39:11
CVLG,0.004135,400000,2026-08-06T12:39:11
CVLT,0.0026690000000000004,500000,2026-08-06T12:39:11
CVM,0.115754,700000,2026-08-06T12:39:11
CVMC,0.079484,15000,2026-08-06T12:39:11
CVNA,0.004183,4100000,2026-08-06T12:39:11
CVNY,0.042023000000000005,10000,2026-08-06T12:39:11
CVR,0.034211,20000,2026-08-06T12:39:11
CVRT,0.09668900000000001,15000,2026-08-06T12:39:11
CVRX,0.004971,900000,2026-08-06T12:39:11
CVS,0.004081,10000000,2026-08-06T12:39:11
CVSA,0.0025,500000,2026-08-06T12:39:11
CVSB,0.016609,2000,2026-08-06T12:39:11
CVSI,0.056922,3800000,2026-08-06T12:39:11
CVU,0.014149,750000,2026-08-06T12:39:11
CVV,0.005857,150000,2026-08-06T12:39:11
CVVT,0.057717,2300000,2026-08-06T12:39:11
CVVUF,0.048804,850000,2026-08-06T12:39:11
CVWFF,0.101272,2000,2026-08-06T12:39:11
CVX,0.0025,9600000,2026-08-06T12:39:11
CVY,0.10291399999999999,25000,2026-08-06T12:39:11
CW,0.003919000000000001,350000,2026-08-06T12:39:11
CWB,0.008853999999999999,150000,2026-08-06T12:39:11
CWBC,0.007894,200000,2026-08-06T12:39:11
CWBHF,0.032344,2700000,2026-08-06T12:39:11
CWBK,0.17626799999999998,10000,2026-08-06T12:39:11
CWCO,0.003339,350000,2026-08-06T12:39:11
CWD,0.262847,650000,2026-08-06T12:39:11
CWEB,0.008553,500000,2026-08-06T12:39:11
CWEN,0.004113,550000,2026-08-06T12:39:11
CWGL,0.016329,600000,2026-08-06T12:39:11
CWH,0.004132,2900000,2026-08-06T12:39:11
CWI,0.030507,5000,2026-08-06T12:39:11
CWID,0.0025,6000,2026-08-06T12:39:11
CWIR,0.0025,500000,2026-08-06T12:39:11
CWK,0.0025,3300000,2026-08-06T12:39:11
CWLPF,0.16084199999999998,400,2026-08-06T12:39:11
CWLTQ,0.0025,1000000,2026-08-06T12:39:11
CWNOF,0.0025,200000,2026-08-06T12:39:11
CWPE,0.0025,65000,2026-08-06T12:39:11
CWPS,0.0025,15000,2026-08-06T12:39:11
CWRN,0.0025,4600000,2026-08-06T12:39:11
CWS,0.005489000000000001,30000,2026-08-06T12:39:11
CWSFF,0.004703,40000,2026-08-06T12:39:11
CWST,0.004247,150000,2026-08-06T12:39:11
CWT,0.003957,650000,2026-08-06T12:39:11
CWTC,0.0025,43,2026-08-06T12:39:11
CWTRQ,0.0061140000000000005,350000,2026-08-06T12:39:11
CWVLF,0.002782,7000,2026-08-06T12:39:11
CWVX,0.084896,950000,2026-08-06T12:39:11
CWY,0.046832000000000006,400,2026-08-06T12:39:11
CWYUF,0.0030420000000000004,100000,2026-08-06T12:39:11
CX,0.004448,10000000,2026-08-06T12:39:11
CXAI,0.045326000000000005,450000,2026-08-06T12:39:11
CXBS,0.0025,2000,2026-08-06T12:39:11
CXDC.OLD,0.04456,550000,2026-08-06T12:39:11
CXDO,0.004135,450000,2026-08-06T12:39:11
CXII,0.045735,5500000,2026-08-06T12:39:11
CXIIU,1.177295,1000,2026-08-06T12:39:11
CXM,0.002782,3900000,2026-08-06T12:39:11
CXRN,0.066632,9000,2026-08-06T12:39:11
CXSE,0.087113,100000,2026-08-06T12:39:11
CXT,0.00419,200000,2026-08-06T12:39:11
CXTE,0.0025,10000,2026-08-06T12:39:11
CXUS,0.0025,9000,2026-08-06T12:39:11
CXW,0.003327,2800000,2026-08-06T12:39:11
CXXIF,0.186643,800000,2026-08-06T12:39:11
CYAB,0.849574,200000,2026-08-06T12:39:11
CYAN,0.0025,30000,2026-08-06T12:39:11
CYATY,0.134128,15000,2026-08-06T12:39:11
CYBCF,0.023923999999999997,1000000,2026-08-06T12:39:11
CYBD,0.0025,40000,2026-08-06T12:39:11
CYBF,0.0025,6000,2026-08-06T12:39:11
CYBL,0.004298,10000000,2026-08-06T12:39:11
CYBQY,0.003188,3000,2026-08-06T12:39:11
CYCA,0.0025,3200000,2026-08-06T12:39:11
CYCL,0.0025,55000,2026-08-06T12:39:11
CYCN,1.17748,55000,2026-08-06T12:39:11
CYCU,1.622397,35000,2026-08-06T12:39:11
CYD,0.004135,300000,2026-08-06T12:39:11
CYDVF,0.011597999999999999,700000,2026-08-06T12:39:11
CYDX,0.0033239999999999997,40000,2026-08-06T12:39:11
CYDY,0.078038,70000,2026-08-06T12:39:11
CYGE,0.0025,150000,2026-08-06T12:39:11
CYGIY,0.0025,300,2026-08-06T12:39:11
CYH,0.003366,9000000,2026-08-06T12:39:11
CYIG,0.0025,75000,2026-08-06T12:39:11
CYIO,0.00808,10000000,2026-08-06T12:39:11
CYLC,0.0025,10000,2026-08-06T12:39:11
CYLN,0.0025,10000,2026-08-06T12:39:11
CYLO,0.0025,250000,2026-08-06T12:39:11
CYLYF,0.13155,75000,2026-08-06T12:39:11
CYN,0.048723999999999996,700000,2026-08-06T12:39:11
CYNS,0.0025,7000,2026-08-06T12:39:11
CYNX,0.0025,10000000,2026-08-06T12:39:11
CYPE,0.0025,20000,2026-08-06T12:39:11
CYPH,0.020862,4700000,2026-08-06T12:39:11
CYPJ,0.0025,300000,2026-08-06T12:39:11
CYPS,0.0025,900000,2026-08-06T12:39:11
CYPW,0.0025,350000,2026-08-06T12:39:11
CYRBY,0.875132,45000,2026-08-06T12:39:11
CYRD,0.0025,35000,2026-08-06T12:39:11
CYRNQ,0.0025,350000,2026-08-06T12:39:11
CYRS,0.0025,400000,2026-08-06T12:39:11
CYRX,0.0052510000000000005,1700000,2026-08-06T12:39:11
CYSM,0.04580599999999999,10000,2026-08-06T12:39:11
CYSNF,0.072618,60000,2026-08-06T12:39:11
CYTK,0.002782,1900000,2026-08-06T12:39:11
CYTL,0.0025,20000,2026-08-06T12:39:11
CYTOF,0.08423,200000,2026-08-06T12:39:11
CYUR,0.0025,300000,2026-08-06T12:39:11
CYVF,0.086568,4000,2026-08-06T12:39:11
CYVNY,0.0025,15000,2026-08-06T12:39:11
CYXI,0.0025,400000,2026-08-06T12:39:11
CYZN,0.0025,16,2026-08-06T12:39:11
CZA,0.021030000000000004,30000,2026-08-06T12:39:11
CZBC,0.0025,100,2026-08-06T12:39:11
CZBS,0.040618999999999995,75000,2026-08-06T12:39:11
CZBT,0.026071,1000,2026-08-06T12:39:11
CZFS,0.005319000000000001,35000,2026-08-06T12:39:11
CZMWY,0.04822,8000,2026-08-06T12:39:11
CZNC,0.005345,150000,2026-08-06T12:39:11
CZOOF,6.326221,30000,2026-08-06T12:39:11
CZR,0.00419,1300000,2026-08-06T12:39:11
CZWI,0.01094,80000,2026-08-06T12:39:11
CZZLF,0.019836,100000,2026-08-06T12:39:11
D,0.004109,4000000,2026-08-06T12:39:11
DAAQ,0.016779,7000,2026-08-06T12:39:11
DAAQU,0.295057,2000,2026-08-06T12:39:11
DAAT,0.0025,10000,2026-08-06T12:39:11
DABS,0.257068,45000,2026-08-06T12:39:11
DAC,0.004108,400000,2026-08-06T12:39:11
DADS,0.06908500000000001,900,2026-08-06T12:39:11
DAIC,0.30727499999999996,40000,2026-08-06T12:39:11
DAIO,0.051495,400000,2026-08-06T12:39:11
DAJL,0.0025,10000,2026-08-06T12:39:11
DAKPQ,0.0025,1500000,2026-08-06T12:39:11
DAKT,0.00406,250000,2026-08-06T12:39:11
DAL,0.0025,6400000,2026-08-06T12:39:11
DALI,0.008195000000000001,15000,2026-08-06T12:39:11
DAMD,0.093264,2300000,2026-08-06T12:39:11
DAN,0.004487,2100000,2026-08-06T12:39:11
DANA,0.035202,40000,2026-08-06T12:39:11
DANOY,0.009548,400000,2026-08-06T12:39:11
DANR,0.0025,1100000,2026-08-06T12:39:11
DAO,0.052430000000000004,60000,2026-08-06T12:39:11
DAPP,0.136415,1000,2026-08-06T12:39:11
DAPR,0.09063,250000,2026-08-06T12:39:11
DAR,0.00377,3500000,2026-08-06T12:39:11
DARE,0.0131,400000,2026-08-06T12:39:11
DARP,0.110703,10000,2026-08-06T12:39:11
DASH,0.004262,2700000,2026-08-06T12:39:11
DASTY,0.025833,500000,2026-08-06T12:39:11
DAT,0.040670000000000005,20000,2026-08-06T12:39:11
DATI,0.0025,800,2026-08-06T12:39:11
DAUG,0.060732999999999995,6000,2026-08-06T12:39:11
DAUGF,0.019337,40000,2026-08-06T12:39:11
DAVA,0.0026969999999999997,2900000,2026-08-06T12:39:11
DAVE,0.004135,150000,2026-08-06T12:39:11
DAVNQ,0.0025,1000,2026-08-06T12:39:11
DAX,0.01908,75000,2026-08-06T12:39:11
DAZD,0.0025,1800000,2026-08-06T12:39:11
DAZSF,0.0025,25000,2026-08-06T12:39:11
DB,0.004087,2300000,2026-08-06T12:39:11
DBA,0.004293,1200000,2026-08-06T12:39:11
DBAW,0.08545799999999999,60000,2026-08-06T12:39:11
DBB,0.008365000000000001,200000,2026-08-06T12:39:11
DBC,0.008754,1200000,2026-08-06T12:39:11
DBCA,0.334774,850000,2026-08-06T12:39:11
DBCAU,0.040670000000000005,2000,2026-08-06T12:39:11
DBCCF,0.063255,1100000,2026-08-06T12:39:11
DBD,0.004146,50000,2026-08-06T12:39:11
DBE,0.051176000000000006,70000,2026-08-06T12:39:11
DBEF,0.006606,1200000,2026-08-06T12:39:11
DBEM,0.040670000000000005,60000,2026-08-06T12:39:11
DBEU,0.073145,5000,2026-08-06T12:39:11
DBEZ,0.09658099999999999,20000,2026-08-06T12:39:11
DBGF,0.0025,300000,2026-08-06T12:39:11
DBGI,0.449708,3000,2026-08-06T12:39:11
DBHL,0.053675,350000,2026-08-06T12:39:11
DBI,0.005954,6400000,2026-08-06T12:39:11
DBIN,0.051495,400,2026-08-06T12:39:11
DBJP,0.033953000000000004,45000,2026-08-06T12:39:11
DBL,0.007892,150000,2026-08-06T12:39:11
DBLR,0.0025,150000,2026-08-06T12:39:11
DBMF,0.004298,3200000,2026-08-06T12:39:11
DBMG,0.115092,300,2026-08-06T12:39:11
DBMM,0.0025,10000000,2026-08-06T12:39:11
DBND,0.034620000000000005,400000,2026-08-06T12:39:11
DBO,0.039358,65000,2026-08-06T12:39:11
DBOEY,0.053311000000000004,150000,2026-08-06T12:39:11
DBP,0.008695000000000001,7000,2026-08-06T12:39:11
DBRG,0.003996,10000000,2026-08-06T12:39:11
DBRG PRH,0.207104,100000,2026-08-06T12:39:11
DBRG PRI,0.087088,1400000,2026-08-06T12:39:11
DBRG PRJ,0.062422000000000005,1300000,2026-08-06T12:39:11
DBRM,0.0025,750000,2026-08-06T12:39:11
DBSDY,0.013983,95000,2026-08-06T12:39:11
DBTB,0.0025,300000,2026-08-06T12:39:11
DBUB.OLD,0.0025,10,2026-08-06T12:39:11
DBVT,0.05866,60000,2026-08-06T12:39:11
DBX,0.0025,3900000,2026-08-06T12:39:11
DC,0.004038,3600000,2026-08-06T12:39:11
DCAC,0.0025,10000000,2026-08-06T12:39:11
DCBG,0.01496,15000,2026-08-06T12:39:11
DCBO,0.047835,350000,2026-08-06T12:39:11
DCCPY,0.0025,100,2026-08-06T12:39:11
DCDC,0.0025,1200000,2026-08-06T12:39:11
DCFCQ,0.231082,50000,2026-08-06T12:39:11
DCGO,0.004132,5300000,2026-08-06T12:39:11
DCH,0.004081,5300000,2026-08-06T12:39:11
DCHIY,0.0025,200,2026-08-06T12:39:11
DCI,0.002782,900000,2026-08-06T12:39:11
DCLT,0.0025,1900000,2026-08-06T12:39:11
DCMDF,0.037687,250000,2026-08-06T12:39:11
DCMT,0.138095,2000,2026-08-06T12:39:11
DCNMQ,0.0025,400000,2026-08-06T12:39:11
DCNNF,0.0029360000000000002,35000,2026-08-06T12:39:11
DCO,0.004131,400000,2026-08-06T12:39:11
DCOM,0.002934,400000,2026-08-06T12:39:11
DCOM PR,0.19449000000000002,30000,2026-08-06T12:39:11
DCOR,0.013269,1300000,2026-08-06T12:39:11
DCOY,2.87276,20000,2026-08-06T12:39:11
DCRE,0.031869,80000,2026-08-06T12:39:11
DCSX,0.0033239999999999997,100,2026-08-06T12:39:11
DCTH,0.004133,2400000,2026-08-06T12:39:11
DCX,3.357055,45000,2026-08-06T12:39:11
DD,0.0025,1700000,2026-08-06T12:39:11
DDC,0.216193,700000,2026-08-06T12:39:11
DDCC,0.0025,800000,2026-08-06T12:39:11
DDD,0.002611,3400000,2026-08-06T12:39:11
DDDD,0.09718600000000001,900,2026-08-06T12:39:11
DDDX,0.0025,1300000,2026-08-06T12:39:11
DDEC,0.094795,20000,2026-08-06T12:39:11
DDEJF,0.006586,1100000,2026-08-06T12:39:11
DDEQ,0.0025,75000,2026-08-06T12:39:11
DDFA,0.067511,2000,2026-08-06T12:39:11
DDFD,0.14892,65000,2026-08-06T12:39:11
DDFF,0.0025,10000,2026-08-06T12:39:11
DDFG,0.0025,200,2026-08-06T12:39:11
DDFJ,0.012383,80000,2026-08-06T12:39:11
DDFL,0.045879,400,2026-08-06T12:39:11
DDFM,0.039452,40000,2026-08-06T12:39:11
DDFN,0.082617,55000,2026-08-06T12:39:11
DDFO,0.031280999999999996,85000,2026-08-06T12:39:11
DDFS,0.0025,15000,2026-08-06T12:39:11
DDFY,0.687464,100000,2026-08-06T12:39:11
DDFZ,0.5134810000000001,15000,2026-08-06T12:39:11
DDI,0.015155,1600000,2026-08-06T12:39:11
DDIV,0.041317000000000006,70000,2026-08-06T12:39:11
DDL,0.008346,10000000,2026-08-06T12:39:11
DDLS,0.069224,150000,2026-08-06T12:39:11
DDM,0.015567,100000,2026-08-06T12:39:11
DDNFF,0.178704,100000,2026-08-06T12:39:11
DDNQ,0.034445,30000,2026-08-06T12:39:11
DDOG,0.0025,3600000,2026-08-06T12:39:11
DDS,0.004923,55000,2026-08-06T12:39:11
DDSQ,0.18923600000000002,30000,2026-08-06T12:39:11
DDT,0.11909,45000,2026-08-06T12:39:11
DDTA,0.013832,4000,2026-08-06T12:39:11
DDTD,0.08723,60000,2026-08-06T12:39:11
DDTF,0.11103199999999999,15000,2026-08-06T12:39:11
DDTG,0.078805,300,2026-08-06T12:39:11
DDTJ,0.11845,10000,2026-08-06T12:39:11
DDTL,0.119702,35000,2026-08-06T12:39:11
DDTM,0.116445,10000,2026-08-06T12:39:11
DDTN,0.0025,60000,2026-08-06T12:39:11
DDTO,0.0025,75000,2026-08-06T12:39:11
DDTS,0.28766400000000003,1000,2026-08-06T12:39:11
DDTY,0.160567,10000,2026-08-06T12:39:11
DDTZ,0.056393000000000006,200000,2026-08-06T12:39:11
DDWM,0.025702,500000,2026-08-06T12:39:11
DDX,0.05826,10000,2026-08-06T12:39:11
DE,0.0028399999999999996,1400000,2026-08-06T12:39:11
DEA,0.0029509999999999996,550000,2026-08-06T12:39:11
DEC,0.011009,1100000,2026-08-06T12:39:11
DECK,0.004081,2300000,2026-08-06T12:39:11
DECM,0.008195000000000001,25000,2026-08-06T12:39:11
DECN,0.0212,200000,2026-08-06T12:39:11
DECO,0.034521,200,2026-08-06T12:39:11
DECT,0.074498,5000,2026-08-06T12:39:11
DECU,0.00319,10000,2026-08-06T12:39:11
DECW,0.0025,40000,2026-08-06T12:39:11
DECZ,0.10156000000000001,800,2026-08-06T12:39:11
DEED,0.103128,4000,2026-08-06T12:39:11
DEEF,0.008195000000000001,50000,2026-08-06T12:39:11
DEEP,0.010306,45000,2026-08-06T12:39:11
DEER,0.0025,900000,2026-08-06T12:39:11
DEFI,0.031978,3000,2026-08-06T12:39:11
DEFR,0.052666000000000004,100000,2026-08-06T12:39:11
DEFT,0.018259,7200000,2026-08-06T12:39:11
DEHP,0.047571,450000,2026-08-06T12:39:11
DEI,0.004144999999999999,1200000,2026-08-06T12:39:11
DELCF,0.0025,20000,2026-08-06T12:39:11
DELHY,0.010901000000000001,150000,2026-08-06T12:39:11
DELKY,0.0025,6000,2026-08-06T12:39:11
DELL,0.0025,2700000,2026-08-06T12:39:11
DELX,0.0025,300000,2026-08-06T12:39:11
DEM,0.012166,150000,2026-08-06T12:39:11
DEMCF,0.10961499999999999,700000,2026-08-06T12:39:11
DEMZ,0.028058999999999997,10000,2026-08-06T12:39:11
DENG,0.0025,40000,2026-08-06T12:39:11
DENI,0.011457,10000,2026-08-06T12:39:11
DEO,0.004854,200000,2026-08-06T12:39:11
DEQI,0.0025,750000,2026-08-06T12:39:11
DERM,0.008916,85000,2026-08-06T12:39:11
DES,0.020034999999999997,300000,2026-08-06T12:39:11
DESK,0.040670000000000005,20000,2026-08-06T12:39:11
DESTQ,0.059532999999999996,200000,2026-08-06T12:39:11
DETX,0.052397,85000,2026-08-06T12:39:11
DEUS,0.040340999999999995,25000,2026-08-06T12:39:11
DEVM,0.0025,60000,2026-08-06T12:39:11
DEVSF,0.524336,1100000,2026-08-06T12:39:11
DEVV.OLD,0.008195000000000001,4000,2026-08-06T12:39:11
DEW,0.073464,45000,2026-08-06T12:39:11
DEWM,0.0025,6300000,2026-08-06T12:39:11
DEWY,0.0025,10000,2026-08-06T12:39:11
DEXC,0.144904,150000,2026-08-06T12:39:11
DFAC,0.0064139999999999996,10000000,2026-08-06T12:39:11
DFAE,0.004273,5100000,2026-08-06T12:39:11
DFAI,0.00737,2300000,2026-08-06T12:39:11
DFAL,0.009047,300,2026-08-06T12:39:11
DFAR,0.007980000000000001,800000,2026-08-06T12:39:11
DFAS,0.008775,2000000,2026-08-06T12:39:11
DFAT,0.007045,2800000,2026-08-06T12:39:11
DFAU,0.009007,3500000,2026-08-06T12:39:11
DFAW,0.015094000000000002,400000,2026-08-06T12:39:11
DFAX,0.008349,5000000,2026-08-06T12:39:11
DFCA,0.026986,40000,2026-08-06T12:39:11
DFCF,0.017016,4700000,2026-08-06T12:39:11
DFDV,0.095557,400000,2026-08-06T12:39:11
DFE,0.075313,35000,2026-08-06T12:39:11
DFEB,0.040714,35000,2026-08-06T12:39:11
DFEL,0.056922,8000,2026-08-06T12:39:11
DFEM,0.012254000000000001,4200000,2026-08-06T12:39:11
DFEN,0.008689,100000,2026-08-06T12:39:11
DFEV,0.006328,2300000,2026-08-06T12:39:11
DFGP,0.07014300000000001,800000,2026-08-06T12:39:11
DFGR,0.017218,1900000,2026-08-06T12:39:11
DFGX,0.044459,1200000,2026-08-06T12:39:11
DFH,0.004152,400000,2026-08-06T12:39:11
DFIC,0.008678,6600000,2026-08-06T12:39:11
DFIFF,0.0025,30000,2026-08-06T12:39:11
DFIHY,0.0025,2000,2026-08-06T12:39:11
DFII,0.09739300000000001,100000,2026-08-06T12:39:11
DFIN,0.00455,600000,2026-08-06T12:39:11
DFIP,0.046082,800000,2026-08-06T12:39:11
DFIS,0.007462,1200000,2026-08-06T12:39:11
DFIV,0.006811,3900000,2026-08-06T12:39:11
DFJ,0.008226,250000,2026-08-06T12:39:11
DFKCY,0.005706,150000,2026-08-06T12:39:11
DFLI,0.078209,450000,2026-08-06T12:39:11
DFLV,0.024218000000000003,1800000,2026-08-06T12:39:11
DFLY,0.0025,900,2026-08-06T12:39:11
DFMC,0.394527,7000,2026-08-06T12:39:11
DFMTF,0.026071,4000000,2026-08-06T12:39:11
DFNL,0.017928,70000,2026-08-06T12:39:11
DFNM,0.064539,95000,2026-08-06T12:39:11
DFNS.OLD1,0.11103199999999999,15000,2026-08-06T12:39:11
DFP,0.020373000000000002,100000,2026-08-06T12:39:11
DFSB,0.081069,150000,2026-08-06T12:39:11
DFSC,0.705,150000,2026-08-06T12:39:11
DFSD,0.019432,3200000,2026-08-06T12:39:11
DFSE,0.042439,200000,2026-08-06T12:39:11
DFSI,0.029331,500000,2026-08-06T12:39:11
DFSU,0.038645,950000,2026-08-06T12:39:11
DFSV,0.007905,3400000,2026-08-06T12:39:11
DFTC,0.133239,75000,2026-08-06T12:39:11
DFTX,0.002782,1300000,2026-08-06T12:39:11
DFUS,0.0031869999999999997,3200000,2026-08-06T12:39:11
DFUV,0.007602,4000000,2026-08-06T12:39:11
DFVE,0.049127000000000004,25000,2026-08-06T12:39:11
DFVX,0.037049,30000,2026-08-06T12:39:11
DG,0.004081,3900000,2026-08-06T12:39:11
DGAC,0.311295,200000,2026-08-06T12:39:11
DGAC U,0.012199999999999999,2000,2026-08-06T12:39:11
DGAP,0.104214,30000,2026-08-06T12:39:11
DGCB,0.039862,1500000,2026-08-06T12:39:11
DGCMF,0.008393000000000001,1400000,2026-08-06T12:39:11
DGCT,0.0025,25000,2026-08-06T12:39:11
DGDCF,0.002999,10000,2026-08-06T12:39:11
DGHG,0.0025,35000,2026-08-06T12:39:11
DGICA,0.0042580000000000005,250000,2026-08-06T12:39:11
DGICB,0.061418,400,2026-08-06T12:39:11
DGIF,0.0025,300,2026-08-06T12:39:11
DGII,0.004182,350000,2026-08-06T12:39:11
DGIN,0.043268,100000,2026-08-06T12:39:11
DGIX,0.0025,1000,2026-08-06T12:39:11
DGJL,0.045065999999999995,25000,2026-08-06T12:39:11
DGLO,0.0027500000000000003,3000,2026-08-06T12:39:11
DGLPQ,0.0025,550000,2026-08-06T12:39:11
DGLT.OLD,0.0025,5000,2026-08-06T12:39:11
DGMA,0.0025,10000000,2026-08-06T12:39:11
DGMS,0.0025,30000,2026-08-06T12:39:11
DGNG,0.0025,3000,2026-08-06T12:39:11
DGNMF,0.0025,8000,2026-08-06T12:39:11
DGNOF,0.035284,1500000,2026-08-06T12:39:11
DGNX,0.302143,80000,2026-08-06T12:39:11
DGOC,0.10823,100,2026-08-06T12:39:11
DGP,0.087699,45000,2026-08-06T12:39:11
DGRE,0.044053,20000,2026-08-06T12:39:11
DGRI,0.0025,10000000,2026-08-06T12:39:11
DGRO,0.004657,1500000,2026-08-06T12:39:11
DGRS,0.018284,90000,2026-08-06T12:39:11
DGRW,0.009503000000000001,900000,2026-08-06T12:39:11
DGS,0.00738,800000,2026-08-06T12:39:11
DGT,0.054953,25000,2026-08-06T12:39:11
DGTEF,0.0033239999999999997,85000,2026-08-06T12:39:11
DGTHF,0.065041,9000,2026-08-06T12:39:11
DGTW,0.0025,10000000,2026-08-06T12:39:11
DGWIY,0.410946,1000000,2026-08-06T12:39:11
DGWR,0.0025,50000,2026-08-06T12:39:11
DGX,0.003064,1100000,2026-08-06T12:39:11
DGXX,0.004228,5300000,2026-08-06T12:39:11
DGZ,0.03909,40000,2026-08-06T12:39:11
DH,0.008451,8100000,2026-08-06T12:39:11
DHAI,0.191091,40000,2026-08-06T12:39:11
DHBUF,0.178704,50000,2026-08-06T12:39:11
DHC,0.0028770000000000002,3800000,2026-08-06T12:39:11
DHCC,0.0025,70000,2026-08-06T12:39:11
DHCNI,0.064046,200000,2026-08-06T12:39:11
DHCNL,0.036610000000000004,100000,2026-08-06T12:39:11
DHDG,0.165261,100,2026-08-06T12:39:11
DHF,0.004184,450000,2026-08-06T12:39:11
DHI,0.004081,1900000,2026-08-06T12:39:11
DHLGY,0.029434000000000002,150000,2026-08-06T12:39:11
DHLX,0.036610000000000004,10000,2026-08-06T12:39:11
DHPIQ,0.0025,100000,2026-08-06T12:39:11
DHR,0.004081,5400000,2026-08-06T12:39:11
DHS,0.026264,100000,2026-08-06T12:39:11
DHSM,0.0025,9400000,2026-08-06T12:39:11
DHT,0.002782,5000000,2026-08-06T12:39:11
DHTI,0.0025,650000,2026-08-06T12:39:11
DHX,0.004271,1800000,2026-08-06T12:39:11
DHY,0.009245999999999999,1500000,2026-08-06T12:39:11
DIA,0.002797,550000,2026-08-06T12:39:11
DIAAF,0.0025,60000,2026-08-06T12:39:11
DIAL,0.14892,30000,2026-08-06T12:39:11
DIBS,0.010901000000000001,950000,2026-08-06T12:39:11
DIDG,0.0025,10000000,2026-08-06T12:39:11
DIDIY,0.0033489999999999995,10000000,2026-08-06T12:39:11
DIEM,0.08975899999999999,60000,2026-08-06T12:39:11
DIFTY,0.115092,300000,2026-08-06T12:39:11
DIG,0.032626,40000,2026-08-06T12:39:11
DIGI,0.0025,450000,2026-08-06T12:39:11
DIHP,0.008005,1900000,2026-08-06T12:39:11
DIIBF,0.030714,100000,2026-08-06T12:39:11
DIM,0.09739300000000001,55000,2026-08-06T12:39:11
DIMC,0.10020699999999999,1000,2026-08-06T12:39:11
DIME,0.131667,800,2026-08-06T12:39:11
DIN,0.008329999999999999,450000,2026-08-06T12:39:11
DINE,1.1710500000000001,7000,2026-08-06T12:39:11
DINO,0.004158,1300000,2026-08-06T12:39:11
DINT,0.025744,35000,2026-08-06T12:39:11
DIOD,0.003432,650000,2026-08-06T12:39:11
DIPR,0.10934100000000001,20000,2026-08-06T12:39:11
DIPS,0.005301,1000,2026-08-06T12:39:11
DIS,0.004081,10000000,2026-08-06T12:39:11
DISK,0.083684,250000,2026-08-06T12:39:11
DISV,0.00622,1500000,2026-08-06T12:39:11
DIT,0.039383,99,2026-08-06T12:39:11
DIV,0.019952,650000,2026-08-06T12:39:11
DIVB,0.032565,30000,2026-08-06T12:39:11
DIVG,0.234167,3000,2026-08-06T12:39:11
DIVI,0.025665,250000,2026-08-06T12:39:11
DIVN,0.054047,20000,2026-08-06T12:39:11
DIVO,0.009548,1500000,2026-08-06T12:39:11
DIVP,0.043376,2000,2026-08-06T12:39:11
DIVS,0.008195000000000001,30000,2026-08-06T12:39:11
DIVY,0.002782,30000,2026-08-06T12:39:11
DIVZ,0.157039,30000,2026-08-06T12:39:11
DJAN,0.077096,70000,2026-08-06T12:39:11
DJCO,0.004135,10000,2026-08-06T12:39:11
DJD,0.024923999999999998,100000,2026-08-06T12:39:11
DJIA,0.006812,25000,2026-08-06T12:39:11
DJJI,0.0025,15000,2026-08-06T12:39:11
DJP,0.004298,550000,2026-08-06T12:39:11
DJT,0.004526,300000,2026-08-06T12:39:11
DJTU,0.290584,90000,2026-08-06T12:39:11
DJUL,0.03655,200000,2026-08-06T12:39:11
DJUN,0.058638,30000,2026-08-06T12:39:11
DK,0.003957,600000,2026-08-06T12:39:11
DKAM,0.0025,10000000,2026-08-06T12:39:11
DKGH,0.0025,200,2026-08-06T12:39:11
DKGR,0.0025,2200000,2026-08-06T12:39:11
DKI,0.8328279999999999,20000,2026-08-06T12:39:11
DKILY,0.040316,400000,2026-08-06T12:39:11
DKIN,0.0025,750000,2026-08-06T12:39:11
DKL,0.029806,550000,2026-08-06T12:39:11
DKLRF,0.004081,900,2026-08-06T12:39:11
DKNG,0.002782,10000000,2026-08-06T12:39:11
DKNX,0.126404,25000,2026-08-06T12:39:11
DKS,0.002647,150000,2026-08-06T12:39:11
DKSC,0.0025,10000000,2026-08-06T12:39:11
DKTS,0.0025,10000000,2026-08-06T12:39:11
DLAG,0.148812,30000,2026-08-06T12:39:11
DLAKY,0.023079000000000002,250000,2026-08-06T12:39:11
DLAPQ,0.016329,250000,2026-08-06T12:39:11
DLB,0.00428,1300000,2026-08-06T12:39:11
DLCR,0.0025,4100000,2026-08-06T12:39:11
DLFE,0.231747,25000,2026-08-06T12:39:11
DLGI,0.0025,20000,2026-08-06T12:39:11
DLHC,0.032332,100000,2026-08-06T12:39:11
DLICY,0.180042,80000,2026-08-06T12:39:11
DLLL,0.016033,100000,2026-08-06T12:39:11
DLMI,0.0025,1000,2026-08-06T12:39:11
DLMY,0.10562099999999999,55000,2026-08-06T12:39:11
DLN,0.008525,300000,2026-08-06T12:39:11
DLNDY,0.117798,45000,2026-08-06T12:39:11
DLNG,0.03944,1900000,2026-08-06T12:39:11
DLNG PRA,0.110989,75000,2026-08-06T12:39:11
DLO,0.005912,4300000,2026-08-06T12:39:11
DLOC,0.0025,8800000,2026-08-06T12:39:11
DLPM,0.0025,600000,2026-08-06T12:39:11
DLPN,0.148975,150000,2026-08-06T12:39:11
DLPX,0.0025,100000,2026-08-06T12:39:11
DLR,0.002736,3800000,2026-08-06T12:39:11
DLR PRJ,0.056907,4000,2026-08-06T12:39:11
DLR PRK,0.15464,100000,2026-08-06T12:39:11
DLR PRL,0.014749000000000002,40000,2026-08-06T12:39:11
DLS,0.025785,200000,2026-08-06T12:39:11
DLTA,0.0025,9000,2026-08-06T12:39:11
DLTH,0.003841,700000,2026-08-06T12:39:11
DLTI,0.178704,650000,2026-08-06T12:39:11
DLTR,0.0025,2700000,2026-08-06T12:39:11
DLX,0.0025740000000000003,750000,2026-08-06T12:39:11
DLXY,0.300808,800000,2026-08-06T12:39:11
DLY,0.005417,200000,2026-08-06T12:39:11
DLYT.OLD,0.0025,95000,2026-08-06T12:39:11
DMA,0.01373,400000,2026-08-06T12:39:11
DMAA,0.24634499999999998,40000,2026-08-06T12:39:11
DMAAU,0.012199999999999999,2000,2026-08-06T12:39:11
DMAC,0.010616,200000,2026-08-06T12:39:11
DMAN,0.0025,10000000,2026-08-06T12:39:11
DMAR,0.020745,30000,2026-08-06T12:39:11
DMAX,0.032551000000000004,70000,2026-08-06T12:39:11
DMAY,0.048213,40000,2026-08-06T12:39:11
DMB,0.004182,150000,2026-08-06T12:39:11
DMBS,0.024432,100000,2026-08-06T12:39:11
DMC,0.004137,45000,2026-08-06T12:39:11
DMCD,0.0025,250000,2026-08-06T12:39:11
DMCHY,0.0025,100,2026-08-06T12:39:11
DMCUF,0.108818,300000,2026-08-06T12:39:11
DMDD,0.0025,650000,2026-08-06T12:39:11
DMEHF,0.008036999999999999,450000,2026-08-06T12:39:11
DMFG,0.0025,2000,2026-08-06T12:39:11
DMGGF,0.182621,1400000,2026-08-06T12:39:11
DMHI,0.0025,5200000,2026-08-06T12:39:11
DMIFF,0.060885999999999996,650000,2026-08-06T12:39:11
DMII,0.054201,2000000,2026-08-06T12:39:11
DMIIU,0.026728000000000002,2000,2026-08-06T12:39:11
DMKPQ,0.319955,550000,2026-08-06T12:39:11
DMLP,0.0068330000000000005,900000,2026-08-06T12:39:11
DMNIF,0.061794,950000,2026-08-06T12:39:11
DMNM,0.0025,5000,2026-08-06T12:39:11
DMO,0.017183,80000,2026-08-06T12:39:11
DMRA,0.056868999999999996,900000,2026-08-06T12:39:11
DMRC,0.006777,1200000,2026-08-06T12:39:11
DMX,0.056697,4000,2026-08-06T12:39:11
DMXCF,0.032708,300000,2026-08-06T12:39:11
DMXF,0.029162,250000,2026-08-06T12:39:11
DMZPY,0.00818,700,2026-08-06T12:39:11
DNA,0.00605,550000,2026-08-06T12:39:11
DNAG,0.0025,3800000,2026-08-06T12:39:11
DNAT,0.0025,90000,2026-08-06T12:39:11
DNAX,0.0025,10000000,2026-08-06T12:39:11
DNBBY,0.021254,100000,2026-08-06T12:39:11
DNCVF,0.025949,1200000,2026-08-06T12:39:11
DNDT,0.0025,2000,2026-08-06T12:39:11
DNK,0.0,6400000,2026-08-06T12:39:11
DNKEY,0.045286,150000,2026-08-06T12:39:11
DNL,0.031080999999999998,10000,2026-08-06T12:39:11
DNLI,0.004298,1000000,2026-08-06T12:39:11
DNLMY,0.0025,7000,2026-08-06T12:39:11
DNLZY,0.113739,10000,2026-08-06T12:39:11
DNMX,0.013238000000000002,950000,2026-08-06T12:39:11
DNMXU,0.012199999999999999,100000,2026-08-06T12:39:11
DNN,0.004177,5900000,2026-08-06T12:39:11
DNNGY,0.093169,350000,2026-08-06T12:39:11
DNOPY,0.072668,200000,2026-08-06T12:39:11
DNOV,0.043376,150000,2026-08-06T12:39:11
DNOW,0.002785,3300000,2026-08-06T12:39:11
DNP,0.023458999999999997,550000,2026-08-06T12:39:11
DNPLY,0.045812,95000,2026-08-06T12:39:11
DNRG,0.0025,10000000,2026-08-06T12:39:11
DNRSF,0.022993,2900000,2026-08-06T12:39:11
DNTH,0.004135,300000,2026-08-06T12:39:11
DNTUY,0.105265,9000,2026-08-06T12:39:11
DNUT,0.0032329999999999998,650000,2026-08-06T12:39:11
DNZOY,0.009277,300000,2026-08-06T12:39:11
DOC,0.0037630000000000003,6500000,2026-08-06T12:39:11
DOCK,0.040670000000000005,5000,2026-08-06T12:39:11
DOCN,0.0025,850000,2026-08-06T12:39:11
DOCT,0.017606,200000,2026-08-06T12:39:11
DOCU,0.004081,6300000,2026-08-06T12:39:11
DOG,0.09723000000000001,100000,2026-08-06T12:39:11
DOGG,0.08212799999999999,25000,2026-08-06T12:39:11
DOGP,0.014948999999999999,350000,2026-08-06T12:39:11
DOGZ,0.138771,800000,2026-08-06T12:39:11
DOJE,0.057004,150000,2026-08-06T12:39:11
DOL,0.033904000000000004,75000,2026-08-06T12:39:11
DOLE,0.0037930000000000004,10000000,2026-08-06T12:39:11
DOMH,0.011876,250000,2026-08-06T12:39:11
DOMK,0.0025,10000000,2026-08-06T12:39:11
DOMO,0.007229,5500000,2026-08-06T12:39:11
DOMR,0.0025,20000,2026-08-06T12:39:11
DON,0.013058,450000,2026-08-06T12:39:11
DOO,0.006518,1800000,2026-08-06T12:39:11
DORM,0.002585,250000,2026-08-06T12:39:11
DOUG,0.004149,3400000,2026-08-06T12:39:11
DOV,0.004081,1100000,2026-08-06T12:39:11
DOW,0.0025,10000000,2026-08-06T12:39:11
DOX,0.003564,1700000,2026-08-06T12:39:11
DOYU,0.013607000000000001,1200000,2026-08-06T12:39:11
DPAT,0.0025,55000,2026-08-06T12:39:11
DPBE,0.0025,1100000,2026-08-06T12:39:11
DPC,0.045049,600000,2026-08-06T12:39:11
DPER,0.0025,2500000,2026-08-06T12:39:11
DPFD,0.0025,1700000,2026-08-06T12:39:11
DPG,0.021981,100000,2026-08-06T12:39:11
DPLS,0.055298999999999994,300000,2026-08-06T12:39:11
DPMAY,0.13672800000000002,40000,2026-08-06T12:39:11
DPMLF,0.004553,200000,2026-08-06T12:39:11
DPRE,0.119043,100,2026-08-06T12:39:11
DPRK,0.0025,60000,2026-08-06T12:39:11
DPRO,0.147238,35000,2026-08-06T12:39:11
DPSM.OLD,0.0025,5000,2026-08-06T12:39:11
DPST,0.018975,70000,2026-08-06T12:39:11
DPU,0.63383,150000,2026-08-06T12:39:11
DPU.OLD1,0.015448,300,2026-08-06T12:39:11
DPUI,0.0025,1300000,2026-08-06T12:39:11
DPUKY,0.043376,3000,2026-08-06T12:39:11
DPXCF,0.535849,200000,2026-08-06T12:39:11
DPZ,0.0025,300000,2026-08-06T12:39:11
DQ,0.004081,10000000,2026-08-06T12:39:11
DQJCY,0.035986,200000,2026-08-06T12:39:11
DQWS,0.017952,25000,2026-08-06T12:39:11
DRAI,0.21251699999999998,15000,2026-08-06T12:39:11
DRAL,0.199562,55000,2026-08-06T12:39:11
DRAM,0.0027050000000000004,10000000,2026-08-06T12:39:11
DRAY,0.097501,9000,2026-08-06T12:39:11
DRCR,0.0025,3500000,2026-08-06T12:39:11
DRCT,1.19059,45000,2026-08-06T12:39:11
DRD,0.002677,700000,2026-08-06T12:39:11
DRDB,0.192484,500000,2026-08-06T12:39:11
DRDBU,0.228507,200,2026-08-06T12:39:11
DREM,0.0025,100000,2026-08-06T12:39:11
DRES,0.07857,400,2026-08-06T12:39:11
DRGG,0.0025,950000,2026-08-06T12:39:11
DRGN,0.022424,10000,2026-08-06T12:39:11
DRGV,0.0025,10000000,2026-08-06T12:39:11
DRGZ,0.0025,300000,2026-08-06T12:39:11
DRH,0.004135,5000000,2026-08-06T12:39:11
DRI,0.00255,450000,2026-08-06T12:39:11
DRIO,0.04518,300000,2026-08-06T12:39:11
DRIP,0.125522,15000,2026-08-06T12:39:11
DRIV,0.002782,150000,2026-08-06T12:39:11
DRKOF,0.0025,400,2026-08-06T12:39:11
DRKY,0.040769,2000,2026-08-06T12:39:11
DRLL,0.036624,100000,2026-08-06T12:39:11
DRMA,0.157709,100000,2026-08-06T12:39:11
DRMP,0.058825,10000,2026-08-06T12:39:11
DRMTY,0.0025,10000,2026-08-06T12:39:11
DRMX,0.0025,250000,2026-08-06T12:39:11
DRMY,0.040087000000000005,1000,2026-08-06T12:39:11
DRN,0.092919,65000,2026-08-06T12:39:11
DRNG,0.0025,5300000,2026-08-06T12:39:11
DRNK,0.0025,10000000,2026-08-06T12:39:11
DRNL,0.156676,4000,2026-08-06T12:39:11
DRNZ,0.024607999999999998,100000,2026-08-06T12:39:11
DROP,0.0033239999999999997,600000,2026-08-06T12:39:11
DROR,0.0025,100000,2026-08-06T12:39:11
DRPRY,0.144066,300000,2026-08-06T12:39:11
DRRSF,0.005499,2100000,2026-08-06T12:39:11
DRS,0.0042120000000000005,1300000,2026-08-06T12:39:11
DRSK,0.123254,300000,2026-08-06T12:39:11
DRTS,0.10865,650000,2026-08-06T12:39:11
DRTTF,0.016083,2200000,2026-08-06T12:39:11
DRUG,0.017308,700000,2026-08-06T12:39:11
DRUP,0.148812,50000,2026-08-06T12:39:11
DRV,0.07174900000000001,35000,2026-08-06T12:39:11
DRVN,0.004744,900000,2026-08-06T12:39:11
DRWN,0.0025,10000000,2026-08-06T12:39:11
DRYGF,0.024328,2900000,2026-08-06T12:39:11
DRYN,0.0025,4000,2026-08-06T12:39:11
DSAC,0.021726000000000002,3700000,2026-08-06T12:39:11
DSACU,0.012199999999999999,5000,2026-08-06T12:39:11
DSC,0.7299089999999999,15000,2026-08-06T12:39:11
DSCO,0.042324,65000,2026-08-06T12:39:11
DSCR,0.0025,10000000,2026-08-06T12:39:11
DSCSY,0.038752,100000,2026-08-06T12:39:11
DSDVY,0.049738,45000,2026-08-06T12:39:11
DSEAF,0.052051,30000,2026-08-06T12:39:11
DSEEY,0.035257000000000004,45000,2026-08-06T12:39:11
DSEN,0.0025,95000,2026-08-06T12:39:11
DSEP,0.145501,200000,2026-08-06T12:39:11
DSFGY,0.0033239999999999997,600,2026-08-06T12:39:11
DSFIY,0.9144140000000001,100000,2026-08-06T12:39:11
DSGN,0.005242,1100000,2026-08-06T12:39:11
DSGR,0.004024,250000,2026-08-06T12:39:11
DSGT,0.0025,2100000,2026-08-06T12:39:11
DSGX,0.0032540000000000004,700000,2026-08-06T12:39:11
DSHL,0.0025,200000,2026-08-06T12:39:11
DSI,0.004923,250000,2026-08-06T12:39:11
DSIIQ,0.021726000000000002,95000,2026-08-06T12:39:11
DSL,0.002781,1000000,2026-08-06T12:39:11
DSM,0.004275999999999999,1400000,2026-08-06T12:39:11
DSMC,0.035529000000000005,4000,2026-08-06T12:39:11
DSNKY,0.060967,150000,2026-08-06T12:39:11
DSNY,0.002782,20000,2026-08-06T12:39:11
DSOL,0.0025,7000,2026-08-06T12:39:11
DSOX,0.0025,400000,2026-08-06T12:39:11
DSP,0.004190999999999999,200000,2026-08-06T12:39:11
DSPA,0.0025,60000,2026-08-06T12:39:11
DSPY,0.049438,1000,2026-08-06T12:39:11
DSRM,0.0025,500000,2026-08-06T12:39:11
DSS,0.033828,300000,2026-08-06T12:39:11
DSTL,0.003247,150000,2026-08-06T12:39:11
DSTX,0.098881,60000,2026-08-06T12:39:11
DSU,0.010105999999999999,350000,2026-08-06T12:39:11
DSUS,0.0025,1200000,2026-08-06T12:39:11
DSVSF,0.00821,2100000,2026-08-06T12:39:11
DSWL,0.047121,450000,2026-08-06T12:39:11
DSX,0.010825,2900000,2026-08-06T12:39:11
DSX PRB,0.349182,25000,2026-08-06T12:39:11
DSY,5.520385,10000,2026-08-06T12:39:11
DT,0.002879,7700000,2026-08-06T12:39:11
DTAN,0.151746,10000,2026-08-06T12:39:11
DTARF,0.071536,250000,2026-08-06T12:39:11
DTB,0.013489,30000,2026-08-06T12:39:11
DTCFF,0.137149,40000,2026-08-06T12:39:11
DTCKF,0.607374,10000,2026-08-06T12:39:11
DTCR,0.013693,600000,2026-08-06T12:39:11
DTCT,0.0025,200000,2026-08-06T12:39:11
DTCWY,0.0025,2000,2026-08-06T12:39:11
DTCX,0.033564,500000,2026-08-06T12:39:11
DTD,0.014728000000000002,70000,2026-08-06T12:39:11
DTE,0.004222,2200000,2026-08-06T12:39:11
DTEAF,0.065041,350000,2026-08-06T12:39:11
DTEC,0.0033239999999999997,65000,2026-08-06T12:39:11
DTEGY,0.003196,250000,2026-08-06T12:39:11
DTEMF,0.0025,10000,2026-08-06T12:39:11
DTF,0.064105,200000,2026-08-06T12:39:11
DTG,0.015766,2000,2026-08-06T12:39:11
DTGI,0.048804,1000000,2026-08-06T12:39:11
DTH,0.024432,100000,2026-08-06T12:39:11
DTI,0.017613,1400000,2026-08-06T12:39:11
DTII,0.0025,150000,2026-08-06T12:39:11
DTIL,0.009489,450000,2026-08-06T12:39:11
DTK,0.028492000000000003,100000,2026-08-06T12:39:11
DTLAP,0.0025,650000,2026-08-06T12:39:11
DTM,0.004298,950000,2026-08-06T12:39:11
DTMXF,0.006586,100000,2026-08-06T12:39:11
DTRE,0.09739300000000001,3000,2026-08-06T12:39:11
DTRK,0.0025,70000,2026-08-06T12:39:11
DTRL,0.0025,200,2026-08-06T12:39:11
DTRO,0.0025,7000,2026-08-06T12:39:11
DTRUY,0.046304,75000,2026-08-06T12:39:11
DTSQ,0.037368,85000,2026-08-06T12:39:11
DTSQU,0.012199999999999999,200,2026-08-06T12:39:11
DTSS,0.014355,150000,2026-08-06T12:39:11
DTST,0.062641,65000,2026-08-06T12:39:11
DTTO,0.0025,950000,2026-08-06T12:39:11
DTW,0.013434999999999999,40000,2026-08-06T12:39:11
DTWOF,0.0033239999999999997,80000,2026-08-06T12:39:11
DTZNY,0.0025,8000,2026-08-06T12:39:11
DUBS,0.096069,150000,2026-08-06T12:39:11
DUCP,0.0025,95000,2026-08-06T12:39:11
DUFRY,0.00302,150000,2026-08-06T12:39:11
DUG,0.090106,80000,2026-08-06T12:39:11
DUHP,0.007372999999999999,4700000,2026-08-06T12:39:11
DUK,0.002674,6100000,2026-08-06T12:39:11
DUK PRA,0.152733,2000,2026-08-06T12:39:11
DUKB,0.08317999999999999,65000,2026-08-06T12:39:11
DUKQ,0.054093,300,2026-08-06T12:39:11
DUKR,0.11554299999999999,100000,2026-08-06T12:39:11
DUKX,0.166217,200,2026-08-06T12:39:11
DULL,0.116445,200,2026-08-06T12:39:11
DUNK,0.051495,300,2026-08-06T12:39:11
DUO,0.212135,1000000,2026-08-06T12:39:11
DUOG,0.005218,10000,2026-08-06T12:39:11
DUOL,0.0025,2500000,2026-08-06T12:39:11
DUOT,0.005254999999999999,850000,2026-08-06T12:39:11
DURA,0.043168,1000,2026-08-06T12:39:11
DUSA,0.037855,25000,2026-08-06T12:39:11
DUSB,0.022025000000000003,1100000,2026-08-06T12:39:11
DUSL,0.22511399999999998,80000,2026-08-06T12:39:11
DUST,0.40825,100000,2026-08-06T12:39:11
DUSYF,0.0025,15000,2026-08-06T12:39:11
DUTY,0.045406,15000,2026-08-06T12:39:11
DUUO,0.0025,700000,2026-08-06T12:39:11
DV,0.004046,5600000,2026-08-06T12:39:11
DVA,0.002565,400000,2026-08-06T12:39:11
DVAL,0.097501,15000,2026-08-06T12:39:11
DVAR,0.0025,75000,2026-08-06T12:39:11
DVCMY,0.115144,100000,2026-08-06T12:39:11
DVDN,0.059614,4000,2026-08-06T12:39:11
DVHGF,0.037372999999999997,1000,2026-08-06T12:39:11
DVLP,0.0025,1600000,2026-08-06T12:39:11
DVLT,0.097091,150000,2026-08-06T12:39:11
DVLT.CNT,0.0025,10000,2026-08-06T12:39:11
DVLU,0.015135000000000001,20000,2026-08-06T12:39:11
DVN,0.0025,10000000,2026-08-06T12:39:11
DVNCF,0.0025,1100000,2026-08-06T12:39:11
DVND,0.10763500000000001,100,2026-08-06T12:39:11
DVNNF,0.0025,90000,2026-08-06T12:39:11
DVOL,0.041557000000000004,30000,2026-08-06T12:39:11
DVQQ,0.14892,10000,2026-08-06T12:39:11
DVSP,0.097412,3000,2026-08-06T12:39:11
DVXE,0.045525,3000,2026-08-06T12:39:11
DVXV,0.14892,600,2026-08-06T12:39:11
DVY,0.005948,100000,2026-08-06T12:39:11
DVYA,0.004356,35000,2026-08-06T12:39:11
DVYE,0.0025,500000,2026-08-06T12:39:11
DWAHY,0.02759,250000,2026-08-06T12:39:11
DWAS,0.049542,200000,2026-08-06T12:39:11
DWAW,0.097501,100000,2026-08-06T12:39:11
DWAY,0.0025,55000,2026-08-06T12:39:11
DWLD,0.050811,15000,2026-08-06T12:39:11
DWM,0.026382,100000,2026-08-06T12:39:11
DWMF,0.003237,30000,2026-08-06T12:39:11
DWNFQ,0.033856000000000004,10000,2026-08-06T12:39:11
DWNX,0.0025,8000,2026-08-06T12:39:11
DWOG,0.0025,300000,2026-08-06T12:39:11
DWSH,0.05432000000000001,40000,2026-08-06T12:39:11
DWSN,0.029983,100000,2026-08-06T12:39:11
DWTX,0.005489000000000001,2600000,2026-08-06T12:39:11
DWUS,0.0025,7000,2026-08-06T12:39:11
DWX,0.012473000000000001,75000,2026-08-06T12:39:11
DX,0.0025,6100000,2026-08-06T12:39:11
DX PRC,0.102189,80000,2026-08-06T12:39:11
DXBRF,0.037762,100000,2026-08-06T12:39:11
DXC,0.003554,2000000,2026-08-06T12:39:11
DXCM,0.004081,5000000,2026-08-06T12:39:11
DXD,0.044167,30000,2026-08-06T12:39:11
DXF,4.075057,100000,2026-08-06T12:39:11
DXIV,0.075933,100000,2026-08-06T12:39:11
DXJ,0.0025,300000,2026-08-06T12:39:11
DXLG,0.008789,1500000,2026-08-06T12:39:11
DXPE,0.003562,150000,2026-08-06T12:39:11
DXR,0.051495,100000,2026-08-06T12:39:11
DXST,6.907935,2000,2026-08-06T12:39:11
DXUV,0.058044000000000005,1100000,2026-08-06T12:39:11
DXYN,0.045556,250000,2026-08-06T12:39:11
DXYZ,0.0054930000000000005,4100000,2026-08-06T12:39:11
DY,0.004122,1200000,2026-08-06T12:39:11
DYAI,0.006733,800000,2026-08-06T12:39:11
DYFI,0.073199,20000,2026-08-06T12:39:11
DYFSF,0.096206,200000,2026-08-06T12:39:11
DYII,0.043183,65000,2026-08-06T12:39:11
DYLD,0.006842,40000,2026-08-06T12:39:11
DYLG,0.17977100000000001,50000,2026-08-06T12:39:11
DYMTF,0.035336,4300000,2026-08-06T12:39:11
DYN,0.004117,950000,2026-08-06T12:39:11
DYNA,0.131615,85000,2026-08-06T12:39:11
DYNC,0.012199999999999999,1400000,2026-08-06T12:39:11
DYNCU,0.012199999999999999,9000,2026-08-06T12:39:11
DYNF,0.0066679999999999994,1000000,2026-08-06T12:39:11
DYNR,0.055298999999999994,95000,2026-08-06T12:39:11
DYNTQ,0.035814,150000,2026-08-06T12:39:11
DYOR,0.157039,700000,2026-08-06T12:39:11
DYORU,0.012199999999999999,600,2026-08-06T12:39:11
DYSL,0.052051,100000,2026-08-06T12:39:11
DYTA,0.19690200000000002,100,2026-08-06T12:39:11
DZCA,0.0025,4000,2026-08-06T12:39:11
DZSIQ,0.008215,250000,2026-08-06T12:39:11
DZZ,0.09344200000000001,30000,2026-08-06T12:39:11
E,0.004118,600000,2026-08-06T12:39:11
EAATF,0.032501,600000,2026-08-06T12:39:11
EACO,0.0025,10000,2026-08-06T12:39:11
EAD,0.07514599999999999,400000,2026-08-06T12:39:11
EADSY,0.003212,550000,2026-08-06T12:39:11
EAF,0.010953,200000,2026-08-06T12:39:11
EAGG,0.00437,350000,2026-08-06T12:39:11
EAGL,0.0037719999999999997,300000,2026-08-06T12:39:11
EAGM,0.0025,300000,2026-08-06T12:39:11
EAI,0.047173,15000,2026-08-06T12:39:11
EALT,0.034248,350000,2026-08-06T12:39:11
EAOA,0.094903,87,2026-08-06T12:39:11
EAOK,0.045974,1000,2026-08-06T12:39:11
EAOM,0.040670000000000005,300,2026-08-06T12:39:11
EAOR,0.017196,10000,2026-08-06T12:39:11
EAPH,0.0025,1500000,2026-08-06T12:39:11
EAPR,0.044438000000000005,65000,2026-08-06T12:39:11
EARI,0.0025,10000000,2026-08-06T12:39:11
EARN,0.12625,600000,2026-08-06T12:39:11
EART,0.043071,75000,2026-08-06T12:39:11
EASG,0.04394,55000,2026-08-06T12:39:11
EAT,0.004135,400000,2026-08-06T12:39:11
EATR,0.0025,10000000,2026-08-06T12:39:11
EAUI,0.0025,100000,2026-08-06T12:39:11
EAWD,0.0025,2600000,2026-08-06T12:39:11
EAXR,0.002782,6000,2026-08-06T12:39:11
EBAY,0.00419,6000000,2026-08-06T12:39:11
EBC,0.0027900000000000004,3300000,2026-08-06T12:39:11
EBCOY,0.011351,150000,2026-08-06T12:39:11
EBCRY,0.0025,700,2026-08-06T12:39:11
EBDC,0.0025,70000,2026-08-06T12:39:11
EBET,0.27072399999999996,350000,2026-08-06T12:39:11
EBF,0.003556,550000,2026-08-06T12:39:11
EBI,0.009197,100000,2026-08-06T12:39:11
EBIT,0.024437,1000,2026-08-06T12:39:11
EBIZ,0.04845,50000,2026-08-06T12:39:11
EBKDY,0.013966000000000001,75000,2026-08-06T12:39:11
EBLC,0.0025,1600000,2026-08-06T12:39:11
EBMT,0.012254000000000001,100000,2026-08-06T12:39:11
EBND,0.00751,150000,2026-08-06T12:39:11
EBODF,0.0025,35000,2026-08-06T12:39:11
EBON,0.073145,250000,2026-08-06T12:39:11
EBS,0.004304,1200000,2026-08-06T12:39:11
EBSH,0.0025,2000,2026-08-06T12:39:11
EBWK,0.0025,35000,2026-08-06T12:39:11
EBZT,0.178704,450000,2026-08-06T12:39:11
EC,0.012874000000000002,700000,2026-08-06T12:39:11
ECAT,0.011810000000000001,350000,2026-08-06T12:39:11
ECAU,0.0025,4500000,2026-08-06T12:39:11
ECBK,0.005119,45000,2026-08-06T12:39:11
ECC,0.11957000000000001,35000,2026-08-06T12:39:11
ECC PRD,0.032575,250000,2026-08-06T12:39:11
ECCC,0.082735,15000,2026-08-06T12:39:11
ECCE,0.0025,70000,2026-08-06T12:39:11
ECCI,0.0025,10000000,2026-08-06T12:39:11
ECCU,0.148201,80000,2026-08-06T12:39:11
ECCV,0.213155,30000,2026-08-06T12:39:11
ECDC,0.0025,10000000,2026-08-06T12:39:11
ECDD,0.0025,300,2026-08-06T12:39:11
ECDI,0.0025,10000,2026-08-06T12:39:11
ECDP,0.0025,150000,2026-08-06T12:39:11
ECEZ,0.0025,450000,2026-08-06T12:39:11
ECF,0.02093,500000,2026-08-06T12:39:11
ECF PRA,0.273746,20000,2026-08-06T12:39:11
ECG,0.002782,600000,2026-08-06T12:39:11
ECGP,0.0025,10000,2026-08-06T12:39:11
ECGR.OLD1,0.0025,700000,2026-08-06T12:39:11
ECGS,0.0025,300000,2026-08-06T12:39:11
ECH,0.004135,500000,2026-08-06T12:39:11
ECHO,0.002839,550000,2026-08-06T12:39:11
ECHX,0.070356,200000,2026-08-06T12:39:11
ECIA,0.120829,90000,2026-08-06T12:39:11
ECL,0.004081,2600000,2026-08-06T12:39:11
ECMH,0.0025,9800000,2026-08-06T12:39:11
ECML,0.097501,15000,2026-08-06T12:39:11
ECNI,0.0025,100000,2026-08-06T12:39:11
ECNS,0.003148,100000,2026-08-06T12:39:11
ECO,0.009935000000000001,750000,2026-08-06T12:39:11
ECOB,0.0025,10000000,2026-08-06T12:39:11
ECOG,0.0025,25000,2026-08-06T12:39:11
ECON,0.702734,75000,2026-08-06T12:39:11
ECOP,0.024432,2300000,2026-08-06T12:39:11
ECOR,0.011487,2000000,2026-08-06T12:39:11
ECOS,0.0025,10000000,2026-08-06T12:39:11
ECOW,0.045597000000000006,250000,2026-08-06T12:39:11
ECPG,0.004128,200000,2026-08-06T12:39:11
ECPL,0.0025,750000,2026-08-06T12:39:11
ECPN,0.0025,10000000,2026-08-06T12:39:11
ECRO,0.0025,7200000,2026-08-06T12:39:11
ECTA,0.0025,100,2026-08-06T12:39:11
ECTM,0.191694,200000,2026-08-06T12:39:11
ECVT,0.004081,2300000,2026-08-06T12:39:11
ECX,0.040660999999999996,3900000,2026-08-06T12:39:11
ECXJ,0.0025,1000,2026-08-06T12:39:11
ED,0.0025,3600000,2026-08-06T12:39:11
EDBL,5.493558,3000,2026-08-06T12:39:11
EDC,0.10561999999999999,50000,2026-08-06T12:39:11
EDD,0.008872999999999999,250000,2026-08-06T12:39:11
EDDYF,0.038283,150000,2026-08-06T12:39:11
EDEN,0.194926,9000,2026-08-06T12:39:11
EDEP,0.0025,10000,2026-08-06T12:39:11
EDF,0.372984,100000,2026-08-06T12:39:11
EDGE,0.0025,25000,2026-08-06T12:39:11
EDGF,0.220187,35000,2026-08-06T12:39:11
EDGH,0.7404689999999999,9000,2026-08-06T12:39:11
EDGI,1.004851,25000,2026-08-06T12:39:11
EDGQ,0.084969,200,2026-08-06T12:39:11
EDGX,0.10832599999999999,7000,2026-08-06T12:39:11
EDHL,4.094286,9000,2026-08-06T12:39:11
EDIG,0.041006999999999995,2300000,2026-08-06T12:39:11
EDIT,0.0046429999999999996,3800000,2026-08-06T12:39:11
EDIV,0.027622,600000,2026-08-06T12:39:11
EDN,0.038425,350000,2026-08-06T12:39:11
EDNMY,0.040670000000000005,6000,2026-08-06T12:39:11
EDOG,0.12879300000000002,60000,2026-08-06T12:39:11
EDOW,0.043762999999999996,1000,2026-08-06T12:39:11
EDPFY,0.03649,150000,2026-08-06T12:39:11
EDRY,0.051495,150000,2026-08-06T12:39:11
EDSA,0.635818,85000,2026-08-06T12:39:11
EDSFF,0.09426899999999999,600000,2026-08-06T12:39:11
EDTA,0.0025,350000,2026-08-06T12:39:11
EDTK,0.090735,90000,2026-08-06T12:39:11
EDTXF,0.0025,100000,2026-08-06T12:39:11
EDU,0.0025,5200000,2026-08-06T12:39:11
EDUC,0.0025,500000,2026-08-06T12:39:11
EDV,0.004446,1000000,2026-08-06T12:39:11
EDVMF,0.0028199999999999996,200,2026-08-06T12:39:11
EDVR,0.191694,5000,2026-08-06T12:39:11
EDXC,0.0025,4300000,2026-08-06T12:39:11
EDZ,0.657356,90000,2026-08-06T12:39:11
EE,0.0025,850000,2026-08-06T12:39:11
EEA,0.021415000000000003,70000,2026-08-06T12:39:11
EEDG,0.0025,1500000,2026-08-06T12:39:11
EEEP,0.0025,100000,2026-08-06T12:39:11
EEFT,0.002995,900000,2026-08-06T12:39:11
EEGC,0.0025,5900000,2026-08-06T12:39:11
EEGI,0.0025,10000000,2026-08-06T12:39:11
EEIQ,0.159009,30000,2026-08-06T12:39:11
EELV,0.030859,200000,2026-08-06T12:39:11
EEM,0.004135,4800000,2026-08-06T12:39:11
EEMA,0.004957,200000,2026-08-06T12:39:11
EEMMF,0.027184,250000,2026-08-06T12:39:11
EEMO,0.061642999999999996,100000,2026-08-06T12:39:11
EEMS,0.023182,150000,2026-08-06T12:39:11
EEMV,0.003851,100000,2026-08-06T12:39:11
EEMX,0.044729,1,2026-08-06T12:39:11
EENT,0.0025,600000,2026-08-06T12:39:11
EES,0.046082,100000,2026-08-06T12:39:11
EESE,0.0025,2900000,2026-08-06T12:39:11
EESH,0.0025,100000,2026-08-06T12:39:11
EESO,0.0025,10000000,2026-08-06T12:39:11
EESV,0.0025,200000,2026-08-06T12:39:11
EET,0.031065,15000,2026-08-06T12:39:11
EETH,0.10036099999999999,150000,2026-08-06T12:39:11
EEV,0.204178,2000,2026-08-06T12:39:11
EFA,0.004631,1600000,2026-08-06T12:39:11
EFAA,0.070439,50000,2026-08-06T12:39:11
EFAD,0.027566999999999998,1000,2026-08-06T12:39:11
EFAS,0.034104999999999996,15000,2026-08-06T12:39:11
EFAV,0.009725000000000001,75000,2026-08-06T12:39:11
EFAX,0.034935,100000,2026-08-06T12:39:11
EFC,0.002782,2000000,2026-08-06T12:39:11
EFC PRB,0.031998,40000,2026-08-06T12:39:11
EFC PRC,0.268643,10000,2026-08-06T12:39:11
EFC PRD,0.14892,8000,2026-08-06T12:39:11
EFCT,0.0025,10000,2026-08-06T12:39:11
EFG,0.014644999999999998,850000,2026-08-06T12:39:11
EFGSY,0.16839700000000002,2000,2026-08-06T12:39:11
EFIR,0.0025,10000000,2026-08-06T12:39:11
EFIV,0.03325,70000,2026-08-06T12:39:11
EFLN,0.0025,100000,2026-08-06T12:39:11
EFLO,0.0025,30000,2026-08-06T12:39:11
EFNL,0.10429500000000001,2000,2026-08-06T12:39:11
EFO,0.040331,15000,2026-08-06T12:39:11
EFOI,0.616234,75000,2026-08-06T12:39:11
EFOR,0.004081,1000000,2026-08-06T12:39:11
EFR,0.008082,2000,2026-08-06T12:39:11
EFRA,0.125917,600,2026-08-06T12:39:11
EFSC,0.004018,800000,2026-08-06T12:39:11
EFSCP,0.25471699999999997,400000,2026-08-06T12:39:11
EFSI,0.009729999999999999,250000,2026-08-06T12:39:11
EFT,0.025686,4000,2026-08-06T12:39:11
EFTB,0.0025,1,2026-08-06T12:39:11
EFTR,0.052051,75000,2026-08-06T12:39:11
EFTY,0.667055,15000,2026-08-06T12:39:11
EFU,0.024087,25000,2026-08-06T12:39:11
EFV,0.023514,75000,2026-08-06T12:39:11
EFX,0.002782,1700000,2026-08-06T12:39:11
EFXT,0.010026,550000,2026-08-06T12:39:11
EFZ,1.213829,10000,2026-08-06T12:39:11
EG,0.004214,600000,2026-08-06T12:39:11
EGAN,0.004194,400000,2026-08-06T12:39:11
EGBN,0.004132,200000,2026-08-06T12:39:11
EGDD,0.0025,700,2026-08-06T12:39:11
EGG,1.098562,300000,2026-08-06T12:39:11
EGGQ,0.06868199999999999,25000,2026-08-06T12:39:11
EGGS,0.05375,8000,2026-08-06T12:39:11
EGGY,0.03292,85000,2026-08-06T12:39:11
EGHA,0.013607000000000001,2100000,2026-08-06T12:39:11
EGHAU,0.012199999999999999,200,2026-08-06T12:39:11
EGHSF,0.004135,500,2026-08-06T12:39:11
EGHT,0.007497,3100000,2026-08-06T12:39:11
EGIEY,0.706161,40000,2026-08-06T12:39:11
EGIL,0.0025,1600000,2026-08-06T12:39:11
EGLE,0.6780740000000001,45000,2026-08-06T12:39:11
EGLXF,0.080299,1200000,2026-08-06T12:39:11
EGMCF,0.042309,500000,2026-08-06T12:39:11
EGO,0.0041789999999999996,1000000,2026-08-06T12:39:11
EGOC,0.0025,15000,2026-08-06T12:39:11
EGOXF,0.0025,1400000,2026-08-06T12:39:11
EGP,0.004135,900000,2026-08-06T12:39:11
EGPLF,0.11837,350000,2026-08-06T12:39:11
EGRX,0.005848,250000,2026-08-06T12:39:11
EGTK,0.0025,2600000,2026-08-06T12:39:11
EGTYF,0.004135,30000,2026-08-06T12:39:11
EGUS,0.043376,20000,2026-08-06T12:39:11
EGVIQ,0.0025,35000,2026-08-06T12:39:11
EGY,0.004532,1800000,2026-08-06T12:39:11
EGYF,0.0025,40000,2026-08-06T12:39:11
EGYH,0.0025,150000,2026-08-06T12:39:11
EH,0.013485,1700000,2026-08-06T12:39:11
EHC,0.0025,2400000,2026-08-06T12:39:11
EHGO,3.948183,70000,2026-08-06T12:39:11
EHI,0.027323,250000,2026-08-06T12:39:11
EHLD,0.042672999999999996,150000,2026-08-06T12:39:11
EHLS,0.10020699999999999,15000,2026-08-06T12:39:11
EHMEF,0.14891500000000002,70000,2026-08-06T12:39:11
EHOS,0.0025,10000000,2026-08-06T12:39:11
EHSI,0.00517,60000,2026-08-06T12:39:11
EHSI.OLD1,0.0025,200000,2026-08-06T12:39:11
EHTH,0.006618000000000001,1600000,2026-08-06T12:39:11
EHVVF,0.0025,4200000,2026-08-06T12:39:11
EHY,0.13533,10000,2026-08-06T12:39:11
EHYD,0.0025,10000000,2026-08-06T12:39:11
EIC,0.013477,750000,2026-08-06T12:39:11
EICA,1.080772,50000,2026-08-06T12:39:11
EIDO,0.10688800000000001,6200000,2026-08-06T12:39:11
EIFZF,0.002575,75000,2026-08-06T12:39:11
EIG,0.004298,150000,2026-08-06T12:39:11
EIGRQ,0.354926,200000,2026-08-06T12:39:11
EIIA,0.165157,15000,2026-08-06T12:39:11
EIKN,0.04184,600000,2026-08-06T12:39:11
EIM,0.048192000000000006,35000,2026-08-06T12:39:11
EINC,0.04259,1000,2026-08-06T12:39:11
EIPC,0.0025,1200000,2026-08-06T12:39:11
EIPI,0.004697,400000,2026-08-06T12:39:11
EIPX,0.040670000000000005,250000,2026-08-06T12:39:11
EIRL,0.029845,30000,2026-08-06T12:39:11
EIS,0.004801000000000001,300000,2026-08-06T12:39:11
EIX,0.002644,10000000,2026-08-06T12:39:11
EJAN,0.016755,95000,2026-08-06T12:39:11
EJH,0.112385,40000,2026-08-06T12:39:11
EJPRY,0.011181000000000002,150000,2026-08-06T12:39:11
EJUL,0.046022,450000,2026-08-06T12:39:11
EKCS,0.0025,350000,2026-08-06T12:39:11
EKGGF,0.004135,35000,2026-08-06T12:39:11
EKII,0.0025,800000,2026-08-06T12:39:11
EKTAY,0.121995,35000,2026-08-06T12:39:11
EKWX,0.0025,10000000,2026-08-06T12:39:11
EL,0.0025,3100000,2026-08-06T12:39:11
ELA,0.004859,450000,2026-08-06T12:39:11
ELAB,1.568831,350000,2026-08-06T12:39:11
ELAMF,0.0025,2000,2026-08-06T12:39:11
ELAN,0.004144999999999999,5000000,2026-08-06T12:39:11
ELAY,0.0025,750000,2026-08-06T12:39:11
ELBM,0.013803000000000001,4200000,2026-08-06T12:39:11
ELC,0.042217000000000005,30000,2026-08-06T12:39:11
ELCHQ,0.0025,200000,2026-08-06T12:39:11
ELCO,0.0025,3,2026-08-06T12:39:11
ELCV,0.055959,150000,2026-08-06T12:39:11
ELD,0.15273199999999998,100000,2026-08-06T12:39:11
ELDN,0.0040550000000000004,600000,2026-08-06T12:39:11
ELE,0.053807999999999995,900000,2026-08-06T12:39:11
ELECF,0.0033239999999999997,750000,2026-08-06T12:39:11
ELED,0.0025,750000,2026-08-06T12:39:11
ELEK,0.230664,35000,2026-08-06T12:39:11
ELEZY,0.027139000000000003,100000,2026-08-06T12:39:11
ELF,0.004083,1900000,2026-08-06T12:39:11
ELFIF,0.012081,300000,2026-08-06T12:39:11
ELFY,0.036168,25000,2026-08-06T12:39:11
ELGT,0.0025,2000,2026-08-06T12:39:11
ELIL,0.231931,10000,2026-08-06T12:39:11
ELIO,0.0025,1000,2026-08-06T12:39:11
ELIQQ,0.0025,300000,2026-08-06T12:39:11
ELLA,0.09000899999999999,60000,2026-08-06T12:39:11
ELLH,0.015782,30000,2026-08-06T12:39:11
ELLO,0.088029,6000,2026-08-06T12:39:11
ELM,0.025623,100000,2026-08-06T12:39:11
ELMA,0.0033239999999999997,1000,2026-08-06T12:39:11
ELMD,0.005096000000000001,750000,2026-08-06T12:39:11
ELME,0.003629,9100000,2026-08-06T12:39:11
ELMGF,0.037206,700000,2026-08-06T12:39:11
ELMSQ,1.069378,70000,2026-08-06T12:39:11
ELMT,0.034315000000000005,100000,2026-08-06T12:39:11
ELNX,0.0025,500,2026-08-06T12:39:11
ELOG,0.149819,150000,2026-08-06T12:39:11
ELOL,0.104267,20000,2026-08-06T12:39:11
ELOX,0.387757,200000,2026-08-06T12:39:11
ELPC,0.011062,250000,2026-08-06T12:39:11
ELPW,2.4370760000000002,450000,2026-08-06T12:39:11
ELRA,0.0025,10000000,2026-08-06T12:39:11
ELRNF,0.056922,200,2026-08-06T12:39:11
ELRRF,0.053453999999999995,75000,2026-08-06T12:39:11
ELS,0.002502,1500000,2026-08-06T12:39:11
ELST,0.0025,150000,2026-08-06T12:39:11
ELTK,0.080511,95000,2026-08-06T12:39:11
ELTP,0.034276,10000000,2026-08-06T12:39:11
ELTX,0.309711,1700000,2026-08-06T12:39:11
ELTZ,0.0025,10000000,2026-08-06T12:39:11
ELUT,0.04546700000000001,1500000,2026-08-06T12:39:11
ELUXY,0.373539,35000,2026-08-06T12:39:11
ELV,0.0025,2500000,2026-08-06T12:39:11
ELVA,0.030673,90000,2026-08-06T12:39:11
ELVG,0.0025,1000,2026-08-06T12:39:11
ELVN,0.004087,700000,2026-08-06T12:39:11
ELVR,0.32636899999999996,100000,2026-08-06T12:39:11
ELWT,0.037143,250000,2026-08-06T12:39:11
ELYS,0.079263,250000,2026-08-06T12:39:11
EMA,0.032764,9400000,2026-08-06T12:39:11
EMAT,0.253171,100000,2026-08-06T12:39:11
EMAUF,0.010347,2400000,2026-08-06T12:39:11
EMAV,0.0025,800000,2026-08-06T12:39:11
EMB,0.008235,1800000,2026-08-06T12:39:11
EMBA,0.0025,750000,2026-08-06T12:39:11
EMBC,0.00344,1400000,2026-08-06T12:39:11
EMBD,0.0055910000000000005,25000,2026-08-06T12:39:11
EMBJ,0.002782,1800000,2026-08-06T12:39:11
EMBR,0.004135,2200000,2026-08-06T12:39:11
EMBR.OLD1,0.0025,100000,2026-08-06T12:39:11
EMBX,0.099795,1000,2026-08-06T12:39:11
EMC,0.040670000000000005,3000,2026-08-06T12:39:11
EMCB,0.297764,2000,2026-08-06T12:39:11
EMCGF,0.01464,15000,2026-08-06T12:39:11
EMCR,0.092089,7000,2026-08-06T12:39:11
EMCS,0.036159,30000,2026-08-06T12:39:11
EMD,0.02732,400000,2026-08-06T12:39:11
EMDF,0.0025,200000,2026-08-06T12:39:11
EMDG,0.0025,45000,2026-08-06T12:39:11
EMDM,0.088029,20000,2026-08-06T12:39:11
EMDV,0.017667,1000,2026-08-06T12:39:11
EME,0.004081,650000,2026-08-06T12:39:11
EMED,0.133239,10000000,2026-08-06T12:39:11
EMEQ,0.095167,50000,2026-08-06T12:39:11
EMES,0.039317000000000005,100,2026-08-06T12:39:11
EMET,0.040670000000000005,6000,2026-08-06T12:39:11
EMETF,0.020774,250000,2026-08-06T12:39:11
EMEXF,0.0025,200000,2026-08-06T12:39:11
EMF,0.015377,100000,2026-08-06T12:39:11
EMGDF,0.232223,100000,2026-08-06T12:39:11
EMGE,0.0025,5800000,2026-08-06T12:39:11
EMGF,0.01496,100000,2026-08-06T12:39:11
EMHC,0.217779,7000,2026-08-06T12:39:11
EMHI.OLD,0.0025,15000,2026-08-06T12:39:11
EMHY,0.019009,200000,2026-08-06T12:39:11
EMIF,0.08424,100000,2026-08-06T12:39:11
EMIS,0.012199999999999999,100000,2026-08-06T12:39:11
EMITF,0.060884,35000,2026-08-06T12:39:11
EMKT,0.032963,25000,2026-08-06T12:39:11
EML,0.012254000000000001,45000,2026-08-06T12:39:11
EMLAF,0.003792,450000,2026-08-06T12:39:11
EMLC,0.004122,1400000,2026-08-06T12:39:11
EMLL,0.0025,10000000,2026-08-06T12:39:11
EMLP,0.008738000000000001,550000,2026-08-06T12:39:11
EMM,0.12907400000000002,6000,2026-08-06T12:39:11
EMMA,0.002999,80000,2026-08-06T12:39:11
EMMF,0.059162,500,2026-08-06T12:39:11
EMMS,0.009834,45000,2026-08-06T12:39:11
EMN,0.002782,1200000,2026-08-06T12:39:11
EMNT,0.03666,100000,2026-08-06T12:39:11
EMO,0.014258999999999999,200000,2026-08-06T12:39:11
EMON,0.0025,150000,2026-08-06T12:39:11
EMOP,0.326313,20000,2026-08-06T12:39:11
EMOR,0.006586,400000,2026-08-06T12:39:11
EMOTF,0.031516999999999996,40000,2026-08-06T12:39:11
EMP,0.012254000000000001,10000,2026-08-06T12:39:11
EMPB,0.074448,2000,2026-08-06T12:39:11
EMPD,0.104048,500000,2026-08-06T12:39:11
EMPM,0.0025,100,2026-08-06T12:39:11
EMPO,0.0025,200,2026-08-06T12:39:11
EMPPF,0.17843499999999998,2000,2026-08-06T12:39:11
EMPS,0.0025,1,2026-08-06T12:39:11
EMPYF,0.017797,1400000,2026-08-06T12:39:11
EMQQ,0.0025540000000000003,250000,2026-08-06T12:39:11
EMR,0.0025,3600000,2026-08-06T12:39:11
EMRH,0.0025,65000,2026-08-06T12:39:11
EMSF,0.008195000000000001,6000,2026-08-06T12:39:11
EMTRF,0.011536999999999999,350000,2026-08-06T12:39:11
EMTY,0.036610000000000004,15000,2026-08-06T12:39:11
EMUS,0.016329,75000,2026-08-06T12:39:11
EMWPF,0.007783,150000,2026-08-06T12:39:11
EMXC,0.004135,850000,2026-08-06T12:39:11
EMXF,0.0667,55000,2026-08-06T12:39:11
EMYB,0.074784,80000,2026-08-06T12:39:11
ENAB,0.0025,100000,2026-08-06T12:39:11
ENAFF,0.003975,25000,2026-08-06T12:39:11
ENAI,0.0025,100,2026-08-06T12:39:11
ENB,0.005056000000000001,10000000,2026-08-06T12:39:11
ENBP,0.052051,1000,2026-08-06T12:39:11
ENCC,0.0025,1200000,2026-08-06T12:39:11
ENCR,0.0025,55000,2026-08-06T12:39:11
ENCTF,0.0033239999999999997,2000,2026-08-06T12:39:11
ENDGF,0.011092999999999999,100000,2026-08-06T12:39:11
ENDI,0.0025,50000,2026-08-06T12:39:11
ENDMF,0.039011,200000,2026-08-06T12:39:11
ENDO,0.0025,150000,2026-08-06T12:39:11
ENDTF,0.113689,50000,2026-08-06T12:39:11
ENDV,0.131615,10000000,2026-08-06T12:39:11
ENDW,0.024686,150000,2026-08-06T12:39:11
ENERQ,0.0001,650000,2026-08-06T12:39:11
ENEVF,0.0025,300000,2026-08-06T12:39:11
ENFR,0.023877000000000002,95000,2026-08-06T12:39:11
ENFY,0.138435,150000,2026-08-06T12:39:11
ENGFF,0.0025,100000,2026-08-06T12:39:11
ENGGY,0.46555100000000005,100000,2026-08-06T12:39:11
ENGIY,0.04874,400000,2026-08-06T12:39:11
ENGN,0.007098,3100000,2026-08-06T12:39:11
ENGS,0.256433,350000,2026-08-06T12:39:11
ENGT,0.0025,1000,2026-08-06T12:39:11
ENHA,0.137145,700000,2026-08-06T12:39:11
ENHD,0.0025,100000,2026-08-06T12:39:11
ENHI,1.112345,200,2026-08-06T12:39:11
ENHT,0.0025,800000,2026-08-06T12:39:11
ENHU,0.0025,900,2026-08-06T12:39:11
ENIC,0.047916,550000,2026-08-06T12:39:11
ENIP,0.0025,10000000,2026-08-06T12:39:11
ENJ,0.12179000000000001,30000,2026-08-06T12:39:11
ENLAY,0.05133600000000001,900000,2026-08-06T12:39:11
ENLG,0.0025,850000,2026-08-06T12:39:11
ENLT,0.029197,20000,2026-08-06T12:39:11
ENLV,1.774171,150000,2026-08-06T12:39:11
ENMGF,0.0025,100000,2026-08-06T12:39:11
ENMI,0.0025,60000,2026-08-06T12:39:11
ENO,0.091103,50000,2026-08-06T12:39:11
ENOR,0.016081,35000,2026-08-06T12:39:11
ENOV,0.004135,350000,2026-08-06T12:39:11
ENPH,0.002575,1700000,2026-08-06T12:39:11
ENPT,0.0025,30000,2026-08-06T12:39:11
ENR,0.004135,300000,2026-08-06T12:39:11
ENRD,0.890281,50000,2026-08-06T12:39:11
ENRT,0.00313,50000,2026-08-06T12:39:11
ENS,0.002867,650000,2026-08-06T12:39:11
ENSG,0.002782,900000,2026-08-06T12:39:11
ENSV,0.024772,650000,2026-08-06T12:39:11
ENTA,0.0062970000000000005,300000,2026-08-06T12:39:11
ENTBF,0.0025,15000,2026-08-06T12:39:11
ENTEF,0.0175,700000,2026-08-06T12:39:11
ENTG,0.004081,950000,2026-08-06T12:39:11
ENTI,0.0025,10000000,2026-08-06T12:39:11
ENTL,0.132682,2000,2026-08-06T12:39:11
ENTS,0.0025,1000,2026-08-06T12:39:11
ENTX,0.130635,700000,2026-08-06T12:39:11
ENVA,0.003766,400000,2026-08-06T12:39:11
ENVB,0.916065,400000,2026-08-06T12:39:11
ENVX,0.006219,700000,2026-08-06T12:39:11
ENZB.OLD,0.0025,500,2026-08-06T12:39:11
ENZC,0.016978,250000,2026-08-06T12:39:11
ENZL,0.04285,30000,2026-08-06T12:39:11
EO,0.029845,200,2026-08-06T12:39:11
EOCT,0.037964000000000005,85000,2026-08-06T12:39:11
EOD,0.020165000000000002,400000,2026-08-06T12:39:11
EOG,0.004081,5000000,2026-08-06T12:39:11
EOI,0.005489000000000001,35000,2026-08-06T12:39:11
EOLS,0.004395,8300000,2026-08-06T12:39:11
EONGY,0.044950000000000004,250000,2026-08-06T12:39:11
EONR,0.092437,1300000,2026-08-06T12:39:11
EOPT,0.0025,2000,2026-08-06T12:39:11
EOS,0.008195000000000001,450000,2026-08-06T12:39:11
EOSE,0.012961,1700000,2026-08-06T12:39:11
EOSS,0.0025,10000,2026-08-06T12:39:11
EOSU,0.19222,15000,2026-08-06T12:39:11
EOT,0.670585,4000,2026-08-06T12:39:11
EOXFF,0.009834,200000,2026-08-06T12:39:11
EP,0.010334000000000001,65000,2026-08-06T12:39:11
EP PRC,1.0636320000000001,3000,2026-08-06T12:39:11
EPAC,0.0041589999999999995,1200000,2026-08-06T12:39:11
EPAI,0.106973,95,2026-08-06T12:39:11
EPAM,0.003653,300000,2026-08-06T12:39:11
EPAZ,0.0025,200000,2026-08-06T12:39:11
EPC,0.0032600000000000003,2000000,2026-08-06T12:39:11
EPCG,0.0025,6600000,2026-08-06T12:39:11
EPD,0.0025,10000000,2026-08-06T12:39:11
EPEC,0.0025,9000,2026-08-06T12:39:11
EPFCF,0.020066,30000,2026-08-06T12:39:11
EPHE,0.042078,150000,2026-08-06T12:39:11
EPI,0.010249999999999999,400000,2026-08-06T12:39:11
EPM,0.00519,500000,2026-08-06T12:39:11
EPOAY,0.045099,150000,2026-08-06T12:39:11
EPOI.RSTD,0.0025,45000,2026-08-06T12:39:11
EPOL,0.009195,350000,2026-08-06T12:39:11
EPOW,0.040379,2200000,2026-08-06T12:39:11
EPP,0.031063999999999998,100000,2026-08-06T12:39:11
EPR,0.0025,2100000,2026-08-06T12:39:11
EPR PRC,1.4201810000000001,30000,2026-08-06T12:39:11
EPR PRE,0.164345,55000,2026-08-06T12:39:11
EPR PRG,0.04500899999999999,45000,2026-08-06T12:39:11
EPRF,0.042925000000000005,40000,2026-08-06T12:39:11
EPRT,0.004135,1500000,2026-08-06T12:39:11
EPRX,0.018704000000000002,2900000,2026-08-06T12:39:11
EPS,0.019337,100000,2026-08-06T12:39:11
EPSC,0.0025,5500000,2026-08-06T12:39:11
EPSM,0.602126,250000,2026-08-06T12:39:11
EPSN,0.004207,95000,2026-08-06T12:39:11
EPSV,0.046082,1000,2026-08-06T12:39:11
EPTI.OLD1,0.0025,100000,2026-08-06T12:39:11
EPU,0.002782,65000,2026-08-06T12:39:11
EPV,0.071807,55000,2026-08-06T12:39:11
EPWCF,0.008195000000000001,100000,2026-08-06T12:39:11
EPWKF,0.197591,20000,2026-08-06T12:39:11
EPXY,0.0025,500,2026-08-06T12:39:11
EQ,0.035565,700000,2026-08-06T12:39:11
EQAL,0.012544999999999999,100000,2026-08-06T12:39:11
EQBK,0.0068059999999999996,100000,2026-08-06T12:39:11
EQFN,0.004135,350000,2026-08-06T12:39:11
EQH,0.004027,3600000,2026-08-06T12:39:11
EQH PRA,0.03041,100000,2026-08-06T12:39:11
EQH PRC,0.01393,100000,2026-08-06T12:39:11
EQIN,0.06232,20000,2026-08-06T12:39:11
EQIX,0.0025,800000,2026-08-06T12:39:11
EQL,0.056784,40000,2026-08-06T12:39:11
EQLB,0.0025,2100000,2026-08-06T12:39:11
EQLT,0.068593,4000,2026-08-06T12:39:11
EQMEF,0.017952,1400000,2026-08-06T12:39:11
EQNR,0.00959,2800000,2026-08-06T12:39:11
EQPT,0.006842,9000000,2026-08-06T12:39:11
EQQQ,0.047435,85000,2026-08-06T12:39:11
EQR,0.00419,4700000,2026-08-06T12:39:11
EQRR,0.074785,25000,2026-08-06T12:39:11
EQS,0.043075,10000,2026-08-06T12:39:11
EQSE,0.0025,45000,2026-08-06T12:39:11
EQT,0.002782,6700000,2026-08-06T12:39:11
EQTL,0.039061,5000,2026-08-06T12:39:11
EQTRF,0.009131,300000,2026-08-06T12:39:11
EQTY,0.002747,300000,2026-08-06T12:39:11
EQUEY,0.0033239999999999997,6000,2026-08-06T12:39:11
EQUR.OLD,0.0025,150000,2026-08-06T12:39:11
EQWL,0.015677,100000,2026-08-06T12:39:11
EQX,0.004705,1900000,2026-08-06T12:39:11
ERAO,0.0025,10000,2026-08-06T12:39:11
ERAS,0.004135,6700000,2026-08-06T12:39:11
ERBB,0.002782,7900000,2026-08-06T12:39:11
ERC,0.012421999999999999,100,2026-08-06T12:39:11
ERDCF,0.061994,900000,2026-08-06T12:39:11
ERET,0.10020699999999999,15000,2026-08-06T12:39:11
EREX,0.0025,100000,2026-08-06T12:39:11
ERFB,0.0025,2000000,2026-08-06T12:39:11
ERGB,0.0025,80000,2026-08-06T12:39:11
ERGO,0.0025,40000,2026-08-06T12:39:11
ERH,0.028238,5000,2026-08-06T12:39:11
ERHE,0.0025,10000000,2026-08-06T12:39:11
ERIC,0.025352,200000,2026-08-06T12:39:11
ERIE,0.006842,8000,2026-08-06T12:39:11
ERII,0.004068,1200000,2026-08-06T12:39:11
ERINQ,0.185848,2600000,2026-08-06T12:39:11
ERIP,0.0025,150000,2026-08-06T12:39:11
ERKH,0.0025,6000,2026-08-06T12:39:11
ERLFF,0.011372,250000,2026-08-06T12:39:11
ERMAY,0.002782,10000,2026-08-06T12:39:11
ERMS,0.0025,6000,2026-08-06T12:39:11
ERNA,1.171275,100000,2026-08-06T12:39:11
ERNXY,0.0071330000000000005,1000,2026-08-06T12:39:11
ERO,0.004081,1800000,2026-08-06T12:39:11
EROC,0.024408,1100000,2026-08-06T12:39:11
EROK,0.028895,250000,2026-08-06T12:39:11
ERTH,0.043376,60000,2026-08-06T12:39:11
ERUC,0.0025,10000000,2026-08-06T12:39:11
ERVFF,0.011132999999999999,150000,2026-08-06T12:39:11
ERX,0.063597,75000,2026-08-06T12:39:11
ERY,0.22005,100000,2026-08-06T12:39:11
ES,0.004081,7200000,2026-08-06T12:39:11
ESAB,0.004171,150000,2026-08-06T12:39:11
ESAIY,0.055210999999999996,850000,2026-08-06T12:39:11
ESAUF,0.061952,700000,2026-08-06T12:39:11
ESBA,0.051993,20000,2026-08-06T12:39:11
ESBG,0.157688,100,2026-08-06T12:39:11
ESBS,0.023798,100000,2026-08-06T12:39:11
ESCA,0.004324,50000,2026-08-06T12:39:11
ESE,0.002782,350000,2026-08-06T12:39:11
ESEA,0.004135,85000,2026-08-06T12:39:11
ESFS,0.0025,1300000,2026-08-06T12:39:11
ESG,0.040940000000000004,4000,2026-08-06T12:39:11
ESGD,0.005346,100000,2026-08-06T12:39:11
ESGE,0.006842,3400000,2026-08-06T12:39:11
ESGG,0.097501,15000,2026-08-06T12:39:11
ESGH,0.068289,15000,2026-08-06T12:39:11
ESGI,0.0025,1100000,2026-08-06T12:39:11
ESGLF,0.034998999999999995,150000,2026-08-06T12:39:11
ESGOF,0.290201,40000,2026-08-06T12:39:11
ESGRF,0.034377,65000,2026-08-06T12:39:11
ESGU,0.004135,200000,2026-08-06T12:39:11
ESGV,0.0049180000000000005,600000,2026-08-06T12:39:11
ESI,0.002708,5200000,2026-08-06T12:39:11
ESIFF,0.004135,35000,2026-08-06T12:39:11
ESIM,0.052848,80000,2026-08-06T12:39:11
ESINQ,0.435256,500000,2026-08-06T12:39:11
ESIV,0.0025,4000,2026-08-06T12:39:11
ESLA,0.107041,4100000,2026-08-06T12:39:11
ESLG,0.09654199999999999,75000,2026-08-06T12:39:11
ESLOY,0.049082,95000,2026-08-06T12:39:11
ESLT,0.011387000000000001,100000,2026-08-06T12:39:11
ESLV,0.140408,80000,2026-08-06T12:39:11
ESMC,0.006654,400000,2026-08-06T12:39:11
ESML,0.004298,100000,2026-08-06T12:39:11
ESMV,0.092089,1000,2026-08-06T12:39:11
ESN,0.073177,60000,2026-08-06T12:39:11
ESNC,0.002782,350000,2026-08-06T12:39:11
ESNR,0.0025,500000,2026-08-06T12:39:11
ESNT,0.004024,1700000,2026-08-06T12:39:11
ESOA,0.011572,1300000,2026-08-06T12:39:11
ESP,0.042564000000000005,100000,2026-08-06T12:39:11
ESPN,0.0025,90000,2026-08-06T12:39:11
ESPO,0.024873,50000,2026-08-06T12:39:11
ESQ,0.004025,80000,2026-08-06T12:39:11
ESQF,0.0025,4000,2026-08-06T12:39:11
ESRI,0.0025,25000,2026-08-06T12:39:11
ESRT,0.004119,1000000,2026-08-06T12:39:11
ESS,0.004081,850000,2026-08-06T12:39:11
ESSC,0.075098,10000,2026-08-06T12:39:11
ESSE.OLD,0.0025,55000,2026-08-06T12:39:11
ESSI,0.0025,6000,2026-08-06T12:39:11
ESTA,0.010901000000000001,650000,2026-08-06T12:39:11
ESTC,0.004081,1800000,2026-08-06T12:39:11
ESTRF,0.0025,200000,2026-08-06T12:39:11
ESUM,0.150029,40000,2026-08-06T12:39:11
ESVIF,0.017920000000000002,2000000,2026-08-06T12:39:11
ESVNF,0.081206,2000,2026-08-06T12:39:11
ESWW,0.0025,100,2026-08-06T12:39:11
ESYJY,0.092089,20000,2026-08-06T12:39:11
ESYL,0.0025,650000,2026-08-06T12:39:11
ET,0.0025,10000000,2026-08-06T12:39:11
ET PRI,0.072833,800000,2026-08-06T12:39:11
ETAH,0.0025,350000,2026-08-06T12:39:11
ETAOF,1.622217,20000,2026-08-06T12:39:11
ETAR,0.0025,150000,2026-08-06T12:39:11
ETB,0.028036,65000,2026-08-06T12:39:11
ETBI,0.0025,1500000,2026-08-06T12:39:11
ETCC,0.013081,400000,2026-08-06T12:39:11
ETCIA,0.0025,1000,2026-08-06T12:39:11
ETCK,0.0025,30000,2026-08-06T12:39:11
ETCMY,0.047611,350000,2026-08-06T12:39:11
ETCO,0.063857,10000,2026-08-06T12:39:11
ETD,0.004109,150000,2026-08-06T12:39:11
ETEC,0.7672979999999999,200,2026-08-06T12:39:11
ETEK,0.0025,8600000,2026-08-06T12:39:11
ETER,0.0025,2000,2026-08-06T12:39:11
ETFLF,0.0025,90000,2026-08-06T12:39:11
ETFT,0.17273700000000003,30000,2026-08-06T12:39:11
ETG,0.012445,100000,2026-08-06T12:39:11
ETH,0.004135,7700000,2026-08-06T12:39:11
ETHA,0.0057940000000000005,10000000,2026-08-06T12:39:11
ETHB,0.07220399999999999,1200000,2026-08-06T12:39:11
ETHD,0.255729,30000,2026-08-06T12:39:11
ETHE,0.011152,2000000,2026-08-06T12:39:11
ETHO,0.04727699999999999,15000,2026-08-06T12:39:11
ETHT,0.044243,350000,2026-08-06T12:39:11
ETHU,0.024118,2100000,2026-08-06T12:39:11
ETHV,0.050235,150000,2026-08-06T12:39:11
ETHW,0.034169,150000,2026-08-06T12:39:11
ETI PR,0.44652299999999995,500,2026-08-06T12:39:11
ETII,0.0025,100000,2026-08-06T12:39:11
ETJ,0.008282000000000001,250000,2026-08-06T12:39:11
ETKR,0.0025,800000,2026-08-06T12:39:11
ETLC,0.0025,1300000,2026-08-06T12:39:11
ETLS,0.0025,1000000,2026-08-06T12:39:11
ETLT,0.06232,1400000,2026-08-06T12:39:11
ETN,0.003929,250000,2026-08-06T12:39:11
ETNG,0.040670000000000005,100000,2026-08-06T12:39:11
ETNI,0.0025,4000,2026-08-06T12:39:11
ETNLQ,0.0025,300000,2026-08-06T12:39:11
ETO,0.036202,35000,2026-08-06T12:39:11
ETOLF,0.062023,300000,2026-08-06T12:39:11
ETON,0.003454,800000,2026-08-06T12:39:11
ETOR,0.003328,6000000,2026-08-06T12:39:11
ETR,0.00402,3900000,2026-08-06T12:39:11
ETRXF,0.143318,550000,2026-08-06T12:39:11
ETS,0.021744,400000,2026-08-06T12:39:11
ETSS,0.032551000000000004,550000,2026-08-06T12:39:11
ETSS U,0.311295,100,2026-08-06T12:39:11
ETST,0.011457,800000,2026-08-06T12:39:11
ETSY,0.002832,2300000,2026-08-06T12:39:11
ETTY,0.036185999999999996,10000,2026-08-06T12:39:11
ETU,0.022129,55000,2026-08-06T12:39:11
ETUGF,0.048804,1100000,2026-08-06T12:39:11
ETV,0.012865999999999999,350000,2026-08-06T12:39:11
ETW,0.005489000000000001,150000,2026-08-06T12:39:11
ETX,2.182336,6000,2026-08-06T12:39:11
ETY,0.009265,300000,2026-08-06T12:39:11
EU,0.0070420000000000005,3700000,2026-08-06T12:39:11
EUAD,0.0060409999999999995,65000,2026-08-06T12:39:11
EUBG,0.0025,250000,2026-08-06T12:39:11
EUDA,1.368085,45000,2026-08-06T12:39:11
EUDG,0.041211000000000005,20000,2026-08-06T12:39:11
EUDV,0.097501,1000,2026-08-06T12:39:11
EUEMF,0.025788000000000002,10000,2026-08-06T12:39:11
EUFN,0.014266000000000001,600000,2026-08-06T12:39:11
EUG,0.004,70000,2026-08-06T12:39:11
EUGD,0.0025,45000,2026-08-06T12:39:11
EUGS,0.0025,1000,2026-08-06T12:39:11
EUHY,0.039505,25000,2026-08-06T12:39:11
EUM,0.073948,2000,2026-08-06T12:39:11
EUMNF,0.026938,10000,2026-08-06T12:39:11
EUO,0.0125,25000,2026-08-06T12:39:11
EUOT,0.0025,40000,2026-08-06T12:39:11
EURI,0.0025,15000,2026-08-06T12:39:11
EURK,0.037964000000000005,95000,2026-08-06T12:39:11
EURL,0.016142,10000,2026-08-06T12:39:11
EUSA,0.025905,55000,2026-08-06T12:39:11
EUSB,0.043376,350000,2026-08-06T12:39:11
EUUNF,0.038321,50000,2026-08-06T12:39:11
EUV,0.05241,1300000,2026-08-06T12:39:11
EUVX,0.153064,2000,2026-08-06T12:39:11
EVAC,0.032551000000000004,2500000,2026-08-06T12:39:11
EVAC U,0.012199999999999999,5000,2026-08-06T12:39:11
EVAHF,0.007885,5000,2026-08-06T12:39:11
EVARF,0.0025,900000,2026-08-06T12:39:11
EVAX,0.007112,450000,2026-08-06T12:39:11
EVBC,0.01464,100,2026-08-06T12:39:11
EVC,0.004134,1900000,2026-08-06T12:39:11
EVCA,0.0025,10000000,2026-08-06T12:39:11
EVCM,0.41592100000000004,35000,2026-08-06T12:39:11
EVCO,0.017952,35000,2026-08-06T12:39:11
EVEH,0.0025,35000,2026-08-06T12:39:11
EVEIQ,0.002782,250000,2026-08-06T12:39:11
EVER,0.002782,450000,2026-08-06T12:39:11
EVEX,0.005072,1900000,2026-08-06T12:39:11
EVF,0.045055,200000,2026-08-06T12:39:11
EVFM,0.17957499999999998,2100000,2026-08-06T12:39:11
EVG,0.021155,150000,2026-08-06T12:39:11
EVGDQ,0.180792,6000,2026-08-06T12:39:11
EVGL,0.0025,700,2026-08-06T12:39:11
EVGN,0.07769,350000,2026-08-06T12:39:11
EVGO,0.011258999999999998,150000,2026-08-06T12:39:11
EVH,0.004135,2400000,2026-08-06T12:39:11
EVHO,0.050427,1100000,2026-08-06T12:39:11
EVHY,0.040670000000000005,10000,2026-08-06T12:39:11
EVI,0.0025,100000,2026-08-06T12:39:11
EVIM,0.059265,1000,2026-08-06T12:39:11
EVIO,0.0025,10000000,2026-08-06T12:39:11
EVKG,0.16096699999999997,100000,2026-08-06T12:39:11
EVKIY,0.095536,25000,2026-08-06T12:39:11
EVKRF,0.08052,4000000,2026-08-06T12:39:11
EVLLF,0.0025,1000000,2026-08-06T12:39:11
EVLN,0.020533000000000003,20000,2026-08-06T12:39:11
EVLO,0.62491,65000,2026-08-06T12:39:11
EVLV,0.013916999999999999,10000000,2026-08-06T12:39:11
EVMN,0.017769,1300000,2026-08-06T12:39:11
EVMO,0.024205,30000,2026-08-06T12:39:11
EVMT,0.081918,1000,2026-08-06T12:39:11
EVMU,0.207104,6000,2026-08-06T12:39:11
EVN,0.032372,300000,2026-08-06T12:39:11
EVNT,0.050108,1000,2026-08-06T12:39:11
EVO,0.076963,100000,2026-08-06T12:39:11
EVOL,0.0025,30000,2026-08-06T12:39:11
EVOX,0.030296,500000,2026-08-06T12:39:11
EVOXU,0.01496,25000,2026-08-06T12:39:11
EVPF,1.0931220000000001,1000,2026-08-06T12:39:11
EVR,0.0025,600000,2026-08-06T12:39:11
EVRC,0.0025,150000,2026-08-06T12:39:11
EVRG,0.0025369999999999998,2500000,2026-08-06T12:39:11
EVRN,0.0025,3700000,2026-08-06T12:39:11
EVSB,0.063499,10000,2026-08-06T12:39:11
EVSBY,0.004314,400,2026-08-06T12:39:11
EVSD,0.014507,90000,2026-08-06T12:39:11
EVSM,0.042023000000000005,35000,2026-08-06T12:39:11
EVSO,0.0025,62,2026-08-06T12:39:11
EVSP,0.0025,45000,2026-08-06T12:39:11
EVSV,0.0025,10000000,2026-08-06T12:39:11
EVT,0.003128,40000,2026-08-06T12:39:11
EVTC,0.004612,1200000,2026-08-06T12:39:11
EVTI,0.0025,10000000,2026-08-06T12:39:11
EVTL,0.016659,2700000,2026-08-06T12:39:11
EVTP.OLD,0.0025,45000,2026-08-06T12:39:11
EVTR,0.028157,250000,2026-08-06T12:39:11
EVUS,0.06908500000000001,200000,2026-08-06T12:39:11
EVUS1,0.109706,8400000,2026-08-06T12:39:11
EVV,0.012624999999999999,20000,2026-08-06T12:39:11
EVVL,0.0025,1000,2026-08-06T12:39:11
EVVTY,0.034775,350000,2026-08-06T12:39:11
EVX,0.028492000000000003,9000,2026-08-06T12:39:11
EVYM,3.742584,3000,2026-08-06T12:39:11
EW,0.004081,8500000,2026-08-06T12:39:11
EWA,0.01513,450000,2026-08-06T12:39:11
EWAVU,0.542625,50000,2026-08-06T12:39:11
EWBC,0.002847,1900000,2026-08-06T12:39:11
EWC,0.004081,700000,2026-08-06T12:39:11
EWCR,0.0025,25000,2026-08-06T12:39:11
EWD,0.077439,40000,2026-08-06T12:39:11
EWDS,0.0025,200,2026-08-06T12:39:11
EWG,0.067465,450000,2026-08-06T12:39:11
EWGFF,0.081279,250000,2026-08-06T12:39:11
EWH,0.008074,4100000,2026-08-06T12:39:11
EWI,0.06705599999999999,85000,2026-08-06T12:39:11
EWISF,0.002782,250000,2026-08-06T12:39:11
EWJ,0.005332,1000000,2026-08-06T12:39:11
EWJV,0.010387,850000,2026-08-06T12:39:11
EWK,0.070437,75000,2026-08-06T12:39:11
EWKS,0.0025,10000000,2026-08-06T12:39:11
EWL,0.007671,150000,2026-08-06T12:39:11
EWLL,0.0025,10000000,2026-08-06T12:39:11
EWLU,0.0025,100000,2026-08-06T12:39:11
EWM,0.007682,250000,2026-08-06T12:39:11
EWN,0.075043,40000,2026-08-06T12:39:11
EWO,0.027634,10000,2026-08-06T12:39:11
EWP,0.013795,55000,2026-08-06T12:39:11
EWPI,0.0025,2700000,2026-08-06T12:39:11
EWPMF,0.16241,10000,2026-08-06T12:39:11
EWQ,0.136284,15000,2026-08-06T12:39:11
EWRC,0.0025,3200000,2026-08-06T12:39:11
EWS,0.010958,150000,2026-08-06T12:39:11
EWSB,0.0033239999999999997,1000,2026-08-06T12:39:11
EWSI,0.0025,8100000,2026-08-06T12:39:11
EWT,0.004295,600000,2026-08-06T12:39:11
EWTX,0.004085,2600000,2026-08-06T12:39:11
EWU,0.0298,1200000,2026-08-06T12:39:11
EWUS,0.060739999999999995,10000,2026-08-06T12:39:11
EWV,0.10213699999999999,30000,2026-08-06T12:39:11
EWW,0.031286,350000,2026-08-06T12:39:11
EWX,0.006404999999999999,300000,2026-08-06T12:39:11
EWY,0.004081,3800000,2026-08-06T12:39:11
EWZ,0.0025,6700000,2026-08-06T12:39:11
EWZS,0.009192,1100000,2026-08-06T12:39:11
EXAD,0.0025,1800000,2026-08-06T12:39:11
EXBX,0.0025,1700000,2026-08-06T12:39:11
EXC,0.004132,10000000,2026-08-06T12:39:11
EXCC,0.0025,150000,2026-08-06T12:39:11
EXCE,0.0025,100000,2026-08-06T12:39:11
EXCH,0.0025,400,2026-08-06T12:39:11
EXCOF,0.006894,10000,2026-08-06T12:39:11
EXDL,0.0025,3600000,2026-08-06T12:39:11
EXE,0.0025,4600000,2026-08-06T12:39:11
EXEL,0.002922,3300000,2026-08-06T12:39:11
EXEO,0.0025,5000,2026-08-06T12:39:11
EXETF,0.003909,1200000,2026-08-06T12:39:11
EXFY,0.017237,1000000,2026-08-06T12:39:11
EXG,0.021632,700000,2026-08-06T12:39:11
EXHI,0.0025,100,2026-08-06T12:39:11
EXI,0.012254000000000001,10000,2026-08-06T12:39:11
EXK,0.004135,6200000,2026-08-06T12:39:11
EXLA,0.0025,250000,2026-08-06T12:39:11
EXLS,0.0025,3300000,2026-08-06T12:39:11
EXMT,0.0025,5600000,2026-08-06T12:39:11
EXNRF,0.013081,1700000,2026-08-06T12:39:11
EXOD,0.02947,100000,2026-08-06T12:39:11
EXOU,0.0025,1300000,2026-08-06T12:39:11
EXOZ,0.182748,100000,2026-08-06T12:39:11
EXP,0.004115,300000,2026-08-06T12:39:11
EXPD,0.002827,1300000,2026-08-06T12:39:11
EXPE,0.004081,2000000,2026-08-06T12:39:11
EXPGY,0.020674,200000,2026-08-06T12:39:11
EXPH,0.0025,10000000,2026-08-06T12:39:11
EXPL,0.0025,4000,2026-08-06T12:39:11
EXPO,0.004135,1500000,2026-08-06T12:39:11
EXPX,0.0025,150000,2026-08-06T12:39:11
EXR,0.0042780000000000006,2300000,2026-08-06T12:39:11
EXROF,0.157062,6000,2026-08-06T12:39:11
EXSO,0.0025,1700000,2026-08-06T12:39:11
EXSR,0.14892,10000,2026-08-06T12:39:11
EXTR,0.005639999999999999,1400000,2026-08-06T12:39:11
EXUS,0.117786,20000,2026-08-06T12:39:11
EXYN,0.878258,300000,2026-08-06T12:39:11
EYE,0.0041849999999999995,600000,2026-08-06T12:39:11
EYES,0.024626000000000002,85000,2026-08-06T12:39:11
EYLD,0.010425,250000,2026-08-06T12:39:11
EYPT,0.004106,1700000,2026-08-06T12:39:11
EYTCQ,0.0025,500000,2026-08-06T12:39:11
EZA,0.01718,800000,2026-08-06T12:39:11
EZBC,0.010901000000000001,100000,2026-08-06T12:39:11
EZCL,0.010901000000000001,15000,2026-08-06T12:39:11
EZES,0.133239,150000,2026-08-06T12:39:11
EZET,0.08397,150000,2026-08-06T12:39:11
EZGO,2.454292,60000,2026-08-06T12:39:11
EZJ,0.040670000000000005,15000,2026-08-06T12:39:11
EZM,0.034716,20000,2026-08-06T12:39:11
EZMO,0.19222,15000,2026-08-06T12:39:11
EZOO,0.0025,40000,2026-08-06T12:39:11
EZPW,0.0033729999999999997,650000,2026-08-06T12:39:11
EZPZ,0.13741799999999998,25000,2026-08-06T12:39:11
EZRA,6.53652,15000,2026-08-06T12:39:11
EZRG,0.0025,5000,2026-08-06T12:39:11
EZRO,0.12727,90000,2026-08-06T12:39:11
EZU,0.0028499999999999997,200000,2026-08-06T12:39:11
F,0.0025,10000000,2026-08-06T12:39:11
F PRB,0.066913,150000,2026-08-06T12:39:11
F PRC,0.134625,100000,2026-08-06T12:39:11
F PRD,0.012254000000000001,90000,2026-08-06T12:39:11
FA,0.004444,250000,2026-08-06T12:39:11
FAAA,0.493031,7000,2026-08-06T12:39:11
FAAR,0.067243,700,2026-08-06T12:39:11
FAASF,0.060888,1800000,2026-08-06T12:39:11
FAB,0.065279,6000,2026-08-06T12:39:11
FABC,1.4740469999999999,250000,2026-08-06T12:39:11
FABU,0.35865400000000003,90000,2026-08-06T12:39:11
FAC,0.565333,300000,2026-08-06T12:39:11
FACO,0.0025,20000,2026-08-06T12:39:11
FACT,0.6870780000000001,1000000,2026-08-06T12:39:11
FACTU,0.012199999999999999,200,2026-08-06T12:39:11
FAD,0.041516000000000004,40000,2026-08-06T12:39:11
FAF,0.002782,1800000,2026-08-06T12:39:11
FAGI,0.045316,1300000,2026-08-06T12:39:11
FAHLF,0.0025,35000,2026-08-06T12:39:11
FAI,0.22869599999999998,35000,2026-08-06T12:39:11
FALC,0.146229,80000,2026-08-06T12:39:11
FALN,0.027341999999999998,30000,2026-08-06T12:39:11
FAMI,0.324937,450000,2026-08-06T12:39:11
FAN,0.009323,400000,2026-08-06T12:39:11
FANCF,0.051767,1300000,2026-08-06T12:39:11
FANG,0.004214,2100000,2026-08-06T12:39:11
FANUY,0.04299,650000,2026-08-06T12:39:11
FAPR,0.027261999999999998,50000,2026-08-06T12:39:11
FARE,0.0025,10000000,2026-08-06T12:39:11
FARX,0.051495,100,2026-08-06T12:39:11
FAS,0.007164,550000,2026-08-06T12:39:11
FASC,0.0025,55000,2026-08-06T12:39:11
FASLF,0.0025,30000,2026-08-06T12:39:11
FAST,0.004081,10000000,2026-08-06T12:39:11
FATE,0.004967,4300000,2026-08-06T12:39:11
FATN,0.099807,100000,2026-08-06T12:39:11
FAUG,0.016314,50000,2026-08-06T12:39:11
FAX,0.006725999999999999,400000,2026-08-06T12:39:11
FAZ,0.08397,35000,2026-08-06T12:39:11
FBAK,0.075797,300,2026-08-06T12:39:11
FBCD,0.0025,10000000,2026-08-06T12:39:11
FBCE,0.0025,20000,2026-08-06T12:39:11
FBCG,0.010901000000000001,300000,2026-08-06T12:39:11
FBCV,0.08530099999999999,5000,2026-08-06T12:39:11
FBDC,0.043440000000000006,70000,2026-08-06T12:39:11
FBDS,0.0025,4000,2026-08-06T12:39:11
FBEC,0.11362399999999999,10000000,2026-08-06T12:39:11
FBER,0.003649,700000,2026-08-06T12:39:11
FBGI,0.021070000000000002,1000,2026-08-06T12:39:11
FBGL,0.917495,250000,2026-08-06T12:39:11
FBIN,0.0025,750000,2026-08-06T12:39:11
FBIO,0.08367200000000001,550000,2026-08-06T12:39:11
FBIOP,0.158392,250000,2026-08-06T12:39:11
FBIZ,0.004632,150000,2026-08-06T12:39:11
FBK,0.004259,750000,2026-08-06T12:39:11
FBL,0.035181,150000,2026-08-06T12:39:11
FBLA,0.005528999999999999,450000,2026-08-06T12:39:11
FBLG,0.206698,350000,2026-08-06T12:39:11
FBNC,0.0042109999999999995,350000,2026-08-06T12:39:11
FBND,0.008711,3500000,2026-08-06T12:39:11
FBOT,0.04278800000000001,100000,2026-08-06T12:39:11
FBP,0.004125,2100000,2026-08-06T12:39:11
FBPA,0.0025,1000,2026-08-06T12:39:11
FBPI,0.0033239999999999997,4000,2026-08-06T12:39:11
FBRT,0.004135,2000000,2026-08-06T12:39:11
FBRT PRE,0.092227,300000,2026-08-06T12:39:11
FBRX,0.012517,850000,2026-08-06T12:39:11
FBSI,0.0032479999999999996,2000,2026-08-06T12:39:11
FBT,0.014961,75000,2026-08-06T12:39:11
FBTC,0.004446,5500000,2026-08-06T12:39:11
FBTT,0.178704,60000,2026-08-06T12:39:11
FBTXQ,0.0025,75000,2026-08-06T12:39:11
FBUF,0.044326,10000,2026-08-06T12:39:11
FBVI,0.0025,300,2026-08-06T12:39:11
FBY,0.040573,150000,2026-08-06T12:39:11
FBYD,0.175485,80000,2026-08-06T12:39:11
FC,0.005385999999999999,300000,2026-08-06T12:39:11
FCA,0.043205999999999994,10000,2026-08-06T12:39:11
FCAL,0.031681,15000,2026-08-06T12:39:11
FCAP,0.004138,15000,2026-08-06T12:39:11
FCBC,0.002712,50000,2026-08-06T12:39:11
FCBD,0.094795,300,2026-08-06T12:39:11
FCBM,0.043376,600000,2026-08-06T12:39:11
FCCN,0.10700799999999999,35000,2026-08-06T12:39:11
FCCO,0.004099,200000,2026-08-06T12:39:11
FCEF,0.08155,30000,2026-08-06T12:39:11
FCEL,0.002782,5300000,2026-08-06T12:39:11
FCELB,0.024432,1000,2026-08-06T12:39:11
FCF,0.005489000000000001,850000,2026-08-06T12:39:11
FCFS,0.0026889999999999996,250000,2026-08-06T12:39:11
FCFY,0.040670000000000005,100,2026-08-06T12:39:11
FCG,0.010112000000000001,600000,2026-08-06T12:39:11
FCGD,0.0025,10000000,2026-08-06T12:39:11
FCGY,0.0025,500,2026-08-06T12:39:11
FCHDF,0.01464,15000,2026-08-06T12:39:11
FCHL,0.34928800000000004,7000,2026-08-06T12:39:11
FCHS,0.0025,600000,2026-08-06T12:39:11
FCIC,0.01464,100,2026-08-06T12:39:11
FCLD,0.032542,1000,2026-08-06T12:39:11
FCLIF,0.003209,10000,2026-08-06T12:39:11
FCLO,2.50877,5000,2026-08-06T12:39:11
FCN,0.0025,150000,2026-08-06T12:39:11
FCNCA,0.00411,55000,2026-08-06T12:39:11
FCNCB,0.013607000000000001,2000,2026-08-06T12:39:11
FCNCN,0.027532,300000,2026-08-06T12:39:11
FCNCO,0.071129,40000,2026-08-06T12:39:11
FCNCP,0.29235099999999997,100000,2026-08-06T12:39:11
FCNR,0.0025,200000,2026-08-06T12:39:11
FCOM,0.015328999999999999,100000,2026-08-06T12:39:11
FCOR,0.138095,80000,2026-08-06T12:39:11
FCPB,0.191694,4000,2026-08-06T12:39:11
FCPG,0.0025,250000,2026-08-06T12:39:11
FCPI,0.08397,100000,2026-08-06T12:39:11
FCPS,0.0025,1000,2026-08-06T12:39:11
FCPT,0.004081,2600000,2026-08-06T12:39:11
FCRS,0.084954,1400000,2026-08-06T12:39:11
FCRS U,0.012199999999999999,550000,2026-08-06T12:39:11
FCRZ.OLD1,0.0025,35000,2026-08-06T12:39:11
FCSH,0.054193,1000,2026-08-06T12:39:11
FCSMF,0.042893,600000,2026-08-06T12:39:11
FCT,0.002782,150000,2026-08-06T12:39:11
FCTE,0.132669,55000,2026-08-06T12:39:11
FCTI,0.0025,10000,2026-08-06T12:39:11
FCTOA,0.0025,100000,2026-08-06T12:39:11
FCTR,0.059614,55000,2026-08-06T12:39:11
FCUL,0.0025,700,2026-08-06T12:39:11
FCUS,0.057351,65000,2026-08-06T12:39:11
FCUV,9.667327,5000,2026-08-06T12:39:11
FCVT,0.009715,250000,2026-08-06T12:39:11
FCX,0.0025,10000000,2026-08-06T12:39:11
FCXG,0.21895199999999998,90000,2026-08-06T12:39:11
FDBC,0.003928,40000,2026-08-06T12:39:11
FDBH,0.0025,600,2026-08-06T12:39:11
FDBL,0.0025,550000,2026-08-06T12:39:11
FDCF,0.043376,10000,2026-08-06T12:39:11
FDCTD,0.178704,7000,2026-08-06T12:39:11
FDD,0.018612,85000,2026-08-06T12:39:11
FDEC,0.005489000000000001,65000,2026-08-06T12:39:11
FDEM,0.036011,50000,2026-08-06T12:39:11
FDEV,0.005489000000000001,150000,2026-08-06T12:39:11
FDFF,0.004773,6000,2026-08-06T12:39:11
FDFT,0.0025,600000,2026-08-06T12:39:11
FDG,0.034677,25000,2026-08-06T12:39:11
FDHC,0.0025,1000,2026-08-06T12:39:11
FDHY,0.037964000000000005,90000,2026-08-06T12:39:11
FDIF,0.07411,6000,2026-08-06T12:39:11
FDIG,0.085317,100000,2026-08-06T12:39:11
FDIQ,0.0025,10000,2026-08-06T12:39:11
FDIS,0.007047,85000,2026-08-06T12:39:11
FDIV,0.12452,150000,2026-08-06T12:39:11
FDKS,0.0025,29,2026-08-06T12:39:11
FDL,0.038133,350000,2026-08-06T12:39:11
FDLO,0.015079,150000,2026-08-06T12:39:11
FDLS,0.111226,550000,2026-08-06T12:39:11
FDM,0.013607000000000001,15000,2026-08-06T12:39:11
FDMIF,0.049592,75000,2026-08-06T12:39:11
FDMM,0.012199999999999999,90000,2026-08-06T12:39:11
FDMMU,0.116445,350000,2026-08-06T12:39:11
FDMO,0.032749,90000,2026-08-06T12:39:11
FDMSF,0.11213,750000,2026-08-06T12:39:11
FDMT,0.004135,950000,2026-08-06T12:39:11
FDN,0.029276,150000,2026-08-06T12:39:11
FDND,0.032785,1000,2026-08-06T12:39:11
FDNHQ,0.0025,150000,2026-08-06T12:39:11
FDNI,0.046102,25000,2026-08-06T12:39:11
FDRR,0.016156999999999998,30000,2026-08-06T12:39:11
FDRS,0.078821,2300000,2026-08-06T12:39:11
FDRX,0.104267,400000,2026-08-06T12:39:11
FDS,0.004126,450000,2026-08-06T12:39:11
FDSB,0.012705,150000,2026-08-06T12:39:11
FDT,0.097446,300000,2026-08-06T12:39:11
FDTC,0.0025,450000,2026-08-06T12:39:11
FDTS,0.0025,700,2026-08-06T12:39:11
FDTX,0.052814,25000,2026-08-06T12:39:11
FDUS,0.078017,25000,2026-08-06T12:39:11
FDV,0.191142,25000,2026-08-06T12:39:11
FDVA,0.0025,35000,2026-08-06T12:39:11
FDVV,0.008195000000000001,250000,2026-08-06T12:39:11
FDVXF,0.188418,100000,2026-08-06T12:39:11
FDX,0.0025,2700000,2026-08-06T12:39:11
FDXF,0.004298,1400000,2026-08-06T12:39:11
FDXTF,0.034245,3000,2026-08-06T12:39:11
FE,0.003303,4500000,2026-08-06T12:39:11
FEAC,0.09850300000000001,10000,2026-08-06T12:39:11
FEAM,0.033566,550000,2026-08-06T12:39:11
FEBM,0.037892,10000,2026-08-06T12:39:11
FEBO,0.004154,400000,2026-08-06T12:39:11
FEBP,0.073145,4000,2026-08-06T12:39:11
FEBT,0.005489000000000001,4000,2026-08-06T12:39:11
FEBU,0.057522000000000004,2000,2026-08-06T12:39:11
FEBW,0.1437,400,2026-08-06T12:39:11
FECCF,0.008305,100000,2026-08-06T12:39:11
FECOF,0.0025,3200000,2026-08-06T12:39:11
FEDM,0.013720000000000001,25000,2026-08-06T12:39:11
FEDU,0.05907199999999999,95000,2026-08-06T12:39:11
FEECQ,0.0025,500,2026-08-06T12:39:11
FEED,1.12732,450000,2026-08-06T12:39:11
FEEDQ,0.010204999999999999,1500000,2026-08-06T12:39:11
FEERF,0.004877,150000,2026-08-06T12:39:11
FEGE,0.035029,100000,2026-08-06T12:39:11
FEGR,0.0025,1800000,2026-08-06T12:39:11
FEIG,0.0025,10000,2026-08-06T12:39:11
FEIM,0.003982,250000,2026-08-06T12:39:11
FELC,0.03236,350000,2026-08-06T12:39:11
FELE,0.003293,900000,2026-08-06T12:39:11
FELG,0.008195000000000001,300000,2026-08-06T12:39:11
FELTY,0.042842000000000005,100000,2026-08-06T12:39:11
FELV,0.040705,150000,2026-08-06T12:39:11
FEM,0.044729,100000,2026-08-06T12:39:11
FEMB,0.09305300000000001,7000,2026-08-06T12:39:11
FEMR,0.374426,15000,2026-08-06T12:39:11
FEMS,0.037514,90000,2026-08-06T12:39:11
FENC,0.01496,1000000,2026-08-06T12:39:11
FENG,0.04348,250000,2026-08-06T12:39:11
FENI,0.026519,950000,2026-08-06T12:39:11
FENRF,0.0025,2000,2026-08-06T12:39:11
FENY,0.035209000000000004,1100000,2026-08-06T12:39:11
FEOE,0.056231,250000,2026-08-06T12:39:11
FEPI,0.006977,450000,2026-08-06T12:39:11
FER,0.003461,850000,2026-08-06T12:39:11
FERA,0.05072600000000001,1400000,2026-08-06T12:39:11
FERG,0.004284,1100000,2026-08-06T12:39:11
FERN,0.0025,10000000,2026-08-06T12:39:11
FESM,0.025307,150000,2026-08-06T12:39:11
FET,0.008445000000000001,500000,2026-08-06T12:39:11
FETH,0.017748,1000000,2026-08-06T12:39:11
FEUZ,0.002782,1000,2026-08-06T12:39:11
FEWP,0.0025,55000,2026-08-06T12:39:11
FEX,0.030994,100000,2026-08-06T12:39:11
FEZ,0.012785999999999999,800000,2026-08-06T12:39:11
FF,0.0053100000000000005,1800000,2026-08-06T12:39:11
FFA,0.026281,50000,2026-08-06T12:39:11
FFAI,3.4246570000000003,85000,2026-08-06T12:39:11
FFBB,0.0033239999999999997,65000,2026-08-06T12:39:11
FFBC,0.003811,650000,2026-08-06T12:39:11
FFBW,0.059318,150000,2026-08-06T12:39:11
FFC,0.016187,250000,2026-08-06T12:39:11
FFDF,0.21117899999999998,500,2026-08-06T12:39:11
FFDH,0.0025,1100000,2026-08-06T12:39:11
FFDI,0.003529,30000,2026-08-06T12:39:11
FFEB,0.006842,40000,2026-08-06T12:39:11
FFEM,0.122514,75000,2026-08-06T12:39:11
FFF,0.21927700000000003,25000,2026-08-06T12:39:11
FFFC,0.0025,10000000,2026-08-06T12:39:11
FFGX,0.095296,85000,2026-08-06T12:39:11
FFIN,0.0025640000000000003,1600000,2026-08-06T12:39:11
FFIU,0.052848,8000,2026-08-06T12:39:11
FFIV,0.0025,1100000,2026-08-06T12:39:11
FFLC,0.03093,100000,2026-08-06T12:39:11
FFLG,0.050693,100000,2026-08-06T12:39:11
FFLS,0.14892,30000,2026-08-06T12:39:11
FFMGF,0.023384000000000002,10000000,2026-08-06T12:39:11
FFMR,0.0033239999999999997,300,2026-08-06T12:39:11
FFND,0.120504,80000,2026-08-06T12:39:11
FFNTF,0.0025,6800000,2026-08-06T12:39:11
FFOG,0.056907,10000,2026-08-06T12:39:11
FFOX,0.026779,40000,2026-08-06T12:39:11
FFPP,0.0025,700,2026-08-06T12:39:11
FFRMF,0.0025,250000,2026-08-06T12:39:11
FFSM,0.09717100000000001,100000,2026-08-06T12:39:11
FFTY,0.05444499999999999,100000,2026-08-06T12:39:11
FFUCF,0.01985,1200000,2026-08-06T12:39:11
FFUT,0.11876400000000001,9000,2026-08-06T12:39:11
FFWC,0.004135,3000,2026-08-06T12:39:11
FFZY,0.0025,6000,2026-08-06T12:39:11
FG,0.004372,500000,2026-08-06T12:39:11
FGBI,0.018307,45000,2026-08-06T12:39:11
FGBIP,0.047435,20000,2026-08-06T12:39:11
FGCO,0.061794,7000,2026-08-06T12:39:11
FGD,0.16256199999999998,150000,2026-08-06T12:39:11
FGDL,0.011984,75000,2026-08-06T12:39:11
FGFH,0.184101,2000,2026-08-06T12:39:11
FGFI,0.0025,2000,2026-08-06T12:39:11
FGHH,0.0025,65000,2026-08-06T12:39:11
FGI,0.678765,65000,2026-08-06T12:39:11
FGII,0.14892,2700000,2026-08-06T12:39:11
FGIIU,0.012199999999999999,400,2026-08-06T12:39:11
FGL,1.332327,8000,2026-08-06T12:39:11
FGLD.OLD1,0.0025,10000000,2026-08-06T12:39:11
FGLDF,0.009657,850000,2026-08-06T12:39:11
FGM,0.029845,40000,2026-08-06T12:39:11
FGN,0.338418,100000,2026-08-06T12:39:11
FGNV,0.0025,30000,2026-08-06T12:39:11
FGNX,0.063107,75000,2026-08-06T12:39:11
FGNXP,0.9335509999999999,15000,2026-08-06T12:39:11
FGOCQ,0.0025,2600000,2026-08-06T12:39:11
FGOVF,0.023668,1000000,2026-08-06T12:39:11
FGPHF,0.162699,1200000,2026-08-06T12:39:11
FGPR,0.0025,350000,2026-08-06T12:39:11
FGROY,0.0025,5000,2026-08-06T12:39:11
FGRU,0.416839,65000,2026-08-06T12:39:11
FGSM,0.061246,600,2026-08-06T12:39:11
FGSN,0.042023000000000005,100000,2026-08-06T12:39:11
FHB,0.0025,1100000,2026-08-06T12:39:11
FHBC,0.0025,10000000,2026-08-06T12:39:11
FHDG,0.046826999999999994,250000,2026-08-06T12:39:11
FHELF,0.0025,600000,2026-08-06T12:39:11
FHEQ,0.072407,250000,2026-08-06T12:39:11
FHI,0.003878,750000,2026-08-06T12:39:11
FHIL,0.164251,1000,2026-08-06T12:39:11
FHLC,0.00724,45000,2026-08-06T12:39:11
FHN,0.0025,7200000,2026-08-06T12:39:11
FHN PRE,0.09854900000000001,70000,2026-08-06T12:39:11
FHN PRF,0.111766,20000,2026-08-06T12:39:11
FHN PRH,0.039047,55000,2026-08-06T12:39:11
FHRT,0.0025,600,2026-08-06T12:39:11
FHTX,0.004707,200000,2026-08-06T12:39:11
FHYDF,0.050363,100000,2026-08-06T12:39:11
FHYS,0.054395,80000,2026-08-06T12:39:11
FIAT,0.108844,8000,2026-08-06T12:39:11
FIBK,0.004139,600000,2026-08-06T12:39:11
FICO,0.004135,85000,2026-08-06T12:39:11
FICS,0.029845,70000,2026-08-06T12:39:11
FID,0.087166,35000,2026-08-06T12:39:11
FIDI,0.099475,15000,2026-08-06T12:39:11
FIDU,0.044786,100000,2026-08-06T12:39:11
FIEE,1.337036,100000,2026-08-06T12:39:11
FIG,0.004977,1700000,2026-08-06T12:39:11
FIGB,0.37992400000000004,50000,2026-08-06T12:39:11
FIGG,0.06584,95000,2026-08-06T12:39:11
FIGP,0.0025,3000,2026-08-06T12:39:11
FIGR,0.002706,2900000,2026-08-06T12:39:11
FIGS,0.004135,1900000,2026-08-06T12:39:11
FIGX,0.056907,800000,2026-08-06T12:39:11
FIGXU,0.012199999999999999,450000,2026-08-06T12:39:11
FIIG,0.028114,150000,2026-08-06T12:39:11
FIND.OLD,0.0025,100,2026-08-06T12:39:11
FINGF,0.003412,200000,2026-08-06T12:39:11
FINMY,0.029098000000000002,100000,2026-08-06T12:39:11
FINN,0.0025,4000,2026-08-06T12:39:11
FINR,0.0025,800,2026-08-06T12:39:11
FINS,0.027139000000000003,20000,2026-08-06T12:39:11
FINT,0.040670000000000005,700,2026-08-06T12:39:11
FINV,0.0025,10000000,2026-08-06T12:39:11
FINW,0.002862,150000,2026-08-06T12:39:11
FINX,0.045046,25000,2026-08-06T12:39:11
FINY,0.6847570000000001,1000,2026-08-06T12:39:11
FIORF,0.015771999999999998,2000000,2026-08-06T12:39:11
FIP,0.004225,4500000,2026-08-06T12:39:11
FIRY,0.011909000000000001,150000,2026-08-06T12:39:11
FIS,0.0031940000000000002,6300000,2026-08-06T12:39:11
FISI,0.0048389999999999996,650000,2026-08-06T12:39:11
FISK,0.11103199999999999,15000,2026-08-06T12:39:11
FISN,0.223167,750000,2026-08-06T12:39:11
FISR,0.07839299999999999,30000,2026-08-06T12:39:11
FISV,0.002782,10000000,2026-08-06T12:39:11
FITB,0.0025,6300000,2026-08-06T12:39:11
FITB PRA,0.097416,25000,2026-08-06T12:39:11
FITB PRI,0.041769999999999995,85000,2026-08-06T12:39:11
FITB PRK,0.150139,90000,2026-08-06T12:39:11
FITB PRM,0.045289,50000,2026-08-06T12:39:11
FITE,0.070915,10000,2026-08-06T12:39:11
FITSF,0.053675,25000,2026-08-06T12:39:11
FITX,0.0025,4000000,2026-08-06T12:39:11
FITY,0.133239,15000,2026-08-06T12:39:11
FITZ,0.052206,20000,2026-08-06T12:39:11
FIVA,0.024658000000000003,150000,2026-08-06T12:39:11
FIVE,0.004699999999999999,1900000,2026-08-06T12:39:11
FIVN,0.004135,1700000,2026-08-06T12:39:11
FIW,0.017085,95000,2026-08-06T12:39:11
FIX,0.0025979999999999996,400000,2026-08-06T12:39:11
FIXD,0.041443,200000,2026-08-06T12:39:11
FIXP,0.023405999999999996,20000,2026-08-06T12:39:11
FIZZ,0.00409,500000,2026-08-06T12:39:11
FJAN,0.009897,30000,2026-08-06T12:39:11
FJDIU,0.542625,95000,2026-08-06T12:39:11
FJET,0.32935200000000003,700000,2026-08-06T12:39:11
FJHL,0.0025,1000,2026-08-06T12:39:11
FJIKY,0.088435,200000,2026-08-06T12:39:11
FJP,0.133765,5000,2026-08-06T12:39:11
FJTSY,0.004135,550000,2026-08-06T12:39:11
FJUL,0.014597,45000,2026-08-06T12:39:11
FJUN,0.054201,55000,2026-08-06T12:39:11
FKKFY,0.0025,7000,2026-08-06T12:39:11
FKU,0.040670000000000005,15000,2026-08-06T12:39:11
FKWL,0.004267,100000,2026-08-06T12:39:11
FKYS,0.066665,1000,2026-08-06T12:39:11
FLAG,0.004135,50000,2026-08-06T12:39:11
FLAO,0.0025,3000,2026-08-06T12:39:11
FLAU,0.04239,300000,2026-08-06T12:39:11
FLAX,0.043119,100000,2026-08-06T12:39:11
FLBL,0.018685,30000,2026-08-06T12:39:11
FLBR,0.002688,600000,2026-08-06T12:39:11
FLC,0.029935,55000,2026-08-06T12:39:11
FLCA,0.01559,20000,2026-08-06T12:39:11
FLCB,0.037964000000000005,45000,2026-08-06T12:39:11
FLCC,1.242203,10000,2026-08-06T12:39:11
FLCE,0.076204,500,2026-08-06T12:39:11
FLCG,0.129614,55000,2026-08-06T12:39:11
FLCH,0.042383,550000,2026-08-06T12:39:11
FLCO,0.009865,2000,2026-08-06T12:39:11
FLCV,0.41028,2000,2026-08-06T12:39:11
FLCX,0.0025,3000,2026-08-06T12:39:11
FLD,0.212115,450000,2026-08-06T12:39:11
FLDB,0.263935,10000,2026-08-06T12:39:11
FLDR,0.017667,100000,2026-08-06T12:39:11
FLDZ,0.012168000000000002,6000,2026-08-06T12:39:11
FLEE,0.040670000000000005,10000,2026-08-06T12:39:11
FLES,0.0025,1000000,2026-08-06T12:39:11
FLEU,0.14892,100000,2026-08-06T12:39:11
FLEX,0.003838,4600000,2026-08-06T12:39:11
FLG,0.002676,5600000,2026-08-06T12:39:11
FLG PRA,0.084567,550000,2026-08-06T12:39:11
FLG PRU,0.084316,80000,2026-08-06T12:39:11
FLGB,0.018569,1000000,2026-08-06T12:39:11
FLGR,0.002836,45000,2026-08-06T12:39:11
FLGT,0.004192,1100000,2026-08-06T12:39:11
FLGV,0.031198,15000,2026-08-06T12:39:11
FLGZY,0.0033239999999999997,3000,2026-08-06T12:39:11
FLHY,0.046329,150000,2026-08-06T12:39:11
FLIA,0.046082,50000,2026-08-06T12:39:11
FLIDY,0.0025,2000,2026-08-06T12:39:11
FLIN,0.005011,750000,2026-08-06T12:39:11
FLIP,0.0025,650000,2026-08-06T12:39:11
FLJH,0.028952,40000,2026-08-06T12:39:11
FLJP,0.005278000000000001,1600000,2026-08-06T12:39:11
FLKM,0.0025,15000,2026-08-06T12:39:11
FLKR,0.006022,500000,2026-08-06T12:39:11
FLL,0.0028160000000000004,1600000,2026-08-06T12:39:11
FLLA,0.042889,250000,2026-08-06T12:39:11
FLMB,0.006842,30000,2026-08-06T12:39:11
FLMCF,0.048804,33,2026-08-06T12:39:11
FLMI,0.039467,30000,2026-08-06T12:39:11
FLMNY,0.11103199999999999,2000,2026-08-06T12:39:11
FLMP,0.0025,15000,2026-08-06T12:39:11
FLMX,0.009566,45000,2026-08-06T12:39:11
FLNA,0.008195000000000001,450000,2026-08-06T12:39:11
FLNA.OLD,0.0025,250000,2026-08-06T12:39:11
FLNC,0.003647,1900000,2026-08-06T12:39:11
FLNCF,0.196647,10000,2026-08-06T12:39:11
FLNG,0.019042,850000,2026-08-06T12:39:11
FLNT,0.005613,100000,2026-08-06T12:39:11
FLO,0.0038529999999999997,1200000,2026-08-06T12:39:11
FLOC,0.004135,300000,2026-08-06T12:39:11
FLOOF,0.11856,3900000,2026-08-06T12:39:11
FLOT,0.00498,1000000,2026-08-06T12:39:11
FLOW,0.06232,250000,2026-08-06T12:39:11
FLPC,0.0025,3200000,2026-08-06T12:39:11
FLQL,0.036839,50000,2026-08-06T12:39:11
FLQM,0.055307,150000,2026-08-06T12:39:11
FLQS,0.14394600000000002,800,2026-08-06T12:39:11
FLR,0.0025,2500000,2026-08-06T12:39:11
FLRE,0.0025,1500000,2026-08-06T12:39:11
FLRG,0.18139500000000003,60000,2026-08-06T12:39:11
FLRN,0.005489000000000001,300000,2026-08-06T12:39:11
FLRT,0.035133,100000,2026-08-06T12:39:11
FLS,0.002882,700000,2026-08-06T12:39:11
FLSA,0.016212999999999998,10000,2026-08-06T12:39:11
FLSP,0.038463,100000,2026-08-06T12:39:11
FLSR,0.0025,10000000,2026-08-06T12:39:11
FLSS,0.0025,2000,2026-08-06T12:39:11
FLST,0.0025,700000,2026-08-06T12:39:11
FLSW,0.01496,20000,2026-08-06T12:39:11
FLTB,0.094795,15000,2026-08-06T12:39:11
FLTR,0.006842,600000,2026-08-06T12:39:11
FLTW,0.304529,450000,2026-08-06T12:39:11
FLUD,0.813304,50000,2026-08-06T12:39:11
FLUT,0.004298,600000,2026-08-06T12:39:11
FLUX,0.007545,100000,2026-08-06T12:39:11
FLV,0.364394,100,2026-08-06T12:39:11
FLWBF,0.065041,6000,2026-08-06T12:39:11
FLWE,0.0025,550000,2026-08-06T12:39:11
FLWPF,0.16249300000000003,300000,2026-08-06T12:39:11
FLWS,0.009656,300000,2026-08-06T12:39:11
FLX,0.044084000000000005,450000,2026-08-06T12:39:11
FLXN,0.030202,600,2026-08-06T12:39:11
FLXP,0.0025,500000,2026-08-06T12:39:11
FLXR,0.008225,350000,2026-08-06T12:39:11
FLXS,0.00497,55000,2026-08-06T12:39:11
FLXT,0.0025,1400000,2026-08-06T12:39:11
FLY,0.0033850000000000004,800000,2026-08-06T12:39:11
FLYD,0.116445,900,2026-08-06T12:39:11
FLYE,0.328885,45000,2026-08-06T12:39:11
FLYT,0.230999,250000,2026-08-06T12:39:11
FLYU,0.040670000000000005,500,2026-08-06T12:39:11
FLYW,0.002785,2100000,2026-08-06T12:39:11
FLYX,0.10688399999999999,450000,2026-08-06T12:39:11
FLYYQ,0.107259,100000,2026-08-06T12:39:11
FLZH,0.57198,100000,2026-08-06T12:39:11
FMAC,0.14892,250000,2026-08-06T12:39:11
FMACU,0.012199999999999999,20000,2026-08-06T12:39:11
FMAG,0.029845,20000,2026-08-06T12:39:11
FMANF,0.009834,2700000,2026-08-06T12:39:11
FMAO,0.003164,200000,2026-08-06T12:39:11
FMAR,0.011691,25000,2026-08-06T12:39:11
FMAT,0.036016,100000,2026-08-06T12:39:11
FMAY,0.043801,70000,2026-08-06T12:39:11
FMB,0.051766,200000,2026-08-06T12:39:11
FMBH,0.004687,150000,2026-08-06T12:39:11
FMBL,0.09895300000000001,400,2026-08-06T12:39:11
FMBM,0.198189,7000,2026-08-06T12:39:11
FMBN,0.0025,200,2026-08-06T12:39:11
FMBV,0.0025,500000,2026-08-06T12:39:11
FMC,0.004135,1300000,2026-08-06T12:39:11
FMCB,0.109679,8000,2026-08-06T12:39:11
FMCC,0.006884,10000000,2026-08-06T12:39:11
FMCCG,0.0025,50000,2026-08-06T12:39:11
FMCCH,0.0025,20000,2026-08-06T12:39:11
FMCCI,0.0025,80000,2026-08-06T12:39:11
FMCCJ,0.0025,90000,2026-08-06T12:39:11
FMCCK,0.0025,80000,2026-08-06T12:39:11
FMCCL,0.0025,400000,2026-08-06T12:39:11
FMCCM,0.109679,35000,2026-08-06T12:39:11
FMCCN,0.0025,45000,2026-08-06T12:39:11
FMCCO,0.0025,100000,2026-08-06T12:39:11
FMCCP,0.0025,65000,2026-08-06T12:39:11
FMCCS,0.0025,50000,2026-08-06T12:39:11
FMCCT,0.0025,250000,2026-08-06T12:39:11
FMCE,0.617101,2000,2026-08-06T12:39:11
FMCKI,0.009834,150000,2026-08-06T12:39:11
FMCKJ,0.007923,2600000,2026-08-06T12:39:11
FMCKK,0.162466,55000,2026-08-06T12:39:11
FMCKL,0.0025,1600000,2026-08-06T12:39:11
FMCKM,0.0025,550000,2026-08-06T12:39:11
FMCKN,0.0025,40000,2026-08-06T12:39:11
FMCKO,0.0025,800000,2026-08-06T12:39:11
FMCKP,0.0025,55000,2026-08-06T12:39:11
FMDE,0.037994,750000,2026-08-06T12:39:11
FMED,0.10156000000000001,6000,2026-08-06T12:39:11
FMET,0.040999,10000,2026-08-06T12:39:11
FMF,0.21885300000000002,20000,2026-08-06T12:39:11
FMFC,2.738531,200000,2026-08-06T12:39:11
FMFG,0.178704,2000,2026-08-06T12:39:11
FMFP,0.0025,1000,2026-08-06T12:39:11
FMHI,0.036905,200000,2026-08-06T12:39:11
FMHS,0.0025,60000,2026-08-06T12:39:11
FMKT,0.09739300000000001,25000,2026-08-06T12:39:11
FMN,0.06373000000000001,250000,2026-08-06T12:39:11
FMNB,0.008202000000000001,1400000,2026-08-06T12:39:11
FMNJ,0.0025,100000,2026-08-06T12:39:11
FMNL,0.0025,2700000,2026-08-06T12:39:11
FMNY,0.063578,400,2026-08-06T12:39:11
FMQQ,0.0025,50000,2026-08-06T12:39:11
FMS,0.033279,1600000,2026-08-06T12:39:11
FMST,0.017172,200000,2026-08-06T12:39:11
FMTL,0.194926,25000,2026-08-06T12:39:11
FMTM,0.038743,300000,2026-08-06T12:39:11
FMTOF,0.609725,45000,2026-08-06T12:39:11
FMUB,0.34828000000000003,50000,2026-08-06T12:39:11
FMUN,0.167269,25000,2026-08-06T12:39:11
FMX,0.002782,1300000,2026-08-06T12:39:11
FMY,0.12185700000000001,40000,2026-08-06T12:39:11
FMYR,0.0025,3000,2026-08-06T12:39:11
FN,0.004099,700000,2026-08-06T12:39:11
FNB,0.0025,7800000,2026-08-06T12:39:11
FNBKY,0.0062770000000000005,100,2026-08-06T12:39:11
FNCHQ,0.0033239999999999997,100000,2026-08-06T12:39:11
FNCL,0.0068000000000000005,150000,2026-08-06T12:39:11
FND,0.004135,650000,2026-08-06T12:39:11
FNDA,0.016359,650000,2026-08-06T12:39:11
FNDB,0.055713,350000,2026-08-06T12:39:11
FNDC,0.013184,350000,2026-08-06T12:39:11
FNDE,0.011162,1400000,2026-08-06T12:39:11
FNDF,0.006739,2000000,2026-08-06T12:39:11
FNDM,0.0025,70000,2026-08-06T12:39:11
FNDX,0.0069830000000000005,2800000,2026-08-06T12:39:11
FNEC,0.0025,10000,2026-08-06T12:39:11
FNEVY,0.0025,400,2026-08-06T12:39:11
FNF,0.004162,2700000,2026-08-06T12:39:11
FNFI,0.013381,8000,2026-08-06T12:39:11
FNFPA,0.0025,100,2026-08-06T12:39:11
FNG,0.271753,7000,2026-08-06T12:39:11
FNGC,0.0025,1100000,2026-08-06T12:39:11
FNGD,0.190822,15000,2026-08-06T12:39:11
FNGG,0.033444,15000,2026-08-06T12:39:11
FNGO,0.118275,25000,2026-08-06T12:39:11
FNGS,0.0032979999999999997,90000,2026-08-06T12:39:11
FNGU,0.09499,10000,2026-08-06T12:39:11
FNHCQ,0.0025,1000000,2026-08-06T12:39:11
FNICF,0.005809999999999999,1500000,2026-08-06T12:39:11
FNK,0.10291399999999999,2000,2026-08-06T12:39:11
FNKO,0.011677,600000,2026-08-06T12:39:11
FNLC,0.016215,150000,2026-08-06T12:39:11
FNLH,0.0025,900000,2026-08-06T12:39:11
FNMA,0.004132,10000000,2026-08-06T12:39:11
FNMAG,0.133109,100000,2026-08-06T12:39:11
FNMAH,0.20306000000000002,250000,2026-08-06T12:39:11
FNMAI,0.0025,100000,2026-08-06T12:39:11
FNMAJ,0.011394,950000,2026-08-06T12:39:11
FNMAK,0.0025,35000,2026-08-06T12:39:11
FNMAL,0.023071,75000,2026-08-06T12:39:11
FNMAM,0.133109,50000,2026-08-06T12:39:11
FNMAN,0.133109,250000,2026-08-06T12:39:11
FNMAO,0.198189,40000,2026-08-06T12:39:11
FNMAP,0.22904,150000,2026-08-06T12:39:11
FNMAS,0.014705,3300000,2026-08-06T12:39:11
FNMAT,0.048804,1500000,2026-08-06T12:39:11
FNMFM,0.146229,200000,2026-08-06T12:39:11
FNMFN,0.0025,300000,2026-08-06T12:39:11
FNMFO,0.0025,500,2026-08-06T12:39:11
FNNZF,0.0025,2300000,2026-08-06T12:39:11
FNON,0.0025,600000,2026-08-06T12:39:11
FNOV,0.010246,15000,2026-08-06T12:39:11
FNQQF,0.131615,1500000,2026-08-06T12:39:11
FNRC,0.0025,10000000,2026-08-06T12:39:11
FNRG,0.0025,200000,2026-08-06T12:39:11
FNRN,0.030899,200000,2026-08-06T12:39:11
FNUC,0.060511999999999996,1600000,2026-08-06T12:39:11
FNV,0.0055249999999999995,1500000,2026-08-06T12:39:11
FNWB,0.008419,300000,2026-08-06T12:39:11
FNWD,0.01705,65000,2026-08-06T12:39:11
FNX,0.029709,10000,2026-08-06T12:39:11
FNY,0.02742,45000,2026-08-06T12:39:11
FOA,0.004321,100000,2026-08-06T12:39:11
FOBIF,0.225792,1000000,2026-08-06T12:39:11
FOCL,0.013038000000000001,400000,2026-08-06T12:39:11
FOCT,0.002782,15000,2026-08-06T12:39:11
FOF,0.025785,100000,2026-08-06T12:39:11
FOFA,0.0025,25000,2026-08-06T12:39:11
FOFO,0.537465,300000,2026-08-06T12:39:11
FOJCY,0.034261,30000,2026-08-06T12:39:11
FOMG,0.155163,1000,2026-08-06T12:39:11
FOMI,0.0025,100000,2026-08-06T12:39:11
FOMNF,0.0033239999999999997,1000,2026-08-06T12:39:11
FOMTF,0.025419,300000,2026-08-06T12:39:11
FONU,0.0025,10000000,2026-08-06T12:39:11
FOR,0.004928,500000,2026-08-06T12:39:11
FORC,0.0025,6500000,2026-08-06T12:39:11
FORH,0.097501,1000,2026-08-06T12:39:11
FORL,0.065591,35000,2026-08-06T12:39:11
FORLU,0.01464,10000,2026-08-06T12:39:11
FORM,0.0036509999999999997,1500000,2026-08-06T12:39:11
FORR,0.00598,250000,2026-08-06T12:39:11
FORTY,0.152296,7000,2026-08-06T12:39:11
FORU,0.0025,15000,2026-08-06T12:39:11
FORW,0.0025,4400000,2026-08-06T12:39:11
FORZ,0.0025,10000000,2026-08-06T12:39:11
FOSL,0.0074919999999999995,2200000,2026-08-06T12:39:11
FOSUY,0.0025,1000,2026-08-06T12:39:11
FOSYF,0.063045,250000,2026-08-06T12:39:11
FOTB,0.12185700000000001,1000,2026-08-06T12:39:11
FOTO,0.030532,800000,2026-08-06T12:39:11
FOUR,0.006673,65000,2026-08-06T12:39:11
FOUR PRA,0.113739,1700000,2026-08-06T12:39:11
FOVSY,0.0025,500,2026-08-06T12:39:11
FOWF,0.0025,8000,2026-08-06T12:39:11
FOX,0.002782,3100000,2026-08-06T12:39:11
FOXA,0.004086,850000,2026-08-06T12:39:11
FOXF,0.004124,500000,2026-08-06T12:39:11
FOXO,0.315227,150000,2026-08-06T12:39:11
FOXX,1.10278,85000,2026-08-06T12:39:11
FOXY,0.013607000000000001,6200000,2026-08-06T12:39:11
FOYJ,0.0025,10000000,2026-08-06T12:39:11
FPA,0.118813,20000,2026-08-06T12:39:11
FPAFY,0.081264,200000,2026-08-06T12:39:11
FPAG,0.046082,95000,2026-08-06T12:39:11
FPAYQ,0.038174,250000,2026-08-06T12:39:11
FPBC,0.0025,3000,2026-08-06T12:39:11
FPE,0.040024,850000,2026-08-06T12:39:11
FPEI,0.032894,350000,2026-08-06T12:39:11
FPF,0.005757,100000,2026-08-06T12:39:11
FPFD,0.04047799999999999,20000,2026-08-06T12:39:11
FPH,0.004571,4700000,2026-08-06T12:39:11
FPI,0.005117,1100000,2026-08-06T12:39:11
FPOCF,0.018102,250000,2026-08-06T12:39:11
FPPP,0.0025,100000,2026-08-06T12:39:11
FPRGF,0.020440999999999997,4700000,2026-08-06T12:39:11
FPRN,0.0025,10000,2026-08-06T12:39:11
FPRO,0.043153,15000,2026-08-06T12:39:11
FPS,0.002782,3300000,2026-08-06T12:39:11
FPSX,0.118038,800,2026-08-06T12:39:11
FPTE,0.0025,10000,2026-08-06T12:39:11
FPWM,0.0025,6000,2026-08-06T12:39:11
FPWR,0.04221,6000,2026-08-06T12:39:11
FPX,0.010901000000000001,90000,2026-08-06T12:39:11
FPXE,0.152979,3000,2026-08-06T12:39:11
FPXI,0.054038,5000,2026-08-06T12:39:11
FQAL,0.012955000000000001,40000,2026-08-06T12:39:11
FQCC,0.0025,200,2026-08-06T12:39:11
FQVLF,0.004853,5100000,2026-08-06T12:39:11
FQVTY,0.0025,3000,2026-08-06T12:39:11
FR,0.0025,3300000,2026-08-06T12:39:11
FRA,0.004395,300000,2026-08-06T12:39:11
FRAF,0.0063880000000000004,20000,2026-08-06T12:39:11
FRBA,0.016621,250000,2026-08-06T12:39:11
FRBE,0.0025,10000,2026-08-06T12:39:11
FRBKQ,0.393309,150000,2026-08-06T12:39:11
FRBT,0.185345,600000,2026-08-06T12:39:11
FRCB,0.13517400000000002,9700000,2026-08-06T12:39:11
FRCCL,0.0025,100000,2026-08-06T12:39:11
FRCHL,0.6788190000000001,400000,2026-08-06T12:39:11
FRCIL,0.0025,700000,2026-08-06T12:39:11
FRCJL,0.0025,700000,2026-08-06T12:39:11
FRCKL,0.0025,200000,2026-08-06T12:39:11
FRCLL,0.0025,55000,2026-08-06T12:39:11
FRCML,0.0025,450000,2026-08-06T12:39:11
FRCN,0.0025,10000000,2026-08-06T12:39:11
FRCOY,0.024535,150000,2026-08-06T12:39:11
FRD,0.0060680000000000005,75000,2026-08-06T12:39:11
FRDM,0.00338,1500000,2026-08-06T12:39:11
FRDM.OLD1,0.0025,5900000,2026-08-06T12:39:11
FREEF,0.0025,350000,2026-08-06T12:39:11
FREGP,0.0025,10000,2026-08-06T12:39:11
FREJN,0.0025,300,2026-08-06T12:39:11
FREJO,0.0025,1000,2026-08-06T12:39:11
FREJP,0.0025,15000,2026-08-06T12:39:11
FREL,0.005489000000000001,250000,2026-08-06T12:39:11
FREVS,0.0025,20000,2026-08-06T12:39:11
FRFC,0.047945,4000,2026-08-06T12:39:11
FRFHF,0.009373,600000,2026-08-06T12:39:11
FRFLF,0.178704,10000,2026-08-06T12:39:11
FRFR,0.0033239999999999997,300,2026-08-06T12:39:11
FRGGF,0.026718000000000002,25000,2026-08-06T12:39:11
FRGN,1.151502,85000,2026-08-06T12:39:11
FRGT,0.43979999999999997,25000,2026-08-06T12:39:11
FRGY,0.0025,2400000,2026-08-06T12:39:11
FRHC,0.28477399999999997,8000,2026-08-06T12:39:11
FRHLF,0.004135,20000,2026-08-06T12:39:11
FRI,0.31697,60000,2026-08-06T12:39:11
FRLE,0.0025,5000,2026-08-06T12:39:11
FRLI,0.0025,2,2026-08-06T12:39:11
FRMA,0.0025,250000,2026-08-06T12:39:11
FRMC,0.0025,350000,2026-08-06T12:39:11
FRME,0.004273,1300000,2026-08-06T12:39:11
FRMEP,0.055013,4000,2026-08-06T12:39:11
FRMI,0.004135,3400000,2026-08-06T12:39:11
FRMM,0.133593,350000,2026-08-06T12:39:11
FRMO,0.087774,1900000,2026-08-06T12:39:11
FRNM,0.023815,550000,2026-08-06T12:39:11
FRNW,0.353921,35000,2026-08-06T12:39:11
FRO,0.017789,4000000,2026-08-06T12:39:11
FROG,0.003964,1500000,2026-08-06T12:39:11
FROT,0.0025,1700000,2026-08-06T12:39:11
FRPH,0.006125,600000,2026-08-06T12:39:11
FRPT,0.0025,650000,2026-08-06T12:39:11
FRQND,0.071536,2000,2026-08-06T12:39:11
FRSB,0.141341,8000,2026-08-06T12:39:11
FRSH,0.004129,8400000,2026-08-06T12:39:11
FRSPF,0.046176,900000,2026-08-06T12:39:11
FRST,0.0032300000000000002,300000,2026-08-06T12:39:11
FRSX,0.456119,100000,2026-08-06T12:39:11
FRT,0.004081,1500000,2026-08-06T12:39:11
FRT PRC,0.021928,10000,2026-08-06T12:39:11
FRTD,0.0025,3100000,2026-08-06T12:39:11
FRTN,0.0025,75000,2026-08-06T12:39:11
FRTT,0.74271,40000,2026-08-06T12:39:11
FRTU,0.0033239999999999997,250000,2026-08-06T12:39:11
FRTW,0.0025,200000,2026-08-06T12:39:11
FRTY,0.033574,25000,2026-08-06T12:39:11
FRVO,0.009106,300000,2026-08-06T12:39:11
FRWD,0.577049,45000,2026-08-06T12:39:11
FRZT,0.0025,600000,2026-08-06T12:39:11
FS26,0.004,19,2026-08-06T12:39:11
FSBC,0.0025,450000,2026-08-06T12:39:11
FSBH,0.0025,1000,2026-08-06T12:39:11
FSBW,0.0044069999999999995,65000,2026-08-06T12:39:11
FSCC,0.338087,6000,2026-08-06T12:39:11
FSCO,0.004117,3500000,2026-08-06T12:39:11
FSCR,0.0025,25000,2026-08-06T12:39:11
FSCS,0.015728,4000,2026-08-06T12:39:11
FSDK,0.0025,100,2026-08-06T12:39:11
FSEA,0.003459,200000,2026-08-06T12:39:11
FSEC,0.017667,60000,2026-08-06T12:39:11
FSEP,0.007762,55000,2026-08-06T12:39:11
FSGS,0.090735,3000,2026-08-06T12:39:11
FSHP,0.012199999999999999,1000,2026-08-06T12:39:11
FSI,0.008007,250000,2026-08-06T12:39:11
FSIG,0.035086,3000,2026-08-06T12:39:11
FSK,0.016776,400000,2026-08-06T12:39:11
FSLR,0.002652,1900000,2026-08-06T12:39:11
FSLY,0.0028120000000000003,1400000,2026-08-06T12:39:11
FSM,0.00409,2900000,2026-08-06T12:39:11
FSMB,0.040504,150000,2026-08-06T12:39:11
FSMD,0.104574,50000,2026-08-06T12:39:11
FSMK,0.166776,15000,2026-08-06T12:39:11
FSNR,0.0025,150000,2026-08-06T12:39:11
FSNUY,0.057245,50000,2026-08-06T12:39:11
FSOL,0.047435,200000,2026-08-06T12:39:11
FSP,0.00604,9000000,2026-08-06T12:39:11
FSPM,0.0025,1000,2026-08-06T12:39:11
FSRL,0.002782,350000,2026-08-06T12:39:11
FSRNQ,0.030428999999999998,10000000,2026-08-06T12:39:11
FSS,0.0025,550000,2026-08-06T12:39:11
FSSL,0.004081,1100000,2026-08-06T12:39:11
FSSN,0.0025,800000,2026-08-06T12:39:11
FSTA,0.009473,200000,2026-08-06T12:39:11
FSTC,0.0025,10000000,2026-08-06T12:39:11
FSTF,0.0025,150000,2026-08-06T12:39:11
FSTR,0.013274999999999999,450000,2026-08-06T12:39:11
FSUGY,0.024838,400000,2026-08-06T12:39:11
FSUN,0.00409,200000,2026-08-06T12:39:11
FSV,0.0025,100000,2026-08-06T12:39:11
FSYD,0.45491,20000,2026-08-06T12:39:11
FSZ,0.097501,20000,2026-08-06T12:39:11
FT,0.050838,55000,2026-08-06T12:39:11
FTA,0.042401999999999995,150000,2026-08-06T12:39:11
FTAG,0.040670000000000005,30000,2026-08-06T12:39:11
FTAI,0.0029909999999999997,1200000,2026-08-06T12:39:11
FTAIM,0.088491,300000,2026-08-06T12:39:11
FTBI,0.047408,5000,2026-08-06T12:39:11
FTBYF,0.18905000000000002,20000,2026-08-06T12:39:11
FTC,0.035485,60000,2026-08-06T12:39:11
FTCA,0.098144,250000,2026-08-06T12:39:11
FTCB,0.040705,350000,2026-08-06T12:39:11
FTCE,0.318563,400,2026-08-06T12:39:11
FTCHQ,0.008857,8800000,2026-08-06T12:39:11
FTCI,0.012163,1900000,2026-08-06T12:39:11
FTCO,0.029206,1600000,2026-08-06T12:39:11
FTCS,0.009389999999999999,200000,2026-08-06T12:39:11
FTCY,0.0025,2000,2026-08-06T12:39:11
FTDL,0.0025,10000,2026-08-06T12:39:11
FTDR,0.006165,1100000,2026-08-06T12:39:11
FTDS,0.041734999999999994,1000,2026-08-06T12:39:11
FTEC,0.004812,400000,2026-08-06T12:39:11
FTEG,0.0025,10000000,2026-08-06T12:39:11
FTEK,0.005579,1300000,2026-08-06T12:39:11
FTF,0.051855000000000005,200000,2026-08-06T12:39:11
FTFT,0.1042,100000,2026-08-06T12:39:11
FTGC,0.020162,10000,2026-08-06T12:39:11
FTGFF,0.032425,20000,2026-08-06T12:39:11
FTGS,0.032010000000000004,100000,2026-08-06T12:39:11
FTH,0.278369,450000,2026-08-06T12:39:11
FTHA,0.013607000000000001,950000,2026-08-06T12:39:11
FTHAU,0.510161,5000,2026-08-06T12:39:11
FTHF,0.455306,4000,2026-08-06T12:39:11
FTHI,0.085618,100000,2026-08-06T12:39:11
FTHM,0.005913000000000001,950000,2026-08-06T12:39:11
FTHY,0.0028000000000000004,100000,2026-08-06T12:39:11
FTI,0.004081,3900000,2026-08-06T12:39:11
FTIF,0.097501,45000,2026-08-06T12:39:11
FTII,0.026551,10000,2026-08-06T12:39:11
FTK,0.0036980000000000003,150000,2026-08-06T12:39:11
FTLF,0.012811999999999999,450000,2026-08-06T12:39:11
FTLS,0.014879,45000,2026-08-06T12:39:11
FTMA,0.060845,40000,2026-08-06T12:39:11
FTMDF,0.0035930000000000003,3400000,2026-08-06T12:39:11
FTMH,0.22988499999999998,150000,2026-08-06T12:39:11
FTMN,0.051495,100000,2026-08-06T12:39:11
FTMRQ.OLD,0.0025,83,2026-08-06T12:39:11
FTMS,0.042023000000000005,200000,2026-08-06T12:39:11
FTMU,0.768568,200000,2026-08-06T12:39:11
FTNJ,0.155685,100000,2026-08-06T12:39:11
FTNT,0.0025,9300000,2026-08-06T12:39:11
FTNW,0.0,550000,2026-08-06T12:39:11
FTNY,0.078896,300000,2026-08-06T12:39:11
FTPA,0.046251,150000,2026-08-06T12:39:11
FTPM,0.0025,5500000,2026-08-06T12:39:11
FTQI,0.119323,100000,2026-08-06T12:39:11
FTRA,0.27718,1600000,2026-08-06T12:39:11
FTRA U,0.28257,100000,2026-08-06T12:39:11
FTRCF,0.20793099999999998,35000,2026-08-06T12:39:11
FTRE,0.004081,3200000,2026-08-06T12:39:11
FTRI,0.032551000000000004,100000,2026-08-06T12:39:11
FTRK,0.602042,600000,2026-08-06T12:39:11
FTRS,0.0025,800,2026-08-06T12:39:11
FTS,0.005484,1800000,2026-08-06T12:39:11
FTSD,0.038234,70000,2026-08-06T12:39:11
FTSL,0.027393999999999998,100000,2026-08-06T12:39:11
FTSM,0.023358,350000,2026-08-06T12:39:11
FTSP,0.003215,10000,2026-08-06T12:39:11
FTV,0.0028539999999999998,3000000,2026-08-06T12:39:11
FTW,0.506542,20000,2026-08-06T12:39:11
FTWO,0.148812,5000,2026-08-06T12:39:11
FTWS,0.0025,7100000,2026-08-06T12:39:11
FTXG,0.075156,15000,2026-08-06T12:39:11
FTXH,0.063039,2000,2026-08-06T12:39:11
FTXL,0.020373000000000002,250000,2026-08-06T12:39:11
FTXN,0.0025,150000,2026-08-06T12:39:11
FTXO,0.023685,250000,2026-08-06T12:39:11
FTXP,0.0025,10000000,2026-08-06T12:39:11
FTXR,0.060967,150000,2026-08-06T12:39:11
FTZFF,0.023771,350000,2026-08-06T12:39:11
FUAPF,0.139734,1800000,2026-08-06T12:39:11
FUBO,0.029782000000000003,150000,2026-08-06T12:39:11
FUFU,0.23222500000000001,650000,2026-08-06T12:39:11
FUGI,0.0025,3000,2026-08-06T12:39:11
FUIG,0.0025,5000,2026-08-06T12:39:11
FUJHY,0.041658,650000,2026-08-06T12:39:11
FUJIY,0.043038,750000,2026-08-06T12:39:11
FUL,0.002782,900000,2026-08-06T12:39:11
FULC,0.002922,5200000,2026-08-06T12:39:11
FULO,0.0025,95000,2026-08-06T12:39:11
FULT,0.004298,1300000,2026-08-06T12:39:11
FULTP,0.055385,90000,2026-08-06T12:39:11
FUMB,0.012762,20000,2026-08-06T12:39:11
FUN,0.002783,2200000,2026-08-06T12:39:11
FUNC,0.003882,100000,2026-08-06T12:39:11
FUND,0.017293,100000,2026-08-06T12:39:11
FUNFF,0.002782,1900000,2026-08-06T12:39:11
FUNI,0.137683,3700000,2026-08-06T12:39:11
FUNN,0.178704,3900000,2026-08-06T12:39:11
FUNR,0.0025,10000000,2026-08-06T12:39:11
FUPBY,0.043376,3000,2026-08-06T12:39:11
FUQI,0.01477,100000,2026-08-06T12:39:11
FURY,0.017716,3100000,2026-08-06T12:39:11
FUSB,0.047943,50000,2026-08-06T12:39:11
FUSD,0.11824799999999999,9000,2026-08-06T12:39:11
FUSE,0.263366,60000,2026-08-06T12:39:11
FUST,0.0025,5000,2026-08-06T12:39:11
FUTG,0.166348,3200000,2026-08-06T12:39:11
FUTL,0.0025,10000000,2026-08-06T12:39:11
FUTO,0.0025,200000,2026-08-06T12:39:11
FUTS,0.0025,2300000,2026-08-06T12:39:11
FUTU,0.002782,3800000,2026-08-06T12:39:11
FUTY,0.016756,100000,2026-08-06T12:39:11
FUUFF,0.022289,6700000,2026-08-06T12:39:11
FUUN,0.0025,60000,2026-08-06T12:39:11
FUVV,0.049908,55000,2026-08-06T12:39:11
FUWAY,0.057598,150000,2026-08-06T12:39:11
FUXA,0.0025,1000,2026-08-06T12:39:11
FV,0.006489,100000,2026-08-06T12:39:11
FVAL,0.027139000000000003,100000,2026-08-06T12:39:11
FVAV,0.026416,3700000,2026-08-06T12:39:11
FVC,0.008195000000000001,5000,2026-08-06T12:39:11
FVCB,0.004112,950000,2026-08-06T12:39:11
FVD,0.002782,700000,2026-08-06T12:39:11
FVN,0.461482,750000,2026-08-06T12:39:11
FVR,0.002782,350000,2026-08-06T12:39:11
FVRG,0.0025,7000,2026-08-06T12:39:11
FVRR,0.004901,1700000,2026-08-06T12:39:11
FVTI,0.0025,7000,2026-08-06T12:39:11
FWAC,0.040670000000000005,20000,2026-08-06T12:39:11
FWD,0.27062,30000,2026-08-06T12:39:11
FWDG,0.0025,10000000,2026-08-06T12:39:11
FWDI,0.008333,1200000,2026-08-06T12:39:11
FWEDF,0.035857,90000,2026-08-06T12:39:11
FWFW,0.0025,5000,2026-08-06T12:39:11
FWONA,0.004111,750000,2026-08-06T12:39:11
FWONB,0.0025,15000,2026-08-06T12:39:11
FWONK,0.003648,2600000,2026-08-06T12:39:11
FWRD,0.0038740000000000003,600000,2026-08-06T12:39:11
FWRG,0.003727,2400000,2026-08-06T12:39:11
FXA,0.008195000000000001,10000,2026-08-06T12:39:11
FXAC,0.311295,100000,2026-08-06T12:39:11
FXB,0.223567,3000,2026-08-06T12:39:11
FXC,0.053609,15000,2026-08-06T12:39:11
FXD,0.059216,45000,2026-08-06T12:39:11
FXED,0.003096,20000,2026-08-06T12:39:11
FXF,0.003031,25000,2026-08-06T12:39:11
FXG,0.014127,65000,2026-08-06T12:39:11
FXH,0.031622,200000,2026-08-06T12:39:11
FXHO,10.253893,1000,2026-08-06T12:39:11
FXI,0.011963999999999999,1900000,2026-08-06T12:39:11
FXL,0.029992,20000,2026-08-06T12:39:11
FXLG,0.11001699999999999,2000,2026-08-06T12:39:11
FXN,0.038479,350000,2026-08-06T12:39:11
FXNC,0.004732,100000,2026-08-06T12:39:11
FXO,0.10020699999999999,100000,2026-08-06T12:39:11
FXP,0.184191,15000,2026-08-06T12:39:11
FXPT,0.0025,2200000,2026-08-06T12:39:11
FXR,0.04198,100000,2026-08-06T12:39:11
FXTGY,0.0025,4000,2026-08-06T12:39:11
FXU,0.029594,300000,2026-08-06T12:39:11
FXY,0.020767,45000,2026-08-06T12:39:11
FXZ,0.039317000000000005,75000,2026-08-06T12:39:11
FYC,0.075693,50000,2026-08-06T12:39:11
FYEE,0.044729,150000,2026-08-06T12:39:11
FYLD,0.01814,250000,2026-08-06T12:39:11
FYMNF,0.042698,60000,2026-08-06T12:39:11
FYNN,0.0025,1800000,2026-08-06T12:39:11
FYT,0.073145,25000,2026-08-06T12:39:11
FYX,0.043717,60000,2026-08-06T12:39:11
FZMD,0.0025,100000,2026-08-06T12:39:11
FZRQ,0.560271,600000,2026-08-06T12:39:11
G,0.003849,3300000,2026-08-06T12:39:11
G4H,0.004,10000,2026-08-06T12:39:11
GAA,0.069988,55000,2026-08-06T12:39:11
GAB,0.005489000000000001,2200000,2026-08-06T12:39:11
GAB PRG,0.265569,40000,2026-08-06T12:39:11
GAB PRH,0.040805,90000,2026-08-06T12:39:11
GAB PRK,0.22834,80000,2026-08-06T12:39:11
GABC,0.004081,250000,2026-08-06T12:39:11
GABF,0.028508,50000,2026-08-06T12:39:11
GACFQ,0.0025,600000,2026-08-06T12:39:11
GACR,0.0025,2800000,2026-08-06T12:39:11
GADS,0.0025,2000,2026-08-06T12:39:11
GAEC,0.0025,55000,2026-08-06T12:39:11
GAEM,0.235151,450000,2026-08-06T12:39:11
GAFCP,0.0025,73,2026-08-06T12:39:11
GAFL,0.0025,700,2026-08-06T12:39:11
GAHC,0.0025,10000000,2026-08-06T12:39:11
GAHI,0.0025,1000,2026-08-06T12:39:11
GAIA,0.010877,550000,2026-08-06T12:39:11
GAIN,0.02157,1100000,2026-08-06T12:39:11
GAING,0.235914,20000,2026-08-06T12:39:11
GAINI,0.074633,100000,2026-08-06T12:39:11
GAINZ,0.014946,65000,2026-08-06T12:39:11
GAL,0.043217,10000,2026-08-06T12:39:11
GALDY,0.044128,250000,2026-08-06T12:39:11
GALT,0.11945299999999999,450000,2026-08-06T12:39:11
GALTU,0.0025,500,2026-08-06T12:39:11
GAM,0.016314,350000,2026-08-06T12:39:11
GAM PRB,0.105998,25000,2026-08-06T12:39:11
GAME,0.045811000000000004,2600000,2026-08-06T12:39:11
GAMG,0.0025,9000,2026-08-06T12:39:11
GAMI,0.016329,30000,2026-08-06T12:39:11
GAMN,0.0025,40000,2026-08-06T12:39:11
GAMR,0.09739300000000001,2000,2026-08-06T12:39:11
GAMXF,0.030021,150000,2026-08-06T12:39:11
GAMZ,0.0025,10000,2026-08-06T12:39:11
GANX,0.024647000000000002,90000,2026-08-06T12:39:11
GAP,0.004089,2900000,2026-08-06T12:39:11
GAPR,0.076271,2000,2026-08-06T12:39:11
GARB,0.0025,10000000,2026-08-06T12:39:11
GARLF,0.058063000000000003,200000,2026-08-06T12:39:11
GARP,0.02618,150000,2026-08-06T12:39:11
GARPY,0.0025,100,2026-08-06T12:39:11
GARWF,0.008511999999999999,1000000,2026-08-06T12:39:11
GARY,0.045121,200,2026-08-06T12:39:11
GARZ,0.0025,3000,2026-08-06T12:39:11
GASE,0.0025,200000,2026-08-06T12:39:11
GASNY,0.023079000000000002,200000,2026-08-06T12:39:11
GASS,0.037695,1200000,2026-08-06T12:39:11
GASXF,0.044809,40000,2026-08-06T12:39:11
GASZ,0.018915,350000,2026-08-06T12:39:11
GATX,0.0025729999999999998,200000,2026-08-06T12:39:11
GAU,0.007941,9900000,2026-08-06T12:39:11
GAUG,0.08397,10000,2026-08-06T12:39:11
GAVA,0.10523400000000001,700,2026-08-06T12:39:11
GAWK,0.0025,25000,2026-08-06T12:39:11
GAXCQ,0.0025,90000,2026-08-06T12:39:11
GAXY.OLD1,0.0025,30000,2026-08-06T12:39:11
GAXYQ,0.0025,10000000,2026-08-06T12:39:11
GAYMF,0.113326,300000,2026-08-06T12:39:11
GAZU,0.0025,45000,2026-08-06T12:39:11
GBAB,0.009462,150000,2026-08-06T12:39:11
GBAI,0.0025,20000,2026-08-06T12:39:11
GBBFF,0.01464,300000,2026-08-06T12:39:11
GBCHF,0.0025,4400000,2026-08-06T12:39:11
GBCI,0.003377,950000,2026-08-06T12:39:11
GBCMY,0.109679,60,2026-08-06T12:39:11
GBCS,0.0025,10000,2026-08-06T12:39:11
GBDC,0.04717,150000,2026-08-06T12:39:11
GBEN,0.0025,7000,2026-08-06T12:39:11
GBERY,0.047887000000000006,30000,2026-08-06T12:39:11
GBF,0.124455,1000,2026-08-06T12:39:11
GBFH,0.009869,35000,2026-08-06T12:39:11
GBGD,0.0025,100,2026-08-06T12:39:11
GBGLF,0.051746,950000,2026-08-06T12:39:11
GBHL,0.0025,10000000,2026-08-06T12:39:11
GBIL,0.0028699999999999997,550000,2026-08-06T12:39:11
GBIM,0.0025,50000,2026-08-06T12:39:11
GBLBY,0.043376,15000,2026-08-06T12:39:11
GBLE,0.0025,20000,2026-08-06T12:39:11
GBLEF,0.050363,400000,2026-08-06T12:39:11
GBLI,0.004215,35000,2026-08-06T12:39:11
GBLP.OLD,0.0025,200,2026-08-06T12:39:11
GBLX,0.133239,900000,2026-08-06T12:39:11
GBMCF,0.19007000000000002,100000,2026-08-06T12:39:11
GBNW,0.0025,20000,2026-08-06T12:39:11
GBNY,0.053337,200000,2026-08-06T12:39:11
GBOOY,0.032358,60000,2026-08-06T12:39:11
GBR,0.09455399999999999,200000,2026-08-06T12:39:11
GBRRF,0.06017,95000,2026-08-06T12:39:11
GBSNQ,0.0025,1100000,2026-08-06T12:39:11
GBTC,0.006222,3900000,2026-08-06T12:39:11
GBTG,0.003709,2400000,2026-08-06T12:39:11
GBUG,0.002932,45000,2026-08-06T12:39:11
GBVI,0.0025,15000,2026-08-06T12:39:11
GBX,0.0026490000000000003,550000,2026-08-06T12:39:11
GBXI,0.0025,15000,2026-08-06T12:39:11
GCAD,0.253029,4000,2026-08-06T12:39:11
GCAL,0.19145800000000002,10000,2026-08-06T12:39:11
GCAN,0.0025,10000,2026-08-06T12:39:11
GCAN.OLD1,0.0025,100000,2026-08-06T12:39:11
GCBC,0.012242,80000,2026-08-06T12:39:11
GCC,0.054998,50000,2026-08-06T12:39:11
GCCFF,0.003984,550000,2026-08-06T12:39:11
GCDT,0.726704,650000,2026-08-06T12:39:11
GCEI,0.0033239999999999997,2100000,2026-08-06T12:39:11
GCFB,0.0025,650000,2026-08-06T12:39:11
GCFFF,0.003229,65000,2026-08-06T12:39:11
GCGR,0.051946000000000006,3200000,2026-08-06T12:39:11
GCGRU,0.086676,10000,2026-08-06T12:39:11
GCHK,0.0025,1300000,2026-08-06T12:39:11
GCHT,0.0025,500000,2026-08-06T12:39:11
GCL,0.485848,1100000,2026-08-06T12:39:11
GCLT,0.0025,1800000,2026-08-06T12:39:11
GCMG,0.004117,3900000,2026-08-06T12:39:11
GCO,0.0068059999999999996,200000,2026-08-06T12:39:11
GCOG,0.0025,6100000,2026-08-06T12:39:11
GCOR,0.06367300000000001,90000,2026-08-06T12:39:11
GCOW,0.030052,150000,2026-08-06T12:39:11
GCSH,1.169176,300,2026-08-06T12:39:11
GCT,0.0027089999999999996,1200000,2026-08-06T12:39:11
GCTS,0.038148,300000,2026-08-06T12:39:11
GCV,0.032551000000000004,150000,2026-08-06T12:39:11
GD,0.004081,2800000,2026-08-06T12:39:11
GDC,0.25837499999999997,75000,2026-08-06T12:39:11
GDDY,0.0027939999999999996,2100000,2026-08-06T12:39:11
GDE,0.004259,200000,2026-08-06T12:39:11
GDEC,0.038049,75000,2026-08-06T12:39:11
GDET,0.0025,10000000,2026-08-06T12:39:11
GDEV,0.09266999999999999,35000,2026-08-06T12:39:11
GDHG,0.928528,30000,2026-08-06T12:39:11
GDIV,0.048187,90000,2026-08-06T12:39:11
GDL,0.031762,45000,2026-08-06T12:39:11
GDLC,0.029665,350000,2026-08-06T12:39:11
GDLG,0.0025,20000,2026-08-06T12:39:11
GDMA,0.044322999999999994,25000,2026-08-06T12:39:11
GDMN,0.004291,45000,2026-08-06T12:39:11
GDNGY,0.117798,25000,2026-08-06T12:39:11
GDO,0.01902,75000,2026-08-06T12:39:11
GDOC,0.097501,4000,2026-08-06T12:39:11
GDOG,0.338357,6000,2026-08-06T12:39:11
GDOT,0.006731,4700000,2026-08-06T12:39:11
GDPEF,0.009834,7000,2026-08-06T12:39:11
GDRX,0.004163,7000000,2026-08-06T12:39:11
GDRZF,0.093213,7200000,2026-08-06T12:39:11
GDS,0.011894,250000,2026-08-06T12:39:11
GDSI,0.0025,6800000,2026-08-06T12:39:11
GDST,0.01464,200,2026-08-06T12:39:11
GDT,0.41954500000000006,8000,2026-08-06T12:39:11
GDTC,0.046581000000000004,150000,2026-08-06T12:39:11
GDTRF,0.032925,30000,2026-08-06T12:39:11
GDV,0.060967,950000,2026-08-06T12:39:11
GDV PRH,0.183289,40000,2026-08-06T12:39:11
GDV PRK,0.021781000000000002,200000,2026-08-06T12:39:11
GDX,0.0030520000000000005,7800000,2026-08-06T12:39:11
GDXD,0.16745000000000002,2000,2026-08-06T12:39:11
GDXJ,0.007914,150000,2026-08-06T12:39:11
GDXRF,0.0025,50000,2026-08-06T12:39:11
GDXU,0.08595499999999999,100000,2026-08-06T12:39:11
GDXW,0.121868,55000,2026-08-06T12:39:11
GDXY,0.15419,550000,2026-08-06T12:39:11
GDYN,0.004404,1600000,2026-08-06T12:39:11
GE,0.004169,5200000,2026-08-06T12:39:11
GEAR.RSTD,0.0025,10000,2026-08-06T12:39:11
GEAT,0.0025,1800000,2026-08-06T12:39:11
GEBHY,0.0025,65000,2026-08-06T12:39:11
GECC,0.019811000000000002,400000,2026-08-06T12:39:11
GECCG,0.255791,20000,2026-08-06T12:39:11
GECCH,0.378951,10000,2026-08-06T12:39:11
GECCI,0.125917,40000,2026-08-06T12:39:11
GECSF,0.153307,6000,2026-08-06T12:39:11
GEDC,0.0025,15000,2026-08-06T12:39:11
GEECF,0.0025,3600000,2026-08-06T12:39:11
GEF,0.002782,750000,2026-08-06T12:39:11
GEF B,0.006052999999999999,30000,2026-08-06T12:39:11
GEFI,0.0025,150000,2026-08-06T12:39:11
GEGGL,0.34570900000000004,10000,2026-08-06T12:39:11
GEGI,0.0025,10000000,2026-08-06T12:39:11
GEGP,0.0025,10000000,2026-08-06T12:39:11
GEGR,0.0025,300000,2026-08-06T12:39:11
GEGYY,0.0025,200,2026-08-06T12:39:11
GEHC,0.002519,5500000,2026-08-06T12:39:11
GEL,0.004135,1600000,2026-08-06T12:39:11
GELEF,0.0025,15000,2026-08-06T12:39:11
GELHY,0.007482,100000,2026-08-06T12:39:11
GELS,0.7672979999999999,150000,2026-08-06T12:39:11
GELV,0.0025,55000,2026-08-06T12:39:11
GEM,0.037964000000000005,200000,2026-08-06T12:39:11
GEMD,0.040670000000000005,3000,2026-08-06T12:39:11
GEME,0.120601,40000,2026-08-06T12:39:11
GEMG,0.370832,800,2026-08-06T12:39:11
GEMI,0.023825,1100000,2026-08-06T12:39:11
GEMSF,0.0025,350000,2026-08-06T12:39:11
GEMZ,0.0025,9000,2026-08-06T12:39:11
GEN,0.0027939999999999996,2500000,2026-08-06T12:39:11
GENB,0.026948,75000,2026-08-06T12:39:11
GENC,0.032551000000000004,450000,2026-08-06T12:39:11
GEND,0.031685,5000,2026-08-06T12:39:11
GENI,0.004135,5300000,2026-08-06T12:39:11
GENK,0.012881,95000,2026-08-06T12:39:11
GENM,0.040670000000000005,45000,2026-08-06T12:39:11
GENM.OLD,0.0025,2,2026-08-06T12:39:11
GENMF,0.008593,10000000,2026-08-06T12:39:11
GENNQ,0.0212,350000,2026-08-06T12:39:11
GENW,0.14892,9000,2026-08-06T12:39:11
GENX,0.0025,100000,2026-08-06T12:39:11
GENZ,0.040670000000000005,25000,2026-08-06T12:39:11
GEO,0.003939,4700000,2026-08-06T12:39:11
GEOS,0.004081,1100000,2026-08-06T12:39:11
GEPC,0.0025,1000000,2026-08-06T12:39:11
GEQ,0.003215,75000,2026-08-06T12:39:11
GERN,0.004081,10000000,2026-08-06T12:39:11
GERS,0.0025,15000,2026-08-06T12:39:11
GESI,0.0025,100,2026-08-06T12:39:11
GETE,0.0025,350000,2026-08-06T12:39:11
GETG,0.0025,150000,2026-08-06T12:39:11
GETH,0.0025,90000,2026-08-06T12:39:11
GETR,0.039061,1000000,2026-08-06T12:39:11
GETY,0.12678,2900000,2026-08-06T12:39:11
GEV,0.002514,1600000,2026-08-06T12:39:11
GEVG,0.077204,95000,2026-08-06T12:39:11
GEVO,0.004324,850000,2026-08-06T12:39:11
GEVX,0.067732,50000,2026-08-06T12:39:11
GEW,0.029845,100000,2026-08-06T12:39:11
GEYI,0.0025,750000,2026-08-06T12:39:11
GEZC,0.0025,80000,2026-08-06T12:39:11
GF,0.023277000000000003,500000,2026-08-06T12:39:11
GFAI,0.004481,1000000,2026-08-06T12:39:11
GFASY,0.0025,15000,2026-08-06T12:39:11
GFEB,0.13944800000000002,60000,2026-08-06T12:39:11
GFF,0.003239,400000,2026-08-06T12:39:11
GFGF,0.097501,3000,2026-08-06T12:39:11
GFGSF,0.117979,10000000,2026-08-06T12:39:11
GFGU,0.0025,1100000,2026-08-06T12:39:11
GFI,0.0026650000000000003,4000000,2026-08-06T12:39:11
GFL,0.004081,750000,2026-08-06T12:39:11
GFLE,0.0025,35000,2026-08-06T12:39:11
GFLW,0.042632,100,2026-08-06T12:39:11
GFMH,0.0025,450000,2026-08-06T12:39:11
GFOO,0.0025,45000,2026-08-06T12:39:11
GFOX,0.0025,10000000,2026-08-06T12:39:11
GFR,0.006405999999999999,2300000,2026-08-06T12:39:11
GFRP,0.0025,1400000,2026-08-06T12:39:11
GFS,0.002782,1600000,2026-08-06T12:39:11
GFSG,0.035439,15000,2026-08-06T12:39:11
GFTFF,0.178704,100000,2026-08-06T12:39:11
GFUZ,0.89565,25000,2026-08-06T12:39:11
GGAAF,1.607604,1000,2026-08-06T12:39:11
GGAL,0.006153,2100000,2026-08-06T12:39:11
GGB,0.004081,10000000,2026-08-06T12:39:11
GGBL,0.0025,1900000,2026-08-06T12:39:11
GGBXF,0.0025,4100000,2026-08-06T12:39:11
GGDCF,0.040674999999999996,500,2026-08-06T12:39:11
GGEI,0.178704,10000000,2026-08-06T12:39:11
GGG,0.004051,1300000,2026-08-06T12:39:11
GGGOF,0.005724,2100000,2026-08-06T12:39:11
GGIFF,0.0025,950000,2026-08-06T12:39:11
GGII,0.0025,10000000,2026-08-06T12:39:11
GGLDF,0.019576,3300000,2026-08-06T12:39:11
GGLL,0.026674000000000003,300000,2026-08-06T12:39:11
GGLS,1.144574,95000,2026-08-06T12:39:11
GGMC.OLD,0.0025,1,2026-08-06T12:39:11
GGME,0.040670000000000005,35000,2026-08-06T12:39:11
GGN,0.02804,950000,2026-08-06T12:39:11
GGN PRB,0.198985,100000,2026-08-06T12:39:11
GGOV,0.045326000000000005,75000,2026-08-06T12:39:11
GGOXF,0.045868,100000,2026-08-06T12:39:11
GGR,0.0432,1000000,2026-08-06T12:39:11
GGRP,0.004081,400000,2026-08-06T12:39:11
GGRW,0.08397,3000,2026-08-06T12:39:11
GGSM,0.048804,10000000,2026-08-06T12:39:11
GGT,0.010327,250000,2026-08-06T12:39:11
GGT PRE,0.173155,30000,2026-08-06T12:39:11
GGT PRG,0.45202,20000,2026-08-06T12:39:11
GGTHF.OLD,0.0025,90000,2026-08-06T12:39:11
GGTS,0.0025,100000,2026-08-06T12:39:11
GGWY,0.0025,8000,2026-08-06T12:39:11
GGZ,0.020373000000000002,25000,2026-08-06T12:39:11
GH,0.003382,1600000,2026-08-06T12:39:11
GHAV,0.0025,9500000,2026-08-06T12:39:11
GHC,0.0037219999999999996,30000,2026-08-06T12:39:11
GHEU,0.0025,200,2026-08-06T12:39:11
GHG,0.021240000000000002,450000,2026-08-06T12:39:11
GHGH,0.0025,20000,2026-08-06T12:39:11
GHI,0.004386999999999999,1100000,2026-08-06T12:39:11
GHIL,0.0025,450000,2026-08-06T12:39:11
GHM,0.004126,650000,2026-08-06T12:39:11
GHRS,0.00685,50000,2026-08-06T12:39:11
GHRTF,0.032761,4100000,2026-08-06T12:39:11
GHST,0.0025,15000,2026-08-06T12:39:11
GHTA,0.002782,40000,2026-08-06T12:39:11
GHTI,0.0025,10000000,2026-08-06T12:39:11
GHVNF,0.007613999999999999,300000,2026-08-06T12:39:11
GHXIU,0.188591,1300000,2026-08-06T12:39:11
GHY,0.02335,100000,2026-08-06T12:39:11
GHYB,0.025785,2000,2026-08-06T12:39:11
GHYG,0.10113799999999999,20000,2026-08-06T12:39:11
GIAX,0.040670000000000005,90000,2026-08-06T12:39:11
GIB,0.002688,200000,2026-08-06T12:39:11
GIBO,0.495928,2000,2026-08-06T12:39:11
GIBX,0.0025,100,2026-08-06T12:39:11
GIC,0.013913,100000,2026-08-06T12:39:11
GIFT,0.006842,1200000,2026-08-06T12:39:11
GIFX,0.0025,65000,2026-08-06T12:39:11
GIGAQ,0.0025,30000,2026-08-06T12:39:11
GIGB,0.055185000000000005,20000,2026-08-06T12:39:11
GIGGF,0.083566,1300000,2026-08-06T12:39:11
GIGL,0.056304999999999994,2000,2026-08-06T12:39:11
GIGL.OLD1,0.0025,150000,2026-08-06T12:39:11
GIGM,0.035257000000000004,150000,2026-08-06T12:39:11
GII,0.0087,15000,2026-08-06T12:39:11
GIII,0.004116,600000,2026-08-06T12:39:11
GIL,0.004135,200000,2026-08-06T12:39:11
GILD,0.004081,9300000,2026-08-06T12:39:11
GILT,0.018185,200000,2026-08-06T12:39:11
GIMU,0.0025,3000,2026-08-06T12:39:11
GIND,0.113645,20000,2026-08-06T12:39:11
GINN,0.03228,70000,2026-08-06T12:39:11
GINX,0.746174,20000,2026-08-06T12:39:11
GIPR,0.875416,200000,2026-08-06T12:39:11
GIS,0.002856,4800000,2026-08-06T12:39:11
GITH,0.0025,1100000,2026-08-06T12:39:11
GITS,9.087247,20000,2026-08-06T12:39:11
GIW,0.012199999999999999,1600000,2026-08-06T12:39:11
GIWWU,0.012199999999999999,5000,2026-08-06T12:39:11
GIX,0.012199999999999999,150000,2026-08-06T12:39:11
GIXXU,0.012199999999999999,5000,2026-08-06T12:39:11
GJAN,0.054201,20000,2026-08-06T12:39:11
GJH,0.08397,20000,2026-08-06T12:39:11
GJNSY,0.11186,2000,2026-08-06T12:39:11
GJO,0.014895,1000,2026-08-06T12:39:11
GJP,0.017046,6000,2026-08-06T12:39:11
GJS,0.00569,65000,2026-08-06T12:39:11
GJST,0.0025,600000,2026-08-06T12:39:11
GJT,0.041905,75000,2026-08-06T12:39:11
GJUL,0.016493999999999998,30000,2026-08-06T12:39:11
GJUN,0.25311,30000,2026-08-06T12:39:11
GK,0.113694,400,2026-08-06T12:39:11
GKAT,0.077531,3000,2026-08-06T12:39:11
GKOR,0.0025,1000,2026-08-06T12:39:11
GKOS,0.002521,700000,2026-08-06T12:39:11
GKPRF,0.024575,1600000,2026-08-06T12:39:11
GL,0.004104,1600000,2026-08-06T12:39:11
GL PRD,0.055212000000000004,70000,2026-08-06T12:39:11
GLAD,0.006404,250000,2026-08-06T12:39:11
GLAE.OLD,0.037729,2,2026-08-06T12:39:11
GLAI,0.052051,200,2026-08-06T12:39:11
GLAM,0.00502,4000,2026-08-06T12:39:11
GLAS,0.004135,3400000,2026-08-06T12:39:11
GLATF,0.057329,3400000,2026-08-06T12:39:11
GLBB,0.0025,400,2026-08-06T12:39:11
GLBE,0.0025,2500000,2026-08-06T12:39:11
GLBH,0.0025,20000,2026-08-06T12:39:11
GLBL,0.008217,200,2026-08-06T12:39:11
GLBR,0.237159,400000,2026-08-06T12:39:11
GLBS,0.040659,950000,2026-08-06T12:39:11
GLBXF,0.014705,200000,2026-08-06T12:39:11
GLBZ,0.004135,45000,2026-08-06T12:39:11
GLCC,0.0025,10000000,2026-08-06T12:39:11
GLCO,0.0025,2300000,2026-08-06T12:39:11
GLCR,0.030965,2000,2026-08-06T12:39:11
GLD,0.004356,6300000,2026-08-06T12:39:11
GLDB,0.033492,15000,2026-08-06T12:39:11
GLDFF,0.033295,50000,2026-08-06T12:39:11
GLDG,0.008379,1100000,2026-08-06T12:39:11
GLDI,0.024432,95000,2026-08-06T12:39:11
GLDM,0.002792,4400000,2026-08-06T12:39:11
GLDN,1.066339,4000,2026-08-06T12:39:11
GLDW,0.010463,50000,2026-08-06T12:39:11
GLE,0.5857829999999999,950000,2026-08-06T12:39:11
GLEC,0.0025,3500000,2026-08-06T12:39:11
GLED,0.032551000000000004,1100000,2026-08-06T12:39:11
GLED U,0.040561999999999994,500,2026-08-06T12:39:11
GLEMB,0.0025,2000,2026-08-06T12:39:11
GLER,0.0025,10000000,2026-08-06T12:39:11
GLFE,0.019450000000000002,75000,2026-08-06T12:39:11
GLFEN,0.0025,20000,2026-08-06T12:39:11
GLFEO,0.0025,20000,2026-08-06T12:39:11
GLFEP,0.325347,25000,2026-08-06T12:39:11
GLGDF,0.006646999999999999,1800000,2026-08-06T12:39:11
GLGG,0.318962,10000,2026-08-06T12:39:11
GLGI,0.061794,1400000,2026-08-06T12:39:11
GLGLF,0.029319,15000,2026-08-06T12:39:11
GLHV,0.0025,10000000,2026-08-06T12:39:11
GLIBA,0.010326,300000,2026-08-06T12:39:11
GLIBB,0.0025,1000,2026-08-06T12:39:11
GLIBK,0.004132,1100000,2026-08-06T12:39:11
GLIN,0.029845,85000,2026-08-06T12:39:11
GLIOF,0.0025,100,2026-08-06T12:39:11
GLL,0.07163800000000001,350000,2026-08-06T12:39:11
GLLA,0.0025,1900000,2026-08-06T12:39:11
GLMD,0.378191,800000,2026-08-06T12:39:11
GLNCY,0.004326,1000000,2026-08-06T12:39:11
GLND,0.05375,450000,2026-08-06T12:39:11
GLNG,0.004266,3300000,2026-08-06T12:39:11
GLNK,0.030125000000000002,600000,2026-08-06T12:39:11
GLO,0.004135,1500000,2026-08-06T12:39:11
GLOB,0.004778,250000,2026-08-06T12:39:11
GLOF,0.042023000000000005,100000,2026-08-06T12:39:11
GLOO,0.176267,1700000,2026-08-06T12:39:11
GLOP PRA,0.13607,70000,2026-08-06T12:39:11
GLOP PRB,0.38885800000000004,100000,2026-08-06T12:39:11
GLOP PRC,0.659888,80000,2026-08-06T12:39:11
GLP,0.025254,70000,2026-08-06T12:39:11
GLPEY,0.042519999999999995,55000,2026-08-06T12:39:11
GLPH,0.0025,150000,2026-08-06T12:39:11
GLPI,0.0038209999999999997,6700000,2026-08-06T12:39:11
GLPT,0.0025,1000,2026-08-06T12:39:11
GLQ,0.021643,1000000,2026-08-06T12:39:11
GLRE,0.003908,1300000,2026-08-06T12:39:11
GLRI,0.513196,450000,2026-08-06T12:39:11
GLRY,0.116464,85000,2026-08-06T12:39:11
GLSHQ,0.076019,1100000,2026-08-06T12:39:11
GLSI,0.291165,75000,2026-08-06T12:39:11
GLTC,0.0025,350000,2026-08-06T12:39:11
GLTH,0.0025,95000,2026-08-06T12:39:11
GLTK,0.0025,100,2026-08-06T12:39:11
GLTR,0.010704,60000,2026-08-06T12:39:11
GLU,0.013503000000000001,6000,2026-08-06T12:39:11
GLUC,0.0025,95000,2026-08-06T12:39:11
GLUE,0.003085,900000,2026-08-06T12:39:11
GLV,0.009522000000000001,300000,2026-08-06T12:39:11
GLW,0.004081,9400000,2026-08-06T12:39:11
GLWG,0.165547,1100000,2026-08-06T12:39:11
GLWLF,0.0025,200000,2026-08-06T12:39:11
GLXG,1.037214,150000,2026-08-06T12:39:11
GLXU,0.08112899999999999,85000,2026-08-06T12:39:11
GLXY,0.0027189999999999996,4000000,2026-08-06T12:39:11
GLXZ,0.0025,2300000,2026-08-06T12:39:11
GM,0.003095,10000000,2026-08-06T12:39:11
GMAB,0.009211,4500000,2026-08-06T12:39:11
GMAR,0.026436,40000,2026-08-06T12:39:11
GMAY,0.255243,25000,2026-08-06T12:39:11
GMBL,0.16115200000000002,50000,2026-08-06T12:39:11
GMBLP,0.0025,65000,2026-08-06T12:39:11
GME,0.004443,6800000,2026-08-06T12:39:11
GMED,0.002793,950000,2026-08-06T12:39:11
GMED.OLD1,0.0025,200000,2026-08-06T12:39:11
GMEI,0.0025,10000,2026-08-06T12:39:11
GMER,0.003215,700000,2026-08-06T12:39:11
GMES,0.048789,40000,2026-08-06T12:39:11
GMETF,0.0025,2600000,2026-08-06T12:39:11
GMEU,0.154144,30000,2026-08-06T12:39:11
GMEV,0.0025,10000000,2026-08-06T12:39:11
GMEX,2.0701519999999998,100000,2026-08-06T12:39:11
GMEX.OLD1,0.0025,15000,2026-08-06T12:39:11
GMEY,0.08397,9000,2026-08-06T12:39:11
GMF,0.007994,75000,2026-08-06T12:39:11
GMGZ,0.0025,100000,2026-08-06T12:39:11
GMHS,0.8071200000000001,250000,2026-08-06T12:39:11
GMINF,0.006307,35000,2026-08-06T12:39:11
GMLPF,0.656736,150000,2026-08-06T12:39:11
GMM,2.894527,35000,2026-08-06T12:39:11
GMMF,0.004514000000000001,200000,2026-08-06T12:39:11
GMND,0.0025,600000,2026-08-06T12:39:11
GMNI,0.0025,5300000,2026-08-06T12:39:11
GMNY,0.101109,9000,2026-08-06T12:39:11
GMOC,0.078557,15000,2026-08-06T12:39:11
GMOD,0.066605,10000,2026-08-06T12:39:11
GMOI,0.031432,150000,2026-08-06T12:39:11
GMOLQ,0.016309,2600000,2026-08-06T12:39:11
GMOM,0.023558,75000,2026-08-06T12:39:11
GMOV,0.038653,85000,2026-08-06T12:39:11
GMPW,0.0033239999999999997,450000,2026-08-06T12:39:11
GMRS,0.026732999999999996,1700000,2026-08-06T12:39:11
GMSC,0.0025,10000000,2026-08-06T12:39:11
GMTL,0.054034000000000006,500000,2026-08-06T12:39:11
GMUB,0.133218,3000,2026-08-06T12:39:11
GMVDF,0.048804,1500000,2026-08-06T12:39:11
GMVHY,0.059614,100000,2026-08-06T12:39:11
GMVMF,0.031627,500000,2026-08-06T12:39:11
GMXS,0.0025,150000,2026-08-06T12:39:11
GMZP,0.0025,4100000,2026-08-06T12:39:11
GNAL,0.0025,90000,2026-08-06T12:39:11
GNBTQ,0.0025,8600000,2026-08-06T12:39:11
GNCAQ,0.051239,2500000,2026-08-06T12:39:11
GNCC,0.0025,25000,2026-08-06T12:39:11
GNCGY,0.0025,300,2026-08-06T12:39:11
GNCP,0.0025,10000000,2026-08-06T12:39:11
GNE,0.004131,250000,2026-08-06T12:39:11
GNENY,0.043376,7000,2026-08-06T12:39:11
GNGBY,0.0025,30000,2026-08-06T12:39:11
GNGR,0.0025,1600000,2026-08-06T12:39:11
GNID,0.0025,20000,2026-08-06T12:39:11
GNIN,0.0025,200000,2026-08-06T12:39:11
GNIS,0.184679,350000,2026-08-06T12:39:11
GNK,0.005294999999999999,450000,2026-08-06T12:39:11
GNL,0.003713,5900000,2026-08-06T12:39:11
GNL PRA,0.092107,50000,2026-08-06T12:39:11
GNL PRB,0.078481,25000,2026-08-06T12:39:11
GNL PRD,0.041708999999999996,70000,2026-08-06T12:39:11
GNL PRE,0.271627,45000,2026-08-06T12:39:11
GNLN,0.282064,20000,2026-08-06T12:39:11
GNLX,0.014140999999999999,60000,2026-08-06T12:39:11
GNMA,0.01478,20000,2026-08-06T12:39:11
GNMX,0.099844,2000,2026-08-06T12:39:11
GNNDY,0.311295,200,2026-08-06T12:39:11
GNOLF,0.0025,300000,2026-08-06T12:39:11
GNOM,0.040864000000000004,100000,2026-08-06T12:39:11
GNOV,0.035608,20000,2026-08-06T12:39:11
GNPG,0.0025,2200000,2026-08-06T12:39:11
GNPR,0.0025,100,2026-08-06T12:39:11
GNPT,0.0025,10000000,2026-08-06T12:39:11
GNPX,0.14084,60000,2026-08-06T12:39:11
GNQ2,0.004,500000,2026-08-06T12:39:11
GNR,0.00716,65000,2026-08-06T12:39:11
GNRC,0.0025,850000,2026-08-06T12:39:11
GNRSQ,0.004135,60000,2026-08-06T12:39:11
GNRUQ,0.0025,4000,2026-08-06T12:39:11
GNRV,0.131615,9000,2026-08-06T12:39:11
GNS,0.056498999999999994,1900000,2026-08-06T12:39:11
GNSMF,0.216037,80000,2026-08-06T12:39:11
GNSS,0.004004,1700000,2026-08-06T12:39:11
GNT,0.03693,55000,2026-08-06T12:39:11
GNT PRA,0.396542,55000,2026-08-06T12:39:11
GNTA,0.48304600000000003,200000,2026-08-06T12:39:11
GNTOF,0.0025,1000,2026-08-06T12:39:11
GNTX,0.0041210000000000005,2800000,2026-08-06T12:39:11
GNVR,0.0025,10000,2026-08-06T12:39:11
GNW,0.004086,9400000,2026-08-06T12:39:11
GNYS,0.0025,600000,2026-08-06T12:39:11
GNZR.OLD,0.0025,10000,2026-08-06T12:39:11
GO,0.004148,250000,2026-08-06T12:39:11
GOAI,0.44795999999999997,100000,2026-08-06T12:39:11
GOAU,0.011414,85000,2026-08-06T12:39:11
GOCT,0.043376,65000,2026-08-06T12:39:11
GOEG,0.0025,6000,2026-08-06T12:39:11
GOEVQ,1.7185059999999999,300000,2026-08-06T12:39:11
GOEX,0.0033239999999999997,10000,2026-08-06T12:39:11
GOF,0.003565,4200000,2026-08-06T12:39:11
GOFPY,0.788723,150000,2026-08-06T12:39:11
GOGAF,0.0029110000000000004,45000,2026-08-06T12:39:11
GOGC,0.0025,4300000,2026-08-06T12:39:11
GOGL,0.113912,7000,2026-08-06T12:39:11
GOGO,0.0041849999999999995,4300000,2026-08-06T12:39:11
GOGR,0.0033239999999999997,35000,2026-08-06T12:39:11
GOGY,0.175456,600,2026-08-06T12:39:11
GOHG,0.0025,45000,2026-08-06T12:39:11
GOIH,0.0025,950000,2026-08-06T12:39:11
GOLD,0.004134,600000,2026-08-06T12:39:11
GOLF,0.0025,250000,2026-08-06T12:39:11
GOLI,0.06824,100000,2026-08-06T12:39:11
GOLY,0.0025,55000,2026-08-06T12:39:11
GOOD,0.0051,350000,2026-08-06T12:39:11
GOODN,0.9743259999999999,25000,2026-08-06T12:39:11
GOODO,0.337004,70000,2026-08-06T12:39:11
GOOG,0.0025,10000000,2026-08-06T12:39:11
GOOGL,0.0025,10000000,2026-08-06T12:39:11
GOOGM,0.018758,2600000,2026-08-06T12:39:11
GOOGN,0.016976,2700000,2026-08-06T12:39:11
GOOL,0.10706500000000001,1000,2026-08-06T12:39:11
GOOP,0.039317000000000005,35000,2026-08-06T12:39:11
GOOS,0.007012000000000001,1600000,2026-08-06T12:39:11
GOOW,0.111775,55000,2026-08-06T12:39:11
GOOX,0.039293,150000,2026-08-06T12:39:11
GOOY,0.028433,100000,2026-08-06T12:39:11
GOP,0.039219,3000,2026-08-06T12:39:11
GORAF,0.003887,45000,2026-08-06T12:39:11
GORO,0.039062,500000,2026-08-06T12:39:11
GOSS,0.074826,10000000,2026-08-06T12:39:11
GOSY,0.0025,2800000,2026-08-06T12:39:11
GOTRF,0.02828,650000,2026-08-06T12:39:11
GOTU,0.004574,10000000,2026-08-06T12:39:11
GOU,0.031345,65000,2026-08-06T12:39:11
GOVB,0.078031,7000,2026-08-06T12:39:11
GOVI,0.029984999999999998,6000,2026-08-06T12:39:11
GOVT,0.004209,2700000,2026-08-06T12:39:11
GOVX,0.9188639999999999,500000,2026-08-06T12:39:11
GOVZ,0.011937,400000,2026-08-06T12:39:11
GP,0.43676499999999996,9000,2026-08-06T12:39:11
GPAC,0.012199999999999999,300000,2026-08-06T12:39:11
GPACU,0.012199999999999999,15000,2026-08-06T12:39:11
GPAK,0.08911799999999999,300000,2026-08-06T12:39:11
GPAT,0.540311,1700000,2026-08-06T12:39:11
GPATU,0.860664,200,2026-08-06T12:39:11
GPC,0.003562,800000,2026-08-06T12:39:11
GPCR,0.0027289999999999997,500000,2026-08-06T12:39:11
GPDB,0.0025,150000,2026-08-06T12:39:11
GPFT,0.004027,8800000,2026-08-06T12:39:11
GPGCF,0.013604,1200000,2026-08-06T12:39:11
GPGI,0.006157,100000,2026-08-06T12:39:11
GPHBF,0.123794,40000,2026-08-06T12:39:11
GPI,0.002782,150000,2026-08-06T12:39:11
GPIQ,0.003138,1600000,2026-08-06T12:39:11
GPIX,0.012499,900000,2026-08-06T12:39:11
GPJA,0.090371,25000,2026-08-06T12:39:11
GPK,0.004213,9100000,2026-08-06T12:39:11
GPKE,0.0025,20000,2026-08-06T12:39:11
GPLB,0.0025,5000,2026-08-06T12:39:11
GPLDQ,0.087557,350000,2026-08-06T12:39:11
GPLH,0.0025,15000,2026-08-06T12:39:11
GPLL,0.0025,10000,2026-08-06T12:39:11
GPLS,0.0025,200000,2026-08-06T12:39:11
GPMT,0.014651,4300000,2026-08-06T12:39:11
GPMT PRA,0.138647,200000,2026-08-06T12:39:11
GPMXY,0.09764300000000001,3000,2026-08-06T12:39:11
GPN,0.004089,1700000,2026-08-06T12:39:11
GPNE,0.0025,200000,2026-08-06T12:39:11
GPOR,0.0028160000000000004,100000,2026-08-06T12:39:11
GPOX,0.0033239999999999997,650000,2026-08-06T12:39:11
GPPL,0.0025,100,2026-08-06T12:39:11
GPRC,0.0025,45000,2026-08-06T12:39:11
GPRE,0.004104,1200000,2026-08-06T12:39:11
GPRF,0.30047,200,2026-08-06T12:39:11
GPRK,0.009905,1200000,2026-08-06T12:39:11
GPRO,0.010126999999999999,1500000,2026-08-06T12:39:11
GPSNQ,0.0025,3200000,2026-08-06T12:39:11
GPT,0.12321,20000,2026-08-06T12:39:11
GPTRF,0.028539,250000,2026-08-06T12:39:11
GPTX,0.0025,150000,2026-08-06T12:39:11
GPTY,0.122622,100000,2026-08-06T12:39:11
GPUS,0.004135,10000000,2026-08-06T12:39:11
GPUS PRD,0.462845,6000,2026-08-06T12:39:11
GPUSF,0.056865,20000,2026-08-06T12:39:11
GPZ,0.038515,250000,2026-08-06T12:39:11
GQGU,0.040431,60000,2026-08-06T12:39:11
GQI,0.34823099999999996,15000,2026-08-06T12:39:11
GQRE,0.048789,800,2026-08-06T12:39:11
GRAB,0.0025,10000000,2026-08-06T12:39:11
GRAG,0.071792,60000,2026-08-06T12:39:11
GRAL,0.004095,350000,2026-08-06T12:39:11
GRAM,0.006586,300000,2026-08-06T12:39:11
GRAN,0.123436,350000,2026-08-06T12:39:11
GRAPF,0.036507,20000,2026-08-06T12:39:11
GRAS,0.0025,10000000,2026-08-06T12:39:11
GRBG,0.0025,300000,2026-08-06T12:39:11
GRBK,0.00409,700000,2026-08-06T12:39:11
GRBK PRA,0.082522,9000,2026-08-06T12:39:11
GRC,0.004126,150000,2026-08-06T12:39:11
GRCAF,0.012185999999999999,3000,2026-08-06T12:39:11
GRCE,0.051361,150000,2026-08-06T12:39:11
GRCMF,0.153536,350000,2026-08-06T12:39:11
GRCO,0.0025,150000,2026-08-06T12:39:11
GRCU,0.0025,10000000,2026-08-06T12:39:11
GRDAF,0.017913,100000,2026-08-06T12:39:11
GRDB,0.0025,250000,2026-08-06T12:39:11
GRDH,0.0025,50000,2026-08-06T12:39:11
GRDN,0.003327,150000,2026-08-06T12:39:11
GRDX,0.218698,400000,2026-08-06T12:39:11
GREEL,0.080625,90000,2026-08-06T12:39:11
GREH,0.0025,2500000,2026-08-06T12:39:11
GREK,0.013375,100000,2026-08-06T12:39:11
GREN,0.0025,100000,2026-08-06T12:39:11
GREW,0.0025,50000,2026-08-06T12:39:11
GRF,0.10886699999999999,45000,2026-08-06T12:39:11
GRFS,0.004409,8600000,2026-08-06T12:39:11
GRGG,0.0025,9000,2026-08-06T12:39:11
GRGR,0.0025,2000000,2026-08-06T12:39:11
GRHHQ,0.21387,550000,2026-08-06T12:39:11
GRHPQ,0.0025,50000,2026-08-06T12:39:11
GRI,0.192489,200000,2026-08-06T12:39:11
GRID,0.006071999999999999,200000,2026-08-06T12:39:11
GRIQ,0.0025,10000,2026-08-06T12:39:11
GRLD,0.0025,400000,2026-08-06T12:39:11
GRLF,0.0025,15000,2026-08-06T12:39:11
GRLH,0.0025,2,2026-08-06T12:39:11
GRLMF,0.012073,150000,2026-08-06T12:39:11
GRLRF,0.027663000000000004,800000,2026-08-06T12:39:11
GRLVF,0.048804,1500000,2026-08-06T12:39:11
GRMC,0.0025,4300000,2026-08-06T12:39:11
GRML,0.07072300000000001,1400000,2026-08-06T12:39:11
GRMN,0.004135,950000,2026-08-06T12:39:11
GRN,0.094903,3000,2026-08-06T12:39:11
GRNB,0.046834,550000,2026-08-06T12:39:11
GRNBF,0.191044,75000,2026-08-06T12:39:11
GRND,0.0046429999999999996,800000,2026-08-06T12:39:11
GRNE,0.002782,10000,2026-08-06T12:39:11
GRNH,0.0025,5600000,2026-08-06T12:39:11
GRNI,0.027574,55000,2026-08-06T12:39:11
GRNJ,0.010901000000000001,250000,2026-08-06T12:39:11
GRNL,0.0025,300,2026-08-06T12:39:11
GRNQ,0.01496,60000,2026-08-06T12:39:11
GRNT,0.013415999999999999,7200000,2026-08-06T12:39:11
GRNY,0.004617,2400000,2026-08-06T12:39:11
GRO,0.029186999999999998,4200000,2026-08-06T12:39:11
GROG,0.0025,15000,2026-08-06T12:39:11
GROM,0.094247,450000,2026-08-06T12:39:11
GROO,0.0025,6000,2026-08-06T12:39:11
GROV,0.125473,50000,2026-08-06T12:39:11
GROV.OLD1,0.0025,450000,2026-08-06T12:39:11
GROW,0.097501,300000,2026-08-06T12:39:11
GROY,0.005259000000000001,3400000,2026-08-06T12:39:11
GROZ,0.09113500000000001,250000,2026-08-06T12:39:11
GRPH.USD,0.0025,3300000,2026-08-06T12:39:11
GRPM,0.009489,60000,2026-08-06T12:39:11
GRPN,0.017357,150000,2026-08-06T12:39:11
GRPS,0.0025,10000000,2026-08-06T12:39:11
GRPZ,0.10020699999999999,3000,2026-08-06T12:39:11
GRRR,0.08535,40000,2026-08-06T12:39:11
GRSD,0.004375,1900000,2026-08-06T12:39:11
GRSLF,0.016528,4600000,2026-08-06T12:39:11
GRSO,0.0025,10000000,2026-08-06T12:39:11
GRSR,0.0025,550000,2026-08-06T12:39:11
GRST,0.0025,10000000,2026-08-06T12:39:11
GRSU,0.0025,750000,2026-08-06T12:39:11
GRTUF,0.007647,100000,2026-08-06T12:39:11
GRUI,0.039061,10000,2026-08-06T12:39:11
GRUSF,0.030941999999999997,6800000,2026-08-06T12:39:11
GRVE,0.0025,6000,2026-08-06T12:39:11
GRVY,0.012565999999999999,200000,2026-08-06T12:39:11
GRW,0.005886,10000,2026-08-06T12:39:11
GRWC,0.0025,7000,2026-08-06T12:39:11
GRWG,0.005452,1900000,2026-08-06T12:39:11
GRX,0.027536,1100000,2026-08-06T12:39:11
GRXXF,0.026071,300,2026-08-06T12:39:11
GRYCF,0.024447,10000,2026-08-06T12:39:11
GRYEF,0.0025,700000,2026-08-06T12:39:11
GRYN,0.0025,250000,2026-08-06T12:39:11
GRZG,0.0025,100000,2026-08-06T12:39:11
GS,0.0025,2100000,2026-08-06T12:39:11
GS PRA,0.01348,100000,2026-08-06T12:39:11
GS PRC,0.04267699999999999,75000,2026-08-06T12:39:11
GS PRD,0.013438,850000,2026-08-06T12:39:11
GSAC,0.0025,7200000,2026-08-06T12:39:11
GSAT,0.004138,1100000,2026-08-06T12:39:11
GSBC,0.0035310000000000003,150000,2026-08-06T12:39:11
GSBD,0.06782,250000,2026-08-06T12:39:11
GSC,0.017685,2000,2026-08-06T12:39:11
GSDC,0.0025,2800000,2026-08-06T12:39:11
GSDT,0.0025,25000,2026-08-06T12:39:11
GSEE,0.041111,40000,2026-08-06T12:39:11
GSEG,0.0025,25000,2026-08-06T12:39:11
GSEP,0.313893,15000,2026-08-06T12:39:11
GSEU,0.021726000000000002,10000,2026-08-06T12:39:11
GSEW,0.019787,65000,2026-08-06T12:39:11
GSFD,0.0025,30000,2026-08-06T12:39:11
GSFI,0.0025,10000000,2026-08-06T12:39:11
GSG,0.007243,300000,2026-08-06T12:39:11
GSGO,0.008195000000000001,25000,2026-08-06T12:39:11
GSHD,0.002873,100000,2026-08-06T12:39:11
GSHR,0.086676,1400000,2026-08-06T12:39:11
GSHRD,0.037656,300000,2026-08-06T12:39:11
GSHRU,0.484495,1000,2026-08-06T12:39:11
GSIB,0.063467,100000,2026-08-06T12:39:11
GSID,0.113739,20000,2026-08-06T12:39:11
GSIE,0.007249,900000,2026-08-06T12:39:11
GSIH,0.0025,40000,2026-08-06T12:39:11
GSIL,0.0025,25000,2026-08-06T12:39:11
GSIT,0.003329,600000,2026-08-06T12:39:11
GSIW,0.35504399999999997,40000,2026-08-06T12:39:11
GSJY,0.053178,7000,2026-08-06T12:39:11
GSK,0.004134,1200000,2026-08-06T12:39:11
GSKH,0.056907,3000,2026-08-06T12:39:11
GSKRF,0.038735,1300000,2026-08-06T12:39:11
GSL,0.0025,1800000,2026-08-06T12:39:11
GSL PRB,0.08223699999999999,55000,2026-08-06T12:39:11
GSLC,0.00839,300000,2026-08-06T12:39:11
GSLM,0.010901000000000001,25000,2026-08-06T12:39:11
GSLO,0.0025,200000,2026-08-06T12:39:11
GSLR,0.0025,150000,2026-08-06T12:39:11
GSM,0.002969,7800000,2026-08-06T12:39:11
GSML,0.0025,55000,2026-08-06T12:39:11
GSOL,0.035059,300000,2026-08-06T12:39:11
GSPE,0.0025,6900000,2026-08-06T12:39:11
GSPH,0.0025,1500000,2026-08-06T12:39:11
GSPI,0.0025,2600000,2026-08-06T12:39:11
GSPRF,0.004961999999999999,60000,2026-08-06T12:39:11
GSPY,0.02415,3000,2026-08-06T12:39:11
GSRF,0.012199999999999999,1600000,2026-08-06T12:39:11
GSRFF,0.004135,2000,2026-08-06T12:39:11
GSRFU,0.14892,150000,2026-08-06T12:39:11
GSRV,0.012199999999999999,450000,2026-08-06T12:39:11
GSRVU,0.040561999999999994,300,2026-08-06T12:39:11
GSRX,0.0025,200,2026-08-06T12:39:11
GSSC,0.041385,80000,2026-08-06T12:39:11
GSST,0.009203,450000,2026-08-06T12:39:11
GSTC,0.0025,2100000,2026-08-06T12:39:11
GSTMF,0.012808,250000,2026-08-06T12:39:11
GSTRF,0.175456,80000,2026-08-06T12:39:11
GSTV,0.0025,10000000,2026-08-06T12:39:11
GSTX,0.0025,75000,2026-08-06T12:39:11
GSUN,0.9770319999999999,300000,2026-08-06T12:39:11
GSUS,0.051495,100000,2026-08-06T12:39:11
GSVRF,0.032865000000000005,10000000,2026-08-06T12:39:11
GSWO,0.004117,300,2026-08-06T12:39:11
GSY,0.007237,650000,2026-08-06T12:39:11
GT,0.002782,4400000,2026-08-06T12:39:11
GTAP,0.0025,1000,2026-08-06T12:39:11
GTBIF,0.00872,10000000,2026-08-06T12:39:11
GTBP,0.050073,350000,2026-08-06T12:39:11
GTBT,0.0025,6000,2026-08-06T12:39:11
GTCC.OLD1,0.0025,10000,2026-08-06T12:39:11
GTCH,0.006456,10000000,2026-08-06T12:39:11
GTCN,0.0025,100,2026-08-06T12:39:11
GTCP,0.0025,300000,2026-08-06T12:39:11
GTE,0.08476800000000001,1000000,2026-08-06T12:39:11
GTEC,0.105724,400000,2026-08-06T12:39:11
GTEH,0.0025,5000,2026-08-06T12:39:11
GTEK,0.017726,60000,2026-08-06T12:39:11
GTEN,0.012254000000000001,1500000,2026-08-06T12:39:11
GTENU,0.012199999999999999,100,2026-08-06T12:39:11
GTERA,0.286939,70000,2026-08-06T12:39:11
GTERU,0.012199999999999999,60000,2026-08-06T12:39:11
GTES,0.0025,2600000,2026-08-06T12:39:11
GTGP,0.0025,100000,2026-08-06T12:39:11
GTHP,0.004135,90000,2026-08-06T12:39:11
GTHR.OLD,0.0025,8000,2026-08-06T12:39:11
GTIC,0.0025,300,2026-08-06T12:39:11
GTII,0.20349499999999998,150000,2026-08-06T12:39:11
GTIJF,0.21476099999999998,60000,2026-08-06T12:39:11
GTIM,0.026559,550000,2026-08-06T12:39:11
GTIP,0.07708999999999999,20000,2026-08-06T12:39:11
GTIX,0.0025,40000,2026-08-06T12:39:11
GTLA,0.0025,10000000,2026-08-06T12:39:11
GTLB,0.004081,5800000,2026-08-06T12:39:11
GTLL,0.0025,10000000,2026-08-06T12:39:11
GTM,0.003006,5200000,2026-08-06T12:39:11
GTMAY,0.0025,2000,2026-08-06T12:39:11
GTN,0.004972,2600000,2026-08-06T12:39:11
GTN A,0.263903,2000,2026-08-06T12:39:11
GTND,0.035409,1000,2026-08-06T12:39:11
GTO,0.029885000000000002,500000,2026-08-06T12:39:11
GTOC,2.251676,1000,2026-08-06T12:39:11
GTOH,0.16228,800,2026-08-06T12:39:11
GTOP,0.177227,35000,2026-08-06T12:39:11
GTOQ,0.06667,700,2026-08-06T12:39:11
GTOR,0.0025,200000,2026-08-06T12:39:11
GTPE,0.071792,3000,2026-08-06T12:39:11
GTPS,0.0025,1000,2026-08-06T12:39:11
GTREF,0.0025,15000,2026-08-06T12:39:11
GTRL,0.0025,2000,2026-08-06T12:39:11
GTSO,0.008195000000000001,1000000,2026-08-06T12:39:11
GTSWF,0.0025,15000,2026-08-06T12:39:11
GTTC,0.0025,4000,2026-08-06T12:39:11
GTTC.WAR,0.0025,10000,2026-08-06T12:39:11
GTVCF,0.008195000000000001,250000,2026-08-06T12:39:11
GTVH,0.0025,75000,2026-08-06T12:39:11
GTX,0.002782,3700000,2026-08-06T12:39:11
GTY,0.003242,600000,2026-08-06T12:39:11
GUAC,0.012199999999999999,150000,2026-08-06T12:39:11
GUACU,0.253787,20000,2026-08-06T12:39:11
GUER,0.014705,40000,2026-08-06T12:39:11
GUG,0.004135,45000,2026-08-06T12:39:11
GUGO,0.0025,2700000,2026-08-06T12:39:11
GULD,0.0025,15000,2026-08-06T12:39:11
GULRY,0.0025,1000,2026-08-06T12:39:11
GULTU,0.0025,5000000,2026-08-06T12:39:11
GUMI,0.383677,25000,2026-08-06T12:39:11
GUNR,0.00634,550000,2026-08-06T12:39:11
GURE,0.161944,50000,2026-08-06T12:39:11
GURFF,0.031688999999999995,300000,2026-08-06T12:39:11
GURU,0.11769,5000,2026-08-06T12:39:11
GUSA,0.051495,2000,2026-08-06T12:39:11
GUSE,0.14892,15000,2026-08-06T12:39:11
GUSH,0.046433999999999996,350000,2026-08-06T12:39:11
GUT,0.205854,15000,2026-08-06T12:39:11
GUT PRC,0.133634,35000,2026-08-06T12:39:11
GUTS,0.008962,7900000,2026-08-06T12:39:11
GVA,0.0025280000000000003,550000,2026-08-06T12:39:11
GVAL,0.029979,350000,2026-08-06T12:39:11
GVDI,0.0025,45000,2026-08-06T12:39:11
GVDNY,0.056907,100000,2026-08-06T12:39:11
GVFF,0.0025,8000,2026-08-06T12:39:11
GVH,0.387199,150000,2026-08-06T12:39:11
GVHGF,0.5554140000000001,850000,2026-08-06T12:39:11
GVHIB,0.0025,1100000,2026-08-06T12:39:11
GVI,0.031198,10000,2026-08-06T12:39:11
GVIP,0.048653,20000,2026-08-06T12:39:11
GVLU,0.007237,150000,2026-08-06T12:39:11
GVSI,0.141357,10000000,2026-08-06T12:39:11
GVYB,0.129527,10000,2026-08-06T12:39:11
GWAV,0.115885,45000,2026-08-06T12:39:11
GWBK,0.0025,10000,2026-08-06T12:39:11
GWBU,0.0025,150000,2026-08-06T12:39:11
GWH,0.011967,1600000,2026-08-06T12:39:11
GWHP.OLD,0.0025,1000,2026-08-06T12:39:11
GWIN,0.0025,200,2026-08-06T12:39:11
GWIR,0.0025,6000,2026-08-06T12:39:11
GWLIF,0.004135,1000000,2026-08-06T12:39:11
GWLKQ,0.0025,95000,2026-08-06T12:39:11
GWLL,0.0025,1000,2026-08-06T12:39:11
GWLLY,0.01496,1000,2026-08-06T12:39:11
GWPC.OLD,0.0025,3000,2026-08-06T12:39:11
GWPD,0.0025,10000,2026-08-06T12:39:11
GWRE,0.0025,850000,2026-08-06T12:39:11
GWRS,0.004135,90000,2026-08-06T12:39:11
GWSC,0.0025,1000,2026-08-06T12:39:11
GWSO,0.002836,75000,2026-08-06T12:39:11
GWTI,0.0033239999999999997,1400000,2026-08-06T12:39:11
GWTR,0.074799,10000,2026-08-06T12:39:11
GWW,0.004081,300000,2026-08-06T12:39:11
GWX,0.022716,30000,2026-08-06T12:39:11
GXAI,1.178939,350000,2026-08-06T12:39:11
GXC,0.019822,10000,2026-08-06T12:39:11
GXDW,0.198248,2000,2026-08-06T12:39:11
GXIG,0.163246,950000,2026-08-06T12:39:11
GXO,0.00419,1300000,2026-08-06T12:39:11
GXPC,0.5701930000000001,45000,2026-08-06T12:39:11
GXPD,0.043376,9000,2026-08-06T12:39:11
GXPE,0.097501,1000,2026-08-06T12:39:11
GXPLF,0.0666,45000,2026-08-06T12:39:11
GXPT,0.33023899999999995,20000,2026-08-06T12:39:11
GXRFF,0.09745100000000001,5300000,2026-08-06T12:39:11
GXRP,0.043358,25000,2026-08-06T12:39:11
GXXM,0.1582,100,2026-08-06T12:39:11
GXXY,0.0025,800,2026-08-06T12:39:11
GXYYY,0.039317000000000005,100000,2026-08-06T12:39:11
GYGC,0.0025,35000,2026-08-06T12:39:11
GYGY,0.34452800000000006,10000,2026-08-06T12:39:11
GYLD,0.207344,100,2026-08-06T12:39:11
GYOG,0.0025,10000000,2026-08-06T12:39:11
GYRE,0.017287,2100000,2026-08-06T12:39:11
GYRO,0.004587,60000,2026-08-06T12:39:11
GYSLF,0.0028000000000000004,300000,2026-08-06T12:39:11
GYST,0.0025,2300000,2026-08-06T12:39:11
GYTI,0.0025,30000,2026-08-06T12:39:11
GZIC,0.0025,5100000,2026-08-06T12:39:11
GZTGF,0.08909700000000001,300,2026-08-06T12:39:11
GZUHY,0.0025,200,2026-08-06T12:39:11
H,0.004162,4000,2026-08-06T12:39:11
HACK,0.0062109999999999995,40000,2026-08-06T12:39:11
HACQ,0.051495,1400000,2026-08-06T12:39:11
HACQU,0.012199999999999999,7000,2026-08-06T12:39:11
HADV,0.0025,10000000,2026-08-06T12:39:11
HAE,0.004545,1100000,2026-08-06T12:39:11
HAFC,0.005157,650000,2026-08-06T12:39:11
HAFG,0.0025,35000,2026-08-06T12:39:11
HAFN,0.004939,1800000,2026-08-06T12:39:11
HAGHY,0.048789,400000,2026-08-06T12:39:11
HAIAF,0.014705,4000,2026-08-06T12:39:11
HAIL,0.168432,20000,2026-08-06T12:39:11
HAIN,0.007894,5600000,2026-08-06T12:39:11
HAIR.OLD1,0.0025,8000,2026-08-06T12:39:11
HAIUF,0.01464,1000,2026-08-06T12:39:11
HAKY,0.126425,600,2026-08-06T12:39:11
HAL,0.0025,10000000,2026-08-06T12:39:11
HALB,0.152594,6900000,2026-08-06T12:39:11
HALLQ,0.234056,150000,2026-08-06T12:39:11
HALMY,0.091363,30000,2026-08-06T12:39:11
HALN.OLD,0.0025,6,2026-08-06T12:39:11
HALO,0.004045,1000000,2026-08-06T12:39:11
HALX,0.058936999999999996,3000,2026-08-06T12:39:11
HANNF,0.011457,800000,2026-08-06T12:39:11
HAO,0.23625900000000002,450000,2026-08-06T12:39:11
HAON,0.0025,10000000,2026-08-06T12:39:11
HAP,0.050142,50000,2026-08-06T12:39:11
HAPBF,0.034632,650000,2026-08-06T12:39:11
HAPI,0.02789,15000,2026-08-06T12:39:11
HAPN,0.0037199999999999998,4400000,2026-08-06T12:39:11
HARD,0.029845,100000,2026-08-06T12:39:11
HARL,0.08977299999999999,2000,2026-08-06T12:39:11
HAS,0.0025,1000000,2026-08-06T12:39:11
HASI,0.00263,500000,2026-08-06T12:39:11
HAUP,0.0025,200000,2026-08-06T12:39:11
HAUS,0.047821999999999996,10000,2026-08-06T12:39:11
HAUZ,0.025785,30000,2026-08-06T12:39:11
HAVA,0.012199999999999999,500000,2026-08-06T12:39:11
HAVAU,0.012199999999999999,300,2026-08-06T12:39:11
HAVLF,0.0025,35000,2026-08-06T12:39:11
HAWK,0.007236,50000,2026-08-06T12:39:11
HAWX,0.009683,15000,2026-08-06T12:39:11
HAYPY,0.22067900000000001,400,2026-08-06T12:39:11
HAYW,0.004181000000000001,2100000,2026-08-06T12:39:11
HAYZQ,0.027319,400000,2026-08-06T12:39:11
HAZH,0.0025,1000000,2026-08-06T12:39:11
HBAN,0.003667,10000000,2026-08-06T12:39:11
HBANL,0.034365,7000,2026-08-06T12:39:11
HBANM,0.095305,25000,2026-08-06T12:39:11
HBANP,0.030997,65000,2026-08-06T12:39:11
HBANZ,0.044413,60000,2026-08-06T12:39:11
HBB,0.01496,85000,2026-08-06T12:39:11
HBCP,0.007712,100000,2026-08-06T12:39:11
HBEIF,0.08023300000000001,150000,2026-08-06T12:39:11
HBFGF,0.011457,400000,2026-08-06T12:39:11
HBIA,0.0025,200,2026-08-06T12:39:11
HBIE,0.0025,1000,2026-08-06T12:39:11
HBIO,0.005064,150000,2026-08-06T12:39:11
HBIS,0.0025,800,2026-08-06T12:39:11
HBM,0.0025640000000000003,3100000,2026-08-06T12:39:11
HBMX,0.022210999999999998,100000,2026-08-06T12:39:11
HBNB,0.40794800000000003,50000,2026-08-06T12:39:11
HBNC,0.004767,1500000,2026-08-06T12:39:11
HBR,0.09943300000000001,30000,2026-08-06T12:39:11
HBRIY,0.090227,250000,2026-08-06T12:39:11
HBRM,0.0025,10000000,2026-08-06T12:39:11
HBSL,0.0025,55000,2026-08-06T12:39:11
HBT,0.004328,20000,2026-08-06T12:39:11
HBTA,0.327532,500,2026-08-06T12:39:11
HCA,0.0025,1400000,2026-08-06T12:39:11
HCAC,0.012199999999999999,750000,2026-08-06T12:39:11
HCACU,0.012199999999999999,5000,2026-08-06T12:39:11
HCAI,3.8595159999999997,300,2026-08-06T12:39:11
HCANF,0.265997,500000,2026-08-06T12:39:11
HCAT,0.007054,6000000,2026-08-06T12:39:11
HCBC,0.035814,5000,2026-08-06T12:39:11
HCC,0.0025,350000,2026-08-06T12:39:11
HCEI,0.0025,500000,2026-08-06T12:39:11
HCGS,0.0025,80000,2026-08-06T12:39:11
HCHL,0.7778050000000001,4000,2026-08-06T12:39:11
HCI,0.0041589999999999995,150000,2026-08-06T12:39:11
HCIC,0.054851000000000004,1500000,2026-08-06T12:39:11
HCICU,0.359556,200000,2026-08-06T12:39:11
HCIL,0.009834,4000,2026-08-06T12:39:11
HCKG,0.133187,300,2026-08-06T12:39:11
HCKT,0.008381,750000,2026-08-06T12:39:11
HCM,0.065923,65000,2026-08-06T12:39:11
HCMA,0.477729,950000,2026-08-06T12:39:11
HCMAU,0.541326,200,2026-08-06T12:39:11
HCMC,0.024447,10000000,2026-08-06T12:39:11
HCMLY,0.017432,200000,2026-08-06T12:39:11
HCMT,0.052555,1000,2026-08-06T12:39:11
HCNWF,0.004135,150000,2026-08-06T12:39:11
HCOW,0.051726999999999995,20000,2026-08-06T12:39:11
HCRB,1.365041,25000,2026-08-06T12:39:11
HCSG,0.00419,1300000,2026-08-06T12:39:11
HCTI,0.40240299999999996,15000,2026-08-06T12:39:11
HCTI.OLD1,0.0025,10000000,2026-08-06T12:39:11
HCWB,3.415189,20000,2026-08-06T12:39:11
HCWC,0.077332,2500000,2026-08-06T12:39:11
HCXY,0.058571,20000,2026-08-06T12:39:11
HD,0.004081,5000000,2026-08-06T12:39:11
HDB,0.002782,10000000,2026-08-06T12:39:11
HDEF,0.005489000000000001,350000,2026-08-06T12:39:11
HDG,0.116445,3000,2026-08-06T12:39:11
HDGE,0.022810999999999998,40000,2026-08-06T12:39:11
HDII,0.0025,2700000,2026-08-06T12:39:11
HDL,0.042099000000000004,30000,2026-08-06T12:39:11
HDLB,0.042988,20000,2026-08-06T12:39:11
HDLMY,0.021494,200000,2026-08-06T12:39:11
HDMV,0.040561999999999994,1000,2026-08-06T12:39:11
HDRN,0.046158000000000005,550000,2026-08-06T12:39:11
HDRSF,0.076407,10000000,2026-08-06T12:39:11
HDRX,0.0025,900000,2026-08-06T12:39:11
HDSN,0.004089,1200000,2026-08-06T12:39:11
HDUP,0.052051,450000,2026-08-06T12:39:11
HDV,0.005235,1400000,2026-08-06T12:39:11
HDVW,0.0025,15000,2026-08-06T12:39:11
HDVY,0.0025,1000000,2026-08-06T12:39:11
HDYNQ,0.0025,800000,2026-08-06T12:39:11
HE,0.002782,1600000,2026-08-06T12:39:11
HEAL,0.048802000000000005,15000,2026-08-06T12:39:11
HECA,0.178689,200000,2026-08-06T12:39:11
HECO,0.197632,25000,2026-08-06T12:39:11
HEDG,0.381666,300000,2026-08-06T12:39:11
HEDJ,0.024239999999999998,150000,2026-08-06T12:39:11
HEEM,0.08149699999999999,80000,2026-08-06T12:39:11
HEFA,0.007462,550000,2026-08-06T12:39:11
HEFT,0.14892,40000,2026-08-06T12:39:11
HEGD,0.009645,150000,2026-08-06T12:39:11
HEGIY,0.029477000000000003,55000,2026-08-06T12:39:11
HEI,0.004114,1600000,2026-08-06T12:39:11
HEI A,0.004081,3100000,2026-08-06T12:39:11
HEINY,0.070921,2000,2026-08-06T12:39:11
HELE,0.008631999999999999,700000,2026-08-06T12:39:11
HELFY,0.158392,90000,2026-08-06T12:39:11
HELI.OLD1,0.0025,10000,2026-08-06T12:39:11
HELIQ,0.050445000000000004,95000,2026-08-06T12:39:11
HELM.TMP,0.0025,1000,2026-08-06T12:39:11
HELO,0.00998,200000,2026-08-06T12:39:11
HELP,0.004093,2700000,2026-08-06T12:39:11
HELS,0.044729,45000,2026-08-06T12:39:11
HELX,0.129976,45000,2026-08-06T12:39:11
HEMP,0.084526,10000000,2026-08-06T12:39:11
HENC,0.0033239999999999997,100000,2026-08-06T12:39:11
HENGY,0.0025,100,2026-08-06T12:39:11
HENI,0.0025,95000,2026-08-06T12:39:11
HENKY,0.034638,100000,2026-08-06T12:39:11
HENOY,0.043714,4000,2026-08-06T12:39:11
HEPA,1.102617,600000,2026-08-06T12:39:11
HEPS,0.006324,1300000,2026-08-06T12:39:11
HEQ,0.007477,40000,2026-08-06T12:39:11
HEQQ,0.040670000000000005,1000,2026-08-06T12:39:11
HEQT,0.009609,30000,2026-08-06T12:39:11
HERB,0.0025,600000,2026-08-06T12:39:11
HERC,0.0025,25000,2026-08-06T12:39:11
HERD,0.034087,5000,2026-08-06T12:39:11
HERE,0.10290800000000001,2300000,2026-08-06T12:39:11
HERO,0.10020699999999999,30000,2026-08-06T12:39:11
HERS,0.0025,2000000,2026-08-06T12:39:11
HERZ,0.032096,45000,2026-08-06T12:39:11
HESAY,0.015099,200000,2026-08-06T12:39:11
HESG,0.0025,10000000,2026-08-06T12:39:11
HESM,0.0046700000000000005,750000,2026-08-06T12:39:11
HESV,0.0025,10000000,2026-08-06T12:39:11
HEVE,0.0025,20000,2026-08-06T12:39:11
HEVI,0.0025,2500000,2026-08-06T12:39:11
HEWA,0.0025,100000,2026-08-06T12:39:11
HEWJ,0.012912,100000,2026-08-06T12:39:11
HEXEY,0.0025,100,2026-08-06T12:39:11
HEZU,0.00941,100000,2026-08-06T12:39:11
HF,0.008195000000000001,5000,2026-08-06T12:39:11
HFBA,0.0025,100,2026-08-06T12:39:11
HFBG,0.0025,10000000,2026-08-06T12:39:11
HFBK,0.0025,300,2026-08-06T12:39:11
HFBL,0.030972,25000,2026-08-06T12:39:11
HFCO,0.0025,10000000,2026-08-06T12:39:11
HFEQ,0.046082,30000,2026-08-06T12:39:11
HFFG,0.018793999999999998,200000,2026-08-06T12:39:11
HFGB,0.0025,250000,2026-08-06T12:39:11
HFGM,0.0025,200000,2026-08-06T12:39:11
HFGVF,0.044675,10000,2026-08-06T12:39:11
HFMF,0.055735,45000,2026-08-06T12:39:11
HFND,0.013994,100000,2026-08-06T12:39:11
HFRO,0.040670000000000005,1100000,2026-08-06T12:39:11
HFRO PRA,0.211164,250000,2026-08-06T12:39:11
HFRO PRB,0.128773,350000,2026-08-06T12:39:11
HFSI,0.046082,80000,2026-08-06T12:39:11
HFSP,0.097414,300,2026-08-06T12:39:11
HFUS,0.0025,500,2026-08-06T12:39:11
HFWA,0.00416,150000,2026-08-06T12:39:11
HFXI,0.0906,150000,2026-08-06T12:39:11
HG,0.003114,1200000,2026-08-06T12:39:11
HGAS,0.0025,10000,2026-08-06T12:39:11
HGBL,0.019946,3000000,2026-08-06T12:39:11
HGCO,0.0025,30000,2026-08-06T12:39:11
HGENQ,0.059726,6700000,2026-08-06T12:39:11
HGER,0.031198,450000,2026-08-06T12:39:11
HGGG,0.0025,1100000,2026-08-06T12:39:11
HGKGY,0.11576800000000001,15000,2026-08-06T12:39:11
HGLB,0.11928000000000001,550000,2026-08-06T12:39:11
HGLI,0.328834,150000,2026-08-06T12:39:11
HGPI,0.0025,500000,2026-08-06T12:39:11
HGRAF,0.071386,7000,2026-08-06T12:39:11
HGRO,0.051667,75000,2026-08-06T12:39:11
HGTXU,0.178704,950000,2026-08-06T12:39:11
HGTY,0.006497,350000,2026-08-06T12:39:11
HGV,0.004135,100000,2026-08-06T12:39:11
HGVLY,0.0025,80000,2026-08-06T12:39:11
HGYN,0.0025,150000,2026-08-06T12:39:11
HHBT,0.0025,3000,2026-08-06T12:39:11
HHGI,0.0025,30000,2026-08-06T12:39:11
HHH,0.003927,750000,2026-08-06T12:39:11
HHS,0.013878,100000,2026-08-06T12:39:11
HHSE,0.056792999999999996,1500000,2026-08-06T12:39:11
HHWW,0.0025,3000,2026-08-06T12:39:11
HIBL,0.778146,90000,2026-08-06T12:39:11
HIBS,0.393835,200000,2026-08-06T12:39:11
HIDC,0.0025,1100000,2026-08-06T12:39:11
HIDE,0.031365,700000,2026-08-06T12:39:11
HIDV,0.042519999999999995,30000,2026-08-06T12:39:11
HIFS,0.034281,45000,2026-08-06T12:39:11
HIG,0.004081,3200000,2026-08-06T12:39:11
HIG PRG,0.104019,15000,2026-08-06T12:39:11
HIGH,0.012254000000000001,20000,2026-08-06T12:39:11
HIHO,4.950089,200000,2026-08-06T12:39:11
HII,0.003562,550000,2026-08-06T12:39:11
HIKO,0.0025,20000,2026-08-06T12:39:11
HIMR,0.0025,10000000,2026-08-06T12:39:11
HIMS,0.003218,1600000,2026-08-06T12:39:11
HIMU,0.016535,250000,2026-08-06T12:39:11
HIMX,0.004135,5100000,2026-08-06T12:39:11
HIMZ,0.156882,1000,2026-08-06T12:39:11
HIND,0.140801,300000,2026-08-06T12:39:11
HIO,0.006885,900000,2026-08-06T12:39:11
HIPH,0.0025,8400000,2026-08-06T12:39:11
HIPO,0.00409,400000,2026-08-06T12:39:11
HIPS,0.025911,45000,2026-08-06T12:39:11
HIRU,0.0025,6300000,2026-08-06T12:39:11
HIS,0.269115,10000,2026-08-06T12:39:11
HISF,0.5173570000000001,5000,2026-08-06T12:39:11
HIT,0.08459699999999999,550000,2026-08-06T12:39:11
HITI,0.010358000000000001,900000,2026-08-06T12:39:11
HITR,0.0025,1900000,2026-08-06T12:39:11
HIVE,0.04034,350000,2026-08-06T12:39:11
HIW,0.004135,800000,2026-08-06T12:39:11
HIX,0.007474,750000,2026-08-06T12:39:11
HIYY,0.105184,7000,2026-08-06T12:39:11
HJGP,0.0025,400,2026-08-06T12:39:11
HKBV,0.0025,10000000,2026-08-06T12:39:11
HKD,0.126996,1900000,2026-08-06T12:39:11
HKEB,0.0025,4000,2026-08-06T12:39:11
HKGT,0.0025,90000,2026-08-06T12:39:11
HKHC,0.20159300000000002,100000,2026-08-06T12:39:11
HKHHY,0.485529,100,2026-08-06T12:39:11
HKIT,1.982781,40000,2026-08-06T12:39:11
HKMPY,0.094795,500,2026-08-06T12:39:11
HKPD,0.062393000000000004,200000,2026-08-06T12:39:11
HKSHY,0.0025,100,2026-08-06T12:39:11
HKTTY,0.0033239999999999997,500,2026-08-06T12:39:11
HKTVY,0.097501,4000,2026-08-06T12:39:11
HKUOY,0.112385,1000,2026-08-06T12:39:11
HKVTY,0.0025,2000,2026-08-06T12:39:11
HKXCY,0.005511,45000,2026-08-06T12:39:11
HL,0.0025,10000000,2026-08-06T12:39:11
HL PRB,0.118552,5000,2026-08-06T12:39:11
HLAL,0.013621000000000001,150000,2026-08-06T12:39:11
HLCN,0.0025,10000,2026-08-06T12:39:11
HLDCY,0.142317,100000,2026-08-06T12:39:11
HLEG,0.0025,1200000,2026-08-06T12:39:11
HLEOD,0.09751599999999999,25000,2026-08-06T12:39:11
HLF,0.0037930000000000004,1900000,2026-08-06T12:39:11
HLFDY,0.0025,400,2026-08-06T12:39:11
HLFN,0.0025,300,2026-08-06T12:39:11
HLI,0.002514,800000,2026-08-06T12:39:11
HLIO,0.003959,900000,2026-08-06T12:39:11
HLIT,0.004081,2600000,2026-08-06T12:39:11
HLKKF,0.187634,500000,2026-08-06T12:39:11
HLLPF,0.0033239999999999997,150000,2026-08-06T12:39:11
HLLY,0.020121000000000003,1000000,2026-08-06T12:39:11
HLMB,0.0025,100,2026-08-06T12:39:11
HLMN,0.005489000000000001,4600000,2026-08-06T12:39:11
HLN,0.0042109999999999995,950000,2026-08-06T12:39:11
HLNE,0.004122,900000,2026-08-06T12:39:11
HLOC,0.0025,10000,2026-08-06T12:39:11
HLOI,0.0025,10000,2026-08-06T12:39:11
HLP,0.150498,2100000,2026-08-06T12:39:11
HLPPY,0.027139000000000003,2000,2026-08-06T12:39:11
HLRTF,0.02108,800000,2026-08-06T12:39:11
HLT,0.004135,2700000,2026-08-06T12:39:11
HLTHQ,0.006613,5800000,2026-08-06T12:39:11
HLTOY,0.021553,15000,2026-08-06T12:39:11
HLTT.OLD,0.0025,75000,2026-08-06T12:39:11
HLUCF,0.009869,1900000,2026-08-06T12:39:11
HLX,0.003025,2600000,2026-08-06T12:39:11
HLXC,0.115924,1100000,2026-08-06T12:39:11
HLXW,0.0025,10000000,2026-08-06T12:39:11
HLYK,0.065041,20000,2026-08-06T12:39:11
HMC,0.002964,2200000,2026-08-06T12:39:11
HMDPF,0.002519,50000,2026-08-06T12:39:11
HMENF,0.004032,7500000,2026-08-06T12:39:11
HMFAF,0.06699,2000,2026-08-06T12:39:11
HMG,0.08397,15000,2026-08-06T12:39:11
HMGN,0.0025,55000,2026-08-06T12:39:11
HMH,0.004812,150000,2026-08-06T12:39:11
HMLA,0.0025,1200000,2026-08-06T12:39:11
HMLPF,0.043208,65000,2026-08-06T12:39:11
HMMCF,0.016186,1100000,2026-08-06T12:39:11
HMMR,0.0025,100000,2026-08-06T12:39:11
HMN,0.004135,600000,2026-08-06T12:39:11
HMNC,0.0025,10000000,2026-08-06T12:39:11
HMNTY,0.311187,15000,2026-08-06T12:39:11
HMNU,0.0025,10000000,2026-08-06T12:39:11
HMNY,0.004135,10000000,2026-08-06T12:39:11
HMOP,0.756365,45000,2026-08-06T12:39:11
HMPQ,0.0025,2600000,2026-08-06T12:39:11
HMR,0.0334,400000,2026-08-06T12:39:11
HMRFF,0.007967,1100000,2026-08-06T12:39:11
HMTC,0.0025,1000,2026-08-06T12:39:11
HMTXF,0.053148,35000,2026-08-06T12:39:11
HMY,0.006303,700000,2026-08-06T12:39:11
HMYY,0.06248,400,2026-08-06T12:39:11
HNATF,0.018752,25000,2026-08-06T12:39:11
HNDI,0.0025,9000,2026-08-06T12:39:11
HNDL,0.03431,85000,2026-08-06T12:39:11
HNDNF,0.0025,300,2026-08-06T12:39:11
HNFSA,0.0025,3000,2026-08-06T12:39:11
HNGE,0.002541,1300000,2026-08-06T12:39:11
HNGKY,0.752861,9000,2026-08-06T12:39:11
HNI,0.004136,500000,2026-08-06T12:39:11
HNIN,0.0025,450000,2026-08-06T12:39:11
HNLGY,0.0025,200,2026-08-06T12:39:11
HNNA,0.023102,80000,2026-08-06T12:39:11
HNNMY,0.037987,300000,2026-08-06T12:39:11
HNOI,0.17565999999999998,55000,2026-08-06T12:39:11
HNORY,0.0025,100,2026-08-06T12:39:11
HNR,0.038171,850000,2026-08-06T12:39:11
HNRG,0.004219,2500000,2026-08-06T12:39:11
HNST,0.004138,2600000,2026-08-06T12:39:11
HNTRF,0.12842900000000002,10000,2026-08-06T12:39:11
HNVR,0.004079999999999999,75000,2026-08-06T12:39:11
HOCPY,0.01996,30000,2026-08-06T12:39:11
HODL,0.01591,800000,2026-08-06T12:39:11
HODO,1.169381,350000,2026-08-06T12:39:11
HODU,0.064735,150000,2026-08-06T12:39:11
HOFT,0.00385,250000,2026-08-06T12:39:11
HOG,0.0027939999999999996,1100000,2026-08-06T12:39:11
HOILF,0.0025,700,2026-08-06T12:39:11
HOKCY,0.010901000000000001,100000,2026-08-06T12:39:11
HOKUQ,0.0025,150000,2026-08-06T12:39:11
HOLA,0.205751,8000,2026-08-06T12:39:11
HOLD,0.562976,100,2026-08-06T12:39:11
HOLO,0.042078,1800000,2026-08-06T12:39:11
HOMB,0.0032519999999999997,2200000,2026-08-06T12:39:11
HOMU,0.0025,400000,2026-08-06T12:39:11
HOMZ,0.054093,100000,2026-08-06T12:39:11
HON,0.0026179999999999997,3200000,2026-08-06T12:39:11
HONA,0.003516,4000000,2026-08-06T12:39:11
HONG,0.040670000000000005,10000,2026-08-06T12:39:11
HONT,0.0025,100,2026-08-06T12:39:11
HOOD,0.0026829999999999996,10000000,2026-08-06T12:39:11
HOOG,0.11601800000000001,90000,2026-08-06T12:39:11
HOOW,0.013358000000000002,100000,2026-08-06T12:39:11
HOOX,0.185441,15000,2026-08-06T12:39:11
HOOY,0.030699,40000,2026-08-06T12:39:11
HOOZ,0.658762,60000,2026-08-06T12:39:11
HOPE,0.003418,1800000,2026-08-06T12:39:11
HOUR,0.0053890000000000006,300000,2026-08-06T12:39:11
HOV,0.004804,150000,2026-08-06T12:39:11
HOVNP,0.171923,200000,2026-08-06T12:39:11
HOVR,0.030305,800000,2026-08-06T12:39:11
HOWL,0.018594,1700000,2026-08-06T12:39:11
HOYY,0.324718,55000,2026-08-06T12:39:11
HP,0.002782,1000000,2026-08-06T12:39:11
HPAI,1.484823,100000,2026-08-06T12:39:11
HPCO,0.002782,25000,2026-08-06T12:39:11
HPE,0.002878,10000000,2026-08-06T12:39:11
HPE PRC,0.009319,1300000,2026-08-06T12:39:11
HPEL,0.109679,4000,2026-08-06T12:39:11
HPF,0.024697,100,2026-08-06T12:39:11
HPGLY,0.0025,3000,2026-08-06T12:39:11
HPGS,0.0025,90000,2026-08-06T12:39:11
HPI,0.034873,40000,2026-08-06T12:39:11
HPIL,0.0025,10000000,2026-08-06T12:39:11
HPK,0.01123,400000,2026-08-06T12:39:11
HPMM,0.0025,9500000,2026-08-06T12:39:11
HPNN,0.0025,10000000,2026-08-06T12:39:11
HPP,0.003835,1600000,2026-08-06T12:39:11
HPP PRC,0.190893,10000,2026-08-06T12:39:11
HPQ,0.002902,5100000,2026-08-06T12:39:11
HPQFF,0.0025,900000,2026-08-06T12:39:11
HPS,0.011954,10000,2026-08-06T12:39:11
HPSIF,0.0025,3000,2026-08-06T12:39:11
HPTO,0.0025,7000,2026-08-06T12:39:11
HQ,1.0990630000000001,10000,2026-08-06T12:39:11
HQGE,0.0025,10000000,2026-08-06T12:39:11
HQH,0.009418,400000,2026-08-06T12:39:11
HQI,0.007744,200000,2026-08-06T12:39:11
HQL,0.02146,200000,2026-08-06T12:39:11
HQY,0.002782,1700000,2026-08-06T12:39:11
HR,0.0041789999999999996,3700000,2026-08-06T12:39:11
HRAI,0.0025,300000,2026-08-06T12:39:11
HRAL,0.0025,1000,2026-08-06T12:39:11
HRB,0.003886,1500000,2026-08-06T12:39:11
HRBK,0.139734,3000,2026-08-06T12:39:11
HRBR,0.004135,2000000,2026-08-06T12:39:11
HRCT,0.0025,600000,2026-08-06T12:39:11
HRDN,0.0025,25000,2026-08-06T12:39:11
HRGG,0.0025,10000,2026-08-06T12:39:11
HRGN,0.035814,75000,2026-08-06T12:39:11
HRI,0.004135,500000,2026-08-06T12:39:11
HRL,0.002782,2600000,2026-08-06T12:39:11
HRMY,0.004081,950000,2026-08-06T12:39:11
HROEY,0.003215,300,2026-08-06T12:39:11
HROW,0.004192,1400000,2026-08-06T12:39:11
HRSK,0.023079000000000002,200,2026-08-06T12:39:11
HRST,0.0025,9000,2026-08-06T12:39:11
HRTE,0.0025,4900000,2026-08-06T12:39:11
HRTG,0.002883,1200000,2026-08-06T12:39:11
HRTS,0.041346,5000,2026-08-06T12:39:11
HRTX,0.008612,1600000,2026-08-06T12:39:11
HRZN,0.108396,400000,2026-08-06T12:39:11
HSAI,0.013594,950000,2026-08-06T12:39:11
HSBC,0.004135,700000,2026-08-06T12:39:11
HSBH,0.141521,200,2026-08-06T12:39:11
HSCC,0.0025,250000,2026-08-06T12:39:11
HSCHF,0.0025,65000,2026-08-06T12:39:11
HSCO,0.0025,1,2026-08-06T12:39:11
HSCS,0.361083,250000,2026-08-06T12:39:11
HSCZ,0.089382,50000,2026-08-06T12:39:11
HSDT,0.036477,1100000,2026-08-06T12:39:11
HSHCY,0.007594,400000,2026-08-06T12:39:11
HSHL,0.0025,4000000,2026-08-06T12:39:11
HSHP,0.018692,550000,2026-08-06T12:39:11
HSHZY,0.0025,2000,2026-08-06T12:39:11
HSIC,0.002503,650000,2026-08-06T12:39:11
HSLV,0.017296,2200000,2026-08-06T12:39:11
HSMD,0.0025,200,2026-08-06T12:39:11
HSOA,0.026436,200000,2026-08-06T12:39:11
HSPOF,0.795729,30000,2026-08-06T12:39:11
HSQVY,0.009155,300000,2026-08-06T12:39:11
HST,0.00419,7300000,2026-08-06T12:39:11
HSTA,0.178704,20000,2026-08-06T12:39:11
HSTC,0.0025,10000,2026-08-06T12:39:11
HSTH,0.0025,2000,2026-08-06T12:39:11
HSTM,0.003353,550000,2026-08-06T12:39:11
HSTXF,0.006247,800000,2026-08-06T12:39:11
HSXI,0.0025,200000,2026-08-06T12:39:11
HSY,0.004136,800000,2026-08-06T12:39:11
HSYT,0.0025,250000,2026-08-06T12:39:11
HTAB,0.039768,10000,2026-08-06T12:39:11
HTAX,0.056867,1000,2026-08-06T12:39:11
HTB,0.008364,200000,2026-08-06T12:39:11
HTCMY,0.097501,1000,2026-08-06T12:39:11
HTCO,1.050391,100000,2026-08-06T12:39:11
HTCR,0.074025,9000,2026-08-06T12:39:11
HTD,0.011452,30000,2026-08-06T12:39:11
HTDS,0.006586,10000000,2026-08-06T12:39:11
HTEC,0.043240999999999995,10000,2026-08-06T12:39:11
HTFC,0.106296,25000,2026-08-06T12:39:11
HTFL,0.0025,350000,2026-08-06T12:39:11
HTGC,0.012499,900000,2026-08-06T12:39:11
HTGMQ,2.184035,25000,2026-08-06T12:39:11
HTH,0.004579,300000,2026-08-06T12:39:11
HTHIY,0.009479,900000,2026-08-06T12:39:11
HTHT,0.0037140000000000003,2600000,2026-08-06T12:39:11
HTLD,0.004174,600000,2026-08-06T12:39:11
HTLM,0.05393099999999999,90000,2026-08-06T12:39:11
HTO,0.008329999999999999,600000,2026-08-06T12:39:11
HTOO,0.057772,100000,2026-08-06T12:39:11
HTRB,0.019483,250000,2026-08-06T12:39:11
HTRE,0.0025,8200000,2026-08-06T12:39:11
HTSF,0.0025,7000,2026-08-06T12:39:11
HTT,0.013287,10000000,2026-08-06T12:39:11
HTUS,0.040465,2000,2026-08-06T12:39:11
HTZ,0.022439,1800000,2026-08-06T12:39:11
HUBB,0.002782,400000,2026-08-06T12:39:11
HUBC,1.114959,100000,2026-08-06T12:39:11
HUBG,0.008084000000000001,2400000,2026-08-06T12:39:11
HUBS,0.0025,850000,2026-08-06T12:39:11
HUDI,0.040448000000000005,350000,2026-08-06T12:39:11
HUHU,0.19209900000000002,100000,2026-08-06T12:39:11
HUIZ,0.034234,500000,2026-08-06T12:39:11
HUM,0.0025,1400000,2026-08-06T12:39:11
HUMA,0.044093,7600000,2026-08-06T12:39:11
HUML,0.0025,800000,2026-08-06T12:39:11
HUMN,0.007843,30000,2026-08-06T12:39:11
HUMT,0.0025,35000,2026-08-06T12:39:11
HUN,0.003639,5500000,2026-08-06T12:39:11
HUNTF,0.152594,10000,2026-08-06T12:39:11
HURA,0.17057,1700000,2026-08-06T12:39:11
HURC,0.004963,300000,2026-08-06T12:39:11
HURN,0.004255999999999999,250000,2026-08-06T12:39:11
HUSIF,0.049618999999999996,1000,2026-08-06T12:39:11
HUSV,0.045,70000,2026-08-06T12:39:11
HUT,0.0030420000000000004,1400000,2026-08-06T12:39:11
HUTCY,0.0033239999999999997,10000,2026-08-06T12:39:11
HUTG,0.058114,30000,2026-08-06T12:39:11
HUYA,0.0037530000000000003,10000000,2026-08-06T12:39:11
HVAC,0.041185,25000,2026-08-06T12:39:11
HVCW,0.0025,10000000,2026-08-06T12:39:11
HVII,0.23281400000000002,1500000,2026-08-06T12:39:11
HVMC,0.012199999999999999,1400000,2026-08-06T12:39:11
HVMCU,0.012199999999999999,1000,2026-08-06T12:39:11
HVRRY,0.088029,25000,2026-08-06T12:39:11
HVT,0.011420999999999999,300000,2026-08-06T12:39:11
HVYW,0.0025,15000,2026-08-06T12:39:11
HWAIF,0.080778,70000,2026-08-06T12:39:11
HWAL,0.0025,950000,2026-08-06T12:39:11
HWAUF,0.025445000000000002,850000,2026-08-06T12:39:11
HWBK,0.005497999999999999,15000,2026-08-06T12:39:11
HWC,0.002782,800000,2026-08-06T12:39:11
HWCPZ,0.165157,55000,2026-08-06T12:39:11
HWGG,0.0025,300,2026-08-06T12:39:11
HWH,1.055514,200000,2026-08-06T12:39:11
HWICQ,0.0025,60000,2026-08-06T12:39:11
HWIN,0.059032999999999995,6000,2026-08-06T12:39:11
HWKE,0.146229,40000,2026-08-06T12:39:11
HWKN,0.004135,200000,2026-08-06T12:39:11
HWKR,0.0025,9000,2026-08-06T12:39:11
HWM,0.004081,3300000,2026-08-06T12:39:11
HWNI,0.058545999999999994,10000,2026-08-06T12:39:11
HWSY,0.0025,700000,2026-08-06T12:39:11
HXBM,0.0025,800,2026-08-06T12:39:11
HXGBY,0.028709,200000,2026-08-06T12:39:11
HXHX,0.158111,550000,2026-08-06T12:39:11
HXL,0.004115,950000,2026-08-06T12:39:11
HXPN,0.0025,70000,2026-08-06T12:39:11
HXSCL,0.156725,1000,2026-08-06T12:39:11
HY,0.004081,150000,2026-08-06T12:39:11
HYBB,0.038892,40000,2026-08-06T12:39:11
HYBE,0.0025,6500000,2026-08-06T12:39:11
HYBI,0.043746,35000,2026-08-06T12:39:11
HYBL,0.020726,250000,2026-08-06T12:39:11
HYBX,0.0025,9000,2026-08-06T12:39:11
HYD,0.033854,700000,2026-08-06T12:39:11
HYDB,0.012477,150000,2026-08-06T12:39:11
HYDI,0.0025,150000,2026-08-06T12:39:11
HYDN,0.0025,74,2026-08-06T12:39:11
HYDR,0.191749,40000,2026-08-06T12:39:11
HYDTF,0.035194,300000,2026-08-06T12:39:11
HYDW,0.457219,10000,2026-08-06T12:39:11
HYEG,0.0025,55000,2026-08-06T12:39:11
HYEM,0.031563,100000,2026-08-06T12:39:11
HYEX,0.0025,500,2026-08-06T12:39:11
HYFI,0.17057,4000,2026-08-06T12:39:11
HYFT,0.010805,1000000,2026-08-06T12:39:11
HYG,0.011974,2300000,2026-08-06T12:39:11
HYGH,0.094057,95000,2026-08-06T12:39:11
HYGM,0.054201,200,2026-08-06T12:39:11
HYGV,0.013968000000000001,100000,2026-08-06T12:39:11
HYGW,0.042023000000000005,200000,2026-08-06T12:39:11
HYHDF,0.0033239999999999997,600000,2026-08-06T12:39:11
HYHG,0.08522199999999999,2000,2026-08-06T12:39:11
HYHY,0.0025,150000,2026-08-06T12:39:11
HYI,0.094795,400000,2026-08-06T12:39:11
HYII,0.0025,10000000,2026-08-06T12:39:11
HYIN,0.023482,9000,2026-08-06T12:39:11
HYLB,0.004135,700000,2026-08-06T12:39:11
HYLN,0.004164,2000000,2026-08-06T12:39:11
HYLQF,0.131615,3000,2026-08-06T12:39:11
HYLS,0.041993,65000,2026-08-06T12:39:11
HYMB,0.053583,650000,2026-08-06T12:39:11
HYMC,0.005143,500000,2026-08-06T12:39:11
HYNE,0.0072440000000000004,250000,2026-08-06T12:39:11
HYNX,1.105958,100000,2026-08-06T12:39:11
HYOR,0.0025,70000,2026-08-06T12:39:11
HYP,0.043376,40000,2026-08-06T12:39:11
HYPAF,0.164571,10000,2026-08-06T12:39:11
HYPD,0.030913,550000,2026-08-06T12:39:11
HYPF,0.0025,50000,2026-08-06T12:39:11
HYPG,0.050902,4000,2026-08-06T12:39:11
HYPMY,0.308589,100000,2026-08-06T12:39:11
HYPR,0.0056489999999999995,10000000,2026-08-06T12:39:11
HYREQ,0.12551,1300000,2026-08-06T12:39:11
HYS,0.015202,100000,2026-08-06T12:39:11
HYSA,0.078893,6000,2026-08-06T12:39:11
HYSD,4.2336279999999995,1000,2026-08-06T12:39:11
HYSNY,0.0025,10000,2026-08-06T12:39:11
HYSR,0.048395,10000000,2026-08-06T12:39:11
HYT,0.005977,2600000,2026-08-06T12:39:11
HYTI,0.345896,35000,2026-08-06T12:39:11
HYTR,0.031766,500000,2026-08-06T12:39:11
HYUP,0.06929199999999999,500,2026-08-06T12:39:11
HYXF,0.038523999999999996,100000,2026-08-06T12:39:11
HYZD,0.044584,15000,2026-08-06T12:39:11
HYZN,0.0025,6000,2026-08-06T12:39:11
HZHI,0.0025,20000,2026-08-06T12:39:11
HZLIF,0.006586,9000,2026-08-06T12:39:11
HZNM,0.0025,3000,2026-08-06T12:39:11
HZO,0.003396,1600000,2026-08-06T12:39:11
IACH,0.0025,800000,2026-08-06T12:39:11
IACO,0.015872,3600000,2026-08-06T12:39:11
IACOU,0.01496,100000,2026-08-06T12:39:11
IACQ,0.8254819999999999,750000,2026-08-06T12:39:11
IACQU,0.880852,40000,2026-08-06T12:39:11
IAE,0.028123999999999996,150000,2026-08-06T12:39:11
IAF,0.00927,250000,2026-08-06T12:39:11
IAG,0.003226,9100000,2026-08-06T12:39:11
IAGG,0.004174,2300000,2026-08-06T12:39:11
IAGM,0.0025,2300000,2026-08-06T12:39:11
IAGX,0.0025,300000,2026-08-06T12:39:11
IAHL,0.0025,50000,2026-08-06T12:39:11
IAI,0.017693,85000,2026-08-06T12:39:11
IAK,0.08179700000000001,2000,2026-08-06T12:39:11
IALT,0.053697999999999996,1300000,2026-08-06T12:39:11
IAPR,0.028492000000000003,100000,2026-08-06T12:39:11
IARO,0.0025,4500000,2026-08-06T12:39:11
IART,0.00513,900000,2026-08-06T12:39:11
IAT,0.033933,100000,2026-08-06T12:39:11
IAU,0.0025,6600000,2026-08-06T12:39:11
IAUG,0.031051000000000002,40000,2026-08-06T12:39:11
IAUGY,0.0025,5000,2026-08-06T12:39:11
IAUI,0.009429,300000,2026-08-06T12:39:11
IAUM,0.005203,10000000,2026-08-06T12:39:11
IAUS,0.0025,50000,2026-08-06T12:39:11
IAUX,0.005413,10000000,2026-08-06T12:39:11
IBAC,0.12742900000000001,100000,2026-08-06T12:39:11
IBAT,0.040670000000000005,300000,2026-08-06T12:39:11
IBB,0.015968,150000,2026-08-06T12:39:11
IBBD,0.0025,30000,2026-08-06T12:39:11
IBBQ,0.043296,20000,2026-08-06T12:39:11
IBCA,0.057554999999999995,25000,2026-08-06T12:39:11
IBCB,0.5123190000000001,500,2026-08-06T12:39:11
IBCP,0.004198,550000,2026-08-06T12:39:11
IBD,0.032551000000000004,1000000,2026-08-06T12:39:11
IBDR,0.009185,650000,2026-08-06T12:39:11
IBDRY,0.030449999999999998,200000,2026-08-06T12:39:11
IBDS,0.006783,500000,2026-08-06T12:39:11
IBDT,0.008315,400000,2026-08-06T12:39:11
IBDU,0.011415,600000,2026-08-06T12:39:11
IBDV,0.017641,350000,2026-08-06T12:39:11
IBDW,0.014669000000000001,250000,2026-08-06T12:39:11
IBDX,0.023357000000000003,100000,2026-08-06T12:39:11
IBDY,0.036396000000000005,100000,2026-08-06T12:39:11
IBDZ,0.027638,400000,2026-08-06T12:39:11
IBEX,0.024432,400000,2026-08-06T12:39:11
IBG,0.196832,30000,2026-08-06T12:39:11
IBGA,0.041028,3000,2026-08-06T12:39:11
IBGB,0.00835,7000,2026-08-06T12:39:11
IBGK,0.002782,2000,2026-08-06T12:39:11
IBGL,0.004135,35000,2026-08-06T12:39:11
IBGM,0.009696,2000,2026-08-06T12:39:11
IBGR,0.016329,6300000,2026-08-06T12:39:11
IBHF,0.002747,350000,2026-08-06T12:39:11
IBHG,0.017073,200000,2026-08-06T12:39:11
IBHH,0.036322,150000,2026-08-06T12:39:11
IBHI,0.029303,150000,2026-08-06T12:39:11
IBHJ,0.040464,60000,2026-08-06T12:39:11
IBHK,0.069812,65000,2026-08-06T12:39:11
IBHL,0.120923,3000,2026-08-06T12:39:11
IBHM,0.247698,1000,2026-08-06T12:39:11
IBIC,0.08851800000000001,100000,2026-08-06T12:39:11
IBID,0.043958000000000004,100000,2026-08-06T12:39:11
IBIE,0.055132,75000,2026-08-06T12:39:11
IBIE.OLD1,0.0025,200,2026-08-06T12:39:11
IBIF,0.13894600000000001,9000,2026-08-06T12:39:11
IBIG,0.062049,60000,2026-08-06T12:39:11
IBII,0.046082,90000,2026-08-06T12:39:11
IBII.OLD1,0.0025,2000,2026-08-06T12:39:11
IBIJ,0.122308,60000,2026-08-06T12:39:11
IBIK,0.014787999999999999,100000,2026-08-06T12:39:11
IBIM,1.038148,2000,2026-08-06T12:39:11
IBIN,0.0025,400000,2026-08-06T12:39:11
IBIO,0.031239,1900000,2026-08-06T12:39:11
IBIT,0.003877,10000000,2026-08-06T12:39:11
IBKR,0.0025,5100000,2026-08-06T12:39:11
IBLC,0.028501,25000,2026-08-06T12:39:11
IBM,0.0025,4900000,2026-08-06T12:39:11
IBMO,0.03897,100000,2026-08-06T12:39:11
IBMP,0.050727,100000,2026-08-06T12:39:11
IBMQ,0.037964000000000005,100000,2026-08-06T12:39:11
IBMR,0.031572,90000,2026-08-06T12:39:11
IBMS,0.030165,80000,2026-08-06T12:39:11
IBMT,0.151164,35000,2026-08-06T12:39:11
IBMV,2.67791,1000,2026-08-06T12:39:11
IBMW,0.042023000000000005,200,2026-08-06T12:39:11
IBMX,1.523965,400,2026-08-06T12:39:11
IBN,0.004615,9100000,2026-08-06T12:39:11
IBND,0.011713,200000,2026-08-06T12:39:11
IBNW,0.0025,25000,2026-08-06T12:39:11
IBO,0.09552899999999999,900000,2026-08-06T12:39:11
IBOC,0.002855,700000,2026-08-06T12:39:11
IBOGF,0.035814,1900000,2026-08-06T12:39:11
IBOT,0.047984,30000,2026-08-06T12:39:11
IBP,0.004164,300000,2026-08-06T12:39:11
IBRC,0.0025,10000000,2026-08-06T12:39:11
IBRLF,0.061794,200000,2026-08-06T12:39:11
IBRX,0.008332,2100000,2026-08-06T12:39:11
IBSS,0.0025,300000,2026-08-06T12:39:11
IBTA,0.018023,650000,2026-08-06T12:39:11
IBTG,0.011473,1900000,2026-08-06T12:39:11
IBTH,0.029992,450000,2026-08-06T12:39:11
IBTI,0.035106,600000,2026-08-06T12:39:11
IBTJ,0.031334,95000,2026-08-06T12:39:11
IBTK,0.044032999999999996,65000,2026-08-06T12:39:11
IBTL,0.04759,95000,2026-08-06T12:39:11
IBTM,0.037614,95000,2026-08-06T12:39:11
IBTN,0.048801,200,2026-08-06T12:39:11
IBTO,0.014558,150000,2026-08-06T12:39:11
IBTP,0.043307000000000005,200000,2026-08-06T12:39:11
IBTQ,0.11950799999999999,10000,2026-08-06T12:39:11
IBTR,0.986625,8000,2026-08-06T12:39:11
IBUF,0.038302,20000,2026-08-06T12:39:11
IBUY,0.084785,8000,2026-08-06T12:39:11
IBX,0.008536,150000,2026-08-06T12:39:11
IBZT,0.0025,10000000,2026-08-06T12:39:11
ICAGY,0.0068330000000000005,150000,2026-08-06T12:39:11
ICAP,0.048924,55000,2026-08-06T12:39:11
ICBT,0.0025,5400000,2026-08-06T12:39:11
ICBU,0.0025,10000000,2026-08-06T12:39:11
ICCC,0.015231,1200000,2026-08-06T12:39:11
ICCM,4.338195,350000,2026-08-06T12:39:11
ICCO,0.0025,20000,2026-08-06T12:39:11
ICE,0.004081,6000000,2026-08-06T12:39:11
ICF,0.004135,400000,2026-08-06T12:39:11
ICFI,0.003215,650000,2026-08-06T12:39:11
ICG,0.37229300000000004,600000,2026-08-06T12:39:11
ICGI,0.0025,7000,2026-08-06T12:39:11
ICHR,0.003898,1300000,2026-08-06T12:39:11
ICL,0.041348,700000,2026-08-06T12:39:11
ICLD,0.0025,10000000,2026-08-06T12:39:11
ICLN,0.047248,80000,2026-08-06T12:39:11
ICLO,0.03863,100000,2026-08-06T12:39:11
ICLR,0.0025,800000,2026-08-06T12:39:11
ICLTF,0.004525,75000,2026-08-06T12:39:11
ICMB,0.015637,450000,2026-08-06T12:39:11
ICMFF,0.0029360000000000002,4400000,2026-08-06T12:39:11
ICNB,0.0025,250000,2026-08-06T12:39:11
ICNM,0.0025,10000000,2026-08-06T12:39:11
ICNN,0.0025,6000,2026-08-06T12:39:11
ICNVQ,0.0025,6800000,2026-08-06T12:39:11
ICOA,0.0025,10000000,2026-08-06T12:39:11
ICON,0.234087,400000,2026-08-06T12:39:11
ICOP,0.0025,150000,2026-08-06T12:39:11
ICOR,0.0025,100000,2026-08-06T12:39:11
ICOW,0.139578,250000,2026-08-06T12:39:11
ICPI,0.374579,600,2026-08-06T12:39:11
ICPY,0.014339,5000,2026-08-06T12:39:11
ICR PRA,0.08564,45000,2026-08-06T12:39:11
ICRD,0.0025,450000,2026-08-06T12:39:11
ICSG,0.007925,1000,2026-08-06T12:39:11
ICSH,0.0042970000000000005,3500000,2026-08-06T12:39:11
ICT.H,0.0075,100000,2026-08-06T12:39:11
ICTSF,0.0033239999999999997,5000,2026-08-06T12:39:11
ICTV,0.0025,550000,2026-08-06T12:39:11
ICTY,0.0025,10000000,2026-08-06T12:39:11
ICU,0.04242,350000,2026-08-06T12:39:11
ICUI,0.026883,600000,2026-08-06T12:39:11
ICVT,0.018408,20000,2026-08-06T12:39:11
IDA,0.003408,550000,2026-08-06T12:39:11
IDAC,0.792899,500000,2026-08-06T12:39:11
IDACU,0.69017,2000,2026-08-06T12:39:11
IDAH,0.0025,10000,2026-08-06T12:39:11
IDAI,0.014060999999999999,200000,2026-08-06T12:39:11
IDAM,0.0025,10000,2026-08-06T12:39:11
IDCBY,0.011523,450000,2026-08-06T12:39:11
IDCC,0.004178,100000,2026-08-06T12:39:11
IDCN,0.0025,10000000,2026-08-06T12:39:11
IDCX,0.0025,100000,2026-08-06T12:39:11
IDDR,0.0025,10000000,2026-08-06T12:39:11
IDE,0.035257000000000004,80000,2026-08-06T12:39:11
IDEA,0.0025,20000,2026-08-06T12:39:11
IDEC,0.0084,20000,2026-08-06T12:39:11
IDEF,0.053288,15000,2026-08-06T12:39:11
IDEH,0.0025,1800000,2026-08-06T12:39:11
IDEQ,0.145523,200000,2026-08-06T12:39:11
IDEV,0.0025,2300000,2026-08-06T12:39:11
IDEXQ.OLD,0.035257000000000004,35000,2026-08-06T12:39:11
IDEXY,0.024432,1200000,2026-08-06T12:39:11
IDGC,0.0025,10000000,2026-08-06T12:39:11
IDGI,0.0025,1000000,2026-08-06T12:39:11
IDGR,0.045144000000000004,2200000,2026-08-06T12:39:11
IDGT,0.036223,85000,2026-08-06T12:39:11
IDHQ,0.077614,45000,2026-08-06T12:39:11
IDIBQ,0.0025,1000,2026-08-06T12:39:11
IDICQ.OLD,0.438489,2000,2026-08-06T12:39:11
IDKFF,0.002663,450000,2026-08-06T12:39:11
IDKOY,0.043376,25000,2026-08-06T12:39:11
IDLM,0.0025,85000,2026-08-06T12:39:11
IDLV,0.272054,35000,2026-08-06T12:39:11
IDMO,0.014715,600000,2026-08-06T12:39:11
IDN,0.0067659999999999994,400000,2026-08-06T12:39:11
IDNA,0.026954,55000,2026-08-06T12:39:11
IDND.OLD,0.0025,250000,2026-08-06T12:39:11
IDOG,0.067829,95000,2026-08-06T12:39:11
IDOI,0.0025,4900000,2026-08-06T12:39:11
IDPE,0.0025,4000,2026-08-06T12:39:11
IDR,0.00413,150000,2026-08-06T12:39:11
IDRV,0.01902,35000,2026-08-06T12:39:11
IDT,0.005679999999999999,600000,2026-08-06T12:39:11
IDTA,0.0025,10000,2026-08-06T12:39:11
IDU,0.033853,65000,2026-08-06T12:39:11
IDUB,0.052458,200000,2026-08-06T12:39:11
IDV,0.00619,400000,2026-08-06T12:39:11
IDVC,0.0025,350000,2026-08-06T12:39:11
IDVO,0.012967,200000,2026-08-06T12:39:11
IDWM,0.084526,2000,2026-08-06T12:39:11
IDX,0.113739,350000,2026-08-06T12:39:11
IDXG,0.013081,80000,2026-08-06T12:39:11
IDXMF,0.017952,30000,2026-08-06T12:39:11
IDXX,0.004135,850000,2026-08-06T12:39:11
IDYA,0.002782,500000,2026-08-06T12:39:11
IDYN,0.031585999999999996,15000,2026-08-06T12:39:11
IE,0.005346,2500000,2026-08-06T12:39:11
IE.OLD1,0.646087,200,2026-08-06T12:39:11
IEAG,0.39726999999999996,1500000,2026-08-06T12:39:11
IEAG.OLD1,0.0025,65000,2026-08-06T12:39:11
IEAGU,0.01496,100,2026-08-06T12:39:11
IEDI,0.061418,25000,2026-08-06T12:39:11
IEF,0.002783,1500000,2026-08-06T12:39:11
IEFA,0.0025,6500000,2026-08-06T12:39:11
IEHC,0.0025,100000,2026-08-06T12:39:11
IEI,0.004413,600000,2026-08-06T12:39:11
IEMG,0.004135,10000000,2026-08-06T12:39:11
IEO,0.013833,80000,2026-08-06T12:39:11
IEP,0.013136000000000002,550000,2026-08-06T12:39:11
IESC,0.004135,30000,2026-08-06T12:39:11
IESFY,0.0025,100,2026-08-06T12:39:11
IETC,0.006729000000000001,100000,2026-08-06T12:39:11
IEUR,0.008171000000000001,80000,2026-08-06T12:39:11
IEUS,0.0025,25000,2026-08-06T12:39:11
IEV,0.010126999999999999,350000,2026-08-06T12:39:11
IEX,0.0071660000000000005,1500000,2026-08-06T12:39:11
IEZ,0.169378,25000,2026-08-06T12:39:11
IFAM,0.0025,500000,2026-08-06T12:39:11
IFAN,0.0025,6900000,2026-08-06T12:39:11
IFBC,0.135404,4900000,2026-08-06T12:39:11
IFBD,0.018532,100000,2026-08-06T12:39:11
IFCH,0.0025,7000,2026-08-06T12:39:11
IFCR,0.0025,10000000,2026-08-06T12:39:11
IFEB,0.22740100000000002,5000,2026-08-06T12:39:11
IFF,0.003045,650000,2026-08-06T12:39:11
IFGL,0.059637,40000,2026-08-06T12:39:11
IFIXQ,0.0025,10000000,2026-08-06T12:39:11
IFJPY,0.249282,1000,2026-08-06T12:39:11
IFLM,0.0025,10000000,2026-08-06T12:39:11
IFLN,0.012254000000000001,40000,2026-08-06T12:39:11
IFLO,0.303662,4000,2026-08-06T12:39:11
IFLR,0.051393,55000,2026-08-06T12:39:11
IFMK,0.0025,100000,2026-08-06T12:39:11
IFN,0.005489000000000001,650000,2026-08-06T12:39:11
IFNNY,0.012902,150000,2026-08-06T12:39:11
IFRA,0.006854,150000,2026-08-06T12:39:11
IFRTF,0.0059370000000000004,4000,2026-08-06T12:39:11
IFRX,0.029213,1500000,2026-08-06T12:39:11
IFS,0.009121,1700000,2026-08-06T12:39:11
IFUE,0.013607000000000001,6900000,2026-08-06T12:39:11
IFUS,0.03419,2200000,2026-08-06T12:39:11
IFV,0.024929999999999997,3000,2026-08-06T12:39:11
IFXY,0.0025,10000000,2026-08-06T12:39:11
IGA,0.016215999999999998,100000,2026-08-06T12:39:11
IGAC,0.012199999999999999,900000,2026-08-06T12:39:11
IGACU,0.013607000000000001,15000,2026-08-06T12:39:11
IGBH,0.04626,10000,2026-08-06T12:39:11
IGC,0.005731000000000001,5000000,2026-08-06T12:39:11
IGCB,0.008195000000000001,9000,2026-08-06T12:39:11
IGD,0.037997,150000,2026-08-06T12:39:11
IGDC,0.0025,300000,2026-08-06T12:39:11
IGE,0.0048270000000000006,400000,2026-08-06T12:39:11
IGEB,0.025174,3000,2026-08-06T12:39:11
IGEN,0.0025,10000000,2026-08-06T12:39:11
IGEX,0.0025,10000000,2026-08-06T12:39:11
IGF,0.004298,5200000,2026-08-06T12:39:11
IGGHY,0.11103199999999999,200,2026-08-06T12:39:11
IGI,0.110452,6000,2026-08-06T12:39:11
IGIB,0.004176,1100000,2026-08-06T12:39:11
IGIC,0.004797,600000,2026-08-06T12:39:11
IGIFF,0.0027489999999999997,350000,2026-08-06T12:39:11
IGLB,0.004792,40000,2026-08-06T12:39:11
IGLD,0.008187999999999999,400000,2026-08-06T12:39:11
IGLDF,0.0025,1,2026-08-06T12:39:11
IGM,0.0041789999999999996,300000,2026-08-06T12:39:11
IGNE,0.0025,2600000,2026-08-06T12:39:11
IGNT,0.0025,4100000,2026-08-06T12:39:11
IGOT,0.0025,1500000,2026-08-06T12:39:11
IGOV,0.10896499999999999,95000,2026-08-06T12:39:11
IGPG,0.0025,900000,2026-08-06T12:39:11
IGPK,0.0025,1200000,2026-08-06T12:39:11
IGPT,0.01992,4000,2026-08-06T12:39:11
IGR,0.01024,500000,2026-08-06T12:39:11
IGRO,0.005734,100000,2026-08-06T12:39:11
IGRU,0.0025,30000,2026-08-06T12:39:11
IGRW,0.0025,3700000,2026-08-06T12:39:11
IGSB,0.004135,1400000,2026-08-06T12:39:11
IGTA,0.009163,100,2026-08-06T12:39:11
IGV,0.006808,650000,2026-08-06T12:39:11
IH,0.037275,1000000,2026-08-06T12:39:11
IHAI,0.0033239999999999997,5000,2026-08-06T12:39:11
IHAK,0.019453,100000,2026-08-06T12:39:11
IHD,0.013073999999999999,450000,2026-08-06T12:39:11
IHDG,0.023045,400000,2026-08-06T12:39:11
IHE,0.044597,200000,2026-08-06T12:39:11
IHF,0.022456,400000,2026-08-06T12:39:11
IHG,0.008905,250000,2026-08-06T12:39:11
IHGP,0.0033239999999999997,45000,2026-08-06T12:39:11
IHI,0.011444000000000001,700000,2026-08-06T12:39:11
IHICY,0.087018,10000,2026-08-06T12:39:11
IHLDF,0.0025,200000,2026-08-06T12:39:11
IHRT,0.003633,900000,2026-08-06T12:39:11
IHS,0.003295,5500000,2026-08-06T12:39:11
IHSI,0.0025,10000000,2026-08-06T12:39:11
IHT,0.319275,100000,2026-08-06T12:39:11
IHTI,0.0025,90000,2026-08-06T12:39:11
IHY,0.21387,300000,2026-08-06T12:39:11
IICN,0.0025,45000,2026-08-06T12:39:11
IIDDY,0.0025,200,2026-08-06T12:39:11
IIF,0.031675,350000,2026-08-06T12:39:11
IIGD,0.0025,25000,2026-08-06T12:39:11
III,0.004604,700000,2026-08-06T12:39:11
IIIN,0.004135,450000,2026-08-06T12:39:11
IIIV,0.0034920000000000003,300000,2026-08-06T12:39:11
IIJIY,0.043376,4000,2026-08-06T12:39:11
IIM,0.059261999999999995,9000,2026-08-06T12:39:11
IINC,0.046624,1000,2026-08-06T12:39:11
IIPR,0.004108,250000,2026-08-06T12:39:11
IIPR PRA,0.040436,200000,2026-08-06T12:39:11
IJAN,0.025198,90000,2026-08-06T12:39:11
IJH,0.003055,5000000,2026-08-06T12:39:11
IJJ,0.027241,100000,2026-08-06T12:39:11
IJJP,0.0025,10000000,2026-08-06T12:39:11
IJK,0.0032979999999999997,400000,2026-08-06T12:39:11
IJR,0.004135,2600000,2026-08-06T12:39:11
IJS,0.005861,500000,2026-08-06T12:39:11
IJT,0.019688,300000,2026-08-06T12:39:11
IJUL,0.033787,250000,2026-08-06T12:39:11
IJUN,0.042433,10000,2026-08-06T12:39:11
IKGI,0.0025,700000,2026-08-06T12:39:11
IKT,0.008104,1700000,2026-08-06T12:39:11
IKTO,0.0025,10000000,2026-08-06T12:39:11
IKTSY,0.0055969999999999995,10000,2026-08-06T12:39:11
ILAG,0.035257000000000004,100000,2026-08-06T12:39:11
ILAL,0.17464400000000002,2000,2026-08-06T12:39:11
ILBI,0.109679,75000,2026-08-06T12:39:11
ILCB,0.0277,45000,2026-08-06T12:39:11
ILCC,0.0025,100,2026-08-06T12:39:11
ILCG,0.004586,450000,2026-08-06T12:39:11
ILCV,0.004135,60000,2026-08-06T12:39:11
ILDO,0.0025,100000,2026-08-06T12:39:11
ILDR,0.076152,55000,2026-08-06T12:39:11
ILF,0.00536,1000000,2026-08-06T12:39:11
ILHMF,0.006586,2600000,2026-08-06T12:39:11
ILIM,0.0025,10000000,2026-08-06T12:39:11
ILIT,0.014295,30000,2026-08-06T12:39:11
ILKAY,0.032397,10000,2026-08-06T12:39:11
ILLMF,0.373277,3500000,2026-08-06T12:39:11
ILLR,1.086708,200000,2026-08-06T12:39:11
ILLU,0.012199999999999999,350000,2026-08-06T12:39:11
ILLUU,0.013499,1000,2026-08-06T12:39:11
ILMN,0.004081,3100000,2026-08-06T12:39:11
ILOW,0.026732999999999996,850000,2026-08-06T12:39:11
ILPT,0.004098,5300000,2026-08-06T12:39:11
ILS,0.049857,500000,2026-08-06T12:39:11
ILST,0.0025,8000000,2026-08-06T12:39:11
ILTB,0.041608,150000,2026-08-06T12:39:11
ILUS,0.0025,10000000,2026-08-06T12:39:11
ILVE,0.0025,300,2026-08-06T12:39:11
IMA,0.042699,350000,2026-08-06T12:39:11
IMAA,0.0025,20000,2026-08-06T12:39:11
IMAQ,0.003509,8000,2026-08-06T12:39:11
IMAR,0.065026,50000,2026-08-06T12:39:11
IMAX,0.002596,250000,2026-08-06T12:39:11
IMAY,0.16748200000000002,10000,2026-08-06T12:39:11
IMBBY,0.007977999999999999,150000,2026-08-06T12:39:11
IMBIL,0.11793,150000,2026-08-06T12:39:11
IMBIQ.OLD,0.505482,500000,2026-08-06T12:39:11
IMC,0.735873,100000,2026-08-06T12:39:11
IMCB,0.016082,55000,2026-08-06T12:39:11
IMCC,0.05809,300000,2026-08-06T12:39:11
IMCDY,0.047603,25000,2026-08-06T12:39:11
IMCG,0.010795999999999998,100000,2026-08-06T12:39:11
IMCI,0.0025,200,2026-08-06T12:39:11
IMCL,0.0025,1000,2026-08-06T12:39:11
IMCR,0.002782,1900000,2026-08-06T12:39:11
IMCV,0.020287000000000003,35000,2026-08-06T12:39:11
IMDC,0.0025,45000,2026-08-06T12:39:11
IMDX,0.039882,150000,2026-08-06T12:39:11
IMEN,0.0025,2400000,2026-08-06T12:39:11
IMEXF,0.0025,70000,2026-08-06T12:39:11
IMF,0.12518200000000002,20000,2026-08-06T12:39:11
IMFL,0.08135999999999999,30000,2026-08-06T12:39:11
IMGR,0.0025,10000000,2026-08-06T12:39:11
IMGX.OLD,0.0025,250000,2026-08-06T12:39:11
IMIMF,0.027261,45000,2026-08-06T12:39:11
IMITF,0.004683,100000,2026-08-06T12:39:11
IMIUY,0.0025,10000,2026-08-06T12:39:11
IMJN.OLD,0.0025,2,2026-08-06T12:39:11
IMJX,0.0025,10000000,2026-08-06T12:39:11
IMKI.OLD,0.0025,80000,2026-08-06T12:39:11
IMKTA,0.003876,300000,2026-08-06T12:39:11
IMMB,0.0025,200000,2026-08-06T12:39:11
IMMG,0.0025,15000,2026-08-06T12:39:11
IMMP,0.062375999999999994,1300000,2026-08-06T12:39:11
IMMR,0.0057799999999999995,2000000,2026-08-06T12:39:11
IMMX,0.00808,700000,2026-08-06T12:39:11
IMNM,0.00404,550000,2026-08-06T12:39:11
IMNN,0.077416,350000,2026-08-06T12:39:11
IMNPQ.OLD,0.560271,1,2026-08-06T12:39:11
IMO,0.003669,600000,2026-08-06T12:39:11
IMOM,0.040670000000000005,600000,2026-08-06T12:39:11
IMOS,0.012367999999999999,75000,2026-08-06T12:39:11
IMPC,0.0025,30000,2026-08-06T12:39:11
IMPJY,0.0025,10000,2026-08-06T12:39:11
IMPP,0.040670000000000005,1500000,2026-08-06T12:39:11
IMPPP,0.102999,60000,2026-08-06T12:39:11
IMPUY,0.043985,1300000,2026-08-06T12:39:11
IMRFF,0.014119999999999999,250000,2026-08-06T12:39:11
IMRN,0.11501099999999999,250000,2026-08-06T12:39:11
IMRSQ,0.0025,500000,2026-08-06T12:39:11
IMRX,0.07281900000000001,40000,2026-08-06T12:39:11
IMSR,0.012781,200000,2026-08-06T12:39:11
IMTB,0.024432,90000,2026-08-06T12:39:11
IMTC,0.0025,40000,2026-08-06T12:39:11
IMTCF,0.232408,100000,2026-08-06T12:39:11
IMTE,0.21361899999999998,250000,2026-08-06T12:39:11
IMTH,0.0025,100,2026-08-06T12:39:11
IMTL,0.0025,10000000,2026-08-06T12:39:11
IMTM,0.011206,400000,2026-08-06T12:39:11
IMTO,0.0025,3000,2026-08-06T12:39:11
IMTV,0.0025,10000000,2026-08-06T12:39:11
IMTX,0.00419,1500000,2026-08-06T12:39:11
IMUC,0.357316,150000,2026-08-06T12:39:11
IMUT,0.0025,20000,2026-08-06T12:39:11
IMUX,0.010187,100000,2026-08-06T12:39:11
IMVIF,0.641505,95000,2026-08-06T12:39:11
IMVP,0.005482,100000,2026-08-06T12:39:11
IMVT,0.002782,1500000,2026-08-06T12:39:11
IMXC,0.0025,300000,2026-08-06T12:39:11
IMXI,0.0029620000000000002,2200000,2026-08-06T12:39:11
IMYN,0.0025,650000,2026-08-06T12:39:11
INAB,0.026177000000000002,350000,2026-08-06T12:39:11
INAC,0.012199999999999999,150000,2026-08-06T12:39:11
INACU,0.012199999999999999,5000,2026-08-06T12:39:11
INAR,0.0025,10000000,2026-08-06T12:39:11
INBC,0.004135,50000,2026-08-06T12:39:11
INBK,0.006043,550000,2026-08-06T12:39:11
INBKZ,0.10387,45000,2026-08-06T12:39:11
INBP,0.0025,200000,2026-08-06T12:39:11
INBS,1.089342,150000,2026-08-06T12:39:11
INBX,0.003676,800000,2026-08-06T12:39:11
INCE,0.062861,15000,2026-08-06T12:39:11
INCM,0.056722,300000,2026-08-06T12:39:11
INCM.OLD1,0.110924,4000,2026-08-06T12:39:11
INCO,0.007749000000000001,90000,2026-08-06T12:39:11
INCR,0.10817,200000,2026-08-06T12:39:11
INCY,0.004135,4000000,2026-08-06T12:39:11
IND,0.013549,5000,2026-08-06T12:39:11
INDA,0.005562,1600000,2026-08-06T12:39:11
INDB,0.0041530000000000004,850000,2026-08-06T12:39:11
INDE,0.08698800000000001,55000,2026-08-06T12:39:11
INDH,0.002928,35000,2026-08-06T12:39:11
INDI,0.009965,2600000,2026-08-06T12:39:11
INDL,0.020484,75000,2026-08-06T12:39:11
INDO,0.122118,200000,2026-08-06T12:39:11
INDOY,0.0025,400,2026-08-06T12:39:11
INDP,1.301782,1800000,2026-08-06T12:39:11
INDS,0.018743,6000,2026-08-06T12:39:11
INDV,0.004135,1000000,2026-08-06T12:39:11
INDY,0.011085000000000001,70000,2026-08-06T12:39:11
INEO,0.021726000000000002,200000,2026-08-06T12:39:11
INEOF,0.062661,300,2026-08-06T12:39:11
INEQ,0.09632099999999999,10000,2026-08-06T12:39:11
INFH,0.146391,2000,2026-08-06T12:39:11
INFIQ,0.048804,800000,2026-08-06T12:39:11
INFL,0.023114,150000,2026-08-06T12:39:11
INFL.OLD1,0.0025,800000,2026-08-06T12:39:11
INFO,0.016346,6000,2026-08-06T12:39:11
INFQ,0.015335000000000001,450000,2026-08-06T12:39:11
INFT,0.194811,3000,2026-08-06T12:39:11
INFU,0.005499,800000,2026-08-06T12:39:11
INFX,0.0025,1200000,2026-08-06T12:39:11
INFY,0.144416,450000,2026-08-06T12:39:11
ING,0.0025,450000,2026-08-06T12:39:11
INGM,0.004196,2800000,2026-08-06T12:39:11
INGN,0.014377,1000000,2026-08-06T12:39:11
INGR,0.0041470000000000005,1000000,2026-08-06T12:39:11
INHC,0.0025,100000,2026-08-06T12:39:11
INIH,0.010764000000000001,3000,2026-08-06T12:39:11
INIO,0.012985,2200000,2026-08-06T12:39:11
INIS,0.006982,9700000,2026-08-06T12:39:11
INIV,0.005489000000000001,900000,2026-08-06T12:39:11
INKM,0.031011,10000,2026-08-06T12:39:11
INKN,0.0025,1100000,2026-08-06T12:39:11
INKT,0.158636,30000,2026-08-06T12:39:11
INKWD,0.133239,950000,2026-08-06T12:39:11
INLB,0.0025,7300000,2026-08-06T12:39:11
INLX,0.049634,50000,2026-08-06T12:39:11
INM,2.963272,600000,2026-08-06T12:39:11
INMB,0.023563999999999998,1000000,2026-08-06T12:39:11
INMD,0.002782,2200000,2026-08-06T12:39:11
INMU,1.501859,40000,2026-08-06T12:39:11
INN,0.007344000000000001,3600000,2026-08-06T12:39:11
INN PRE,0.427664,65000,2026-08-06T12:39:11
INN PRF,0.203947,60000,2026-08-06T12:39:11
INND,0.0025,10000000,2026-08-06T12:39:11
INNI,0.055151000000000006,55000,2026-08-06T12:39:11
INNP,0.0025,1000,2026-08-06T12:39:11
INNPF,0.034125,200,2026-08-06T12:39:11
INNU,0.0025,1,2026-08-06T12:39:11
INNV,0.004012,250000,2026-08-06T12:39:11
INNX,0.0025,50000,2026-08-06T12:39:11
INO,0.037447,2100000,2026-08-06T12:39:11
INOD,0.002978,600000,2026-08-06T12:39:11
INOH,0.0025,10000000,2026-08-06T12:39:11
INOV,0.12456400000000001,75000,2026-08-06T12:39:11
INPAP,0.0025,200,2026-08-06T12:39:11
INPC,0.019403,100,2026-08-06T12:39:11
INPOY,0.0025,30000,2026-08-06T12:39:11
INQD,0.0025,9100000,2026-08-06T12:39:11
INQQ,0.041829,100000,2026-08-06T12:39:11
INQR,0.0025,6500000,2026-08-06T12:39:11
INR,0.0055130000000000005,25000,2026-08-06T12:39:11
INRO,0.165768,3000,2026-08-06T12:39:11
INSD,0.0025,100,2026-08-06T12:39:11
INSE,0.007931,850000,2026-08-06T12:39:11
INSG,0.0052710000000000005,100000,2026-08-06T12:39:11
INSM,0.006606999999999999,4100000,2026-08-06T12:39:11
INSO,0.0025,300000,2026-08-06T12:39:11
INSP,0.004131,650000,2026-08-06T12:39:11
INSW,0.002782,500000,2026-08-06T12:39:11
INT,0.10557499999999999,2000,2026-08-06T12:39:11
INTA,0.004135,650000,2026-08-06T12:39:11
INTC,0.0025,10000000,2026-08-06T12:39:11
INTE,0.016329,45000,2026-08-06T12:39:11
INTEU,0.01464,100,2026-08-06T12:39:11
INTF,0.006095000000000001,400000,2026-08-06T12:39:11
INTG,0.088743,9000,2026-08-06T12:39:11
INTI,0.0032479999999999996,1200000,2026-08-06T12:39:11
INTJ,0.019512,50000,2026-08-06T12:39:11
INTK,0.114436,2300000,2026-08-06T12:39:11
INTK.CONT,0.0025,100000,2026-08-06T12:39:11
INTL,0.065928,75000,2026-08-06T12:39:11
INTO,0.0025,3000,2026-08-06T12:39:11
INTR,0.00415,7600000,2026-08-06T12:39:11
INTS,0.079074,200000,2026-08-06T12:39:11
INTT,0.017908999999999998,500000,2026-08-06T12:39:11
INTU,0.004135,3800000,2026-08-06T12:39:11
INTW,0.046997,75000,2026-08-06T12:39:11
INTZ,0.209295,950000,2026-08-06T12:39:11
INUMF,0.033516,15000,2026-08-06T12:39:11
INUV,0.006126,1200000,2026-08-06T12:39:11
INV,0.017758,600000,2026-08-06T12:39:11
INVA,0.0040939999999999995,3000000,2026-08-06T12:39:11
INVE,0.004081,2900000,2026-08-06T12:39:11
INVH,0.004138,8300000,2026-08-06T12:39:11
INVN,0.10291399999999999,200,2026-08-06T12:39:11
INVRF,0.037437,700,2026-08-06T12:39:11
INVT.OLD,0.0025,6400000,2026-08-06T12:39:11
INVTC,0.109679,10000000,2026-08-06T12:39:11
INVU,0.050427,8700000,2026-08-06T12:39:11
INVX,0.004156,2800000,2026-08-06T12:39:11
INVZ,0.039165,8400000,2026-08-06T12:39:11
INXSF,0.027174999999999998,20000,2026-08-06T12:39:11
INYY,0.16481200000000001,1000,2026-08-06T12:39:11
IO8N,0.204934,3000,2026-08-06T12:39:11
IOBTQ,0.042309,2200000,2026-08-06T12:39:11
IOCJY,0.0025,300,2026-08-06T12:39:11
IOCT,0.07477400000000001,100000,2026-08-06T12:39:11
IOGC,0.0025,6000,2026-08-06T12:39:11
IOGPQ,0.287677,600000,2026-08-06T12:39:11
IOMG,0.0025,67,2026-08-06T12:39:11
IOMT,0.0025,3000,2026-08-06T12:39:11
ION,0.14892,8000,2026-08-06T12:39:11
IOND,0.031775000000000005,800000,2026-08-06T12:39:11
IONGF,0.20614100000000002,45000,2026-08-06T12:39:11
IONI,0.00808,150000,2026-08-06T12:39:11
IONKF,0.015354000000000001,3400000,2026-08-06T12:39:11
IONL,0.23690999999999998,75000,2026-08-06T12:39:11
IONM,5.241686,25000,2026-08-06T12:39:11
IONQ,0.004706,1700000,2026-08-06T12:39:11
IONR,0.436648,300000,2026-08-06T12:39:11
IONS,0.004050000000000001,450000,2026-08-06T12:39:11
IONX,0.225769,100000,2026-08-06T12:39:11
IONZ,0.9770319999999999,500000,2026-08-06T12:39:11
IOO,0.016016,100000,2026-08-06T12:39:11
IOPP,0.008195000000000001,35000,2026-08-06T12:39:11
IOR,0.04082499999999999,6000,2026-08-06T12:39:11
IORG,0.0025,35000,2026-08-06T12:39:11
IOSP,0.023079000000000002,750000,2026-08-06T12:39:11
IOT,0.004135,800000,2026-08-06T12:39:11
IOTA,0.0025,100,2026-08-06T12:39:11
IOTR,4.530035,15000,2026-08-06T12:39:11
IOVA,0.004135,6800000,2026-08-06T12:39:11
IOYY,0.084566,5000,2026-08-06T12:39:11
IP,0.005453,750000,2026-08-06T12:39:11
IPAC,0.013681,25000,2026-08-06T12:39:11
IPAR,0.004135,60000,2026-08-06T12:39:11
IPAV,0.09728099999999999,45000,2026-08-06T12:39:11
IPAY,0.035257000000000004,75000,2026-08-06T12:39:11
IPB,0.14892,15000,2026-08-06T12:39:11
IPCIQ,0.11700200000000001,700000,2026-08-06T12:39:11
IPCX,1.112345,1000,2026-08-06T12:39:11
IPDN,0.19049499999999997,550000,2026-08-06T12:39:11
IPEX,0.780829,200000,2026-08-06T12:39:11
IPEXU,0.013499,500,2026-08-06T12:39:11
IPFX,0.015678,4800000,2026-08-06T12:39:11
IPFXU,1.002498,3000,2026-08-06T12:39:11
IPGP,0.004136,100000,2026-08-06T12:39:11
IPHA,0.02191,100000,2026-08-06T12:39:11
IPI,0.004095,300000,2026-08-06T12:39:11
IPIC,0.0025,100,2026-08-06T12:39:11
IPIX,0.0025,1000000,2026-08-06T12:39:11
IPKW,0.023791000000000003,100000,2026-08-06T12:39:11
IPLY,0.0025,1400000,2026-08-06T12:39:11
IPM,0.04245,400000,2026-08-06T12:39:11
IPMG,0.0025,1000000,2026-08-06T12:39:11
IPMLF,0.006586,550000,2026-08-06T12:39:11
IPNFF,0.127458,1500000,2026-08-06T12:39:11
IPO,0.021171000000000002,40000,2026-08-06T12:39:11
IPOOF,0.046780999999999996,350000,2026-08-06T12:39:11
IPOS,0.040670000000000005,10000,2026-08-06T12:39:11
IPOW,0.0025,2000,2026-08-06T12:39:11
IPRC,0.0025,1600000,2026-08-06T12:39:11
IPSC,0.009634,1400000,2026-08-06T12:39:11
IPSEY,0.010360000000000001,1000,2026-08-06T12:39:11
IPSI,0.0025,3300000,2026-08-06T12:39:11
IPST,0.641256,20000,2026-08-06T12:39:11
IPTK,0.0025,45000,2026-08-06T12:39:11
IPUB,0.0025,350000,2026-08-06T12:39:11
IPVV,0.392482,1600000,2026-08-06T12:39:11
IPVVU,0.14892,25000,2026-08-06T12:39:11
IPWG,0.0025,10000000,2026-08-06T12:39:11
IPWR,0.005314999999999999,1000000,2026-08-06T12:39:11
IPX,0.011129,450000,2026-08-06T12:39:11
IPXHY,0.02379,300000,2026-08-06T12:39:11
IPZI,0.0025,250000,2026-08-06T12:39:11
IQ,0.004259,10000000,2026-08-06T12:39:11
IQDF,0.020686,100000,2026-08-06T12:39:11
IQDG,0.03695,100000,2026-08-06T12:39:11
IQDY,0.011551,100000,2026-08-06T12:39:11
IQHI,0.11103199999999999,10000,2026-08-06T12:39:11
IQI,0.063232,35000,2026-08-06T12:39:11
IQLT,0.002782,1600000,2026-08-06T12:39:11
IQM,0.042012999999999995,15000,2026-08-06T12:39:11
IQMM,0.017667,10000000,2026-08-06T12:39:11
IQMX,0.900146,100000,2026-08-06T12:39:11
IQQ,0.155946,1100000,2026-08-06T12:39:11
IQQQ,0.044739,15000,2026-08-06T12:39:11
IQSI,0.10832599999999999,50000,2026-08-06T12:39:11
IQSM,0.12456400000000001,300,2026-08-06T12:39:11
IQST,0.893031,450000,2026-08-06T12:39:11
IQSU,0.024499,50000,2026-08-06T12:39:11
IQSZ,0.917495,100,2026-08-06T12:39:11
IQV,0.004081,2900000,2026-08-06T12:39:11
IR,0.004135,1500000,2026-08-06T12:39:11
IRAB,0.012199999999999999,200000,2026-08-06T12:39:11
IRAB U,0.124293,10000,2026-08-06T12:39:11
IRBS,0.0025,300000,2026-08-06T12:39:11
IRCC.OLD,0.0025,10000,2026-08-06T12:39:11
IRD,0.005776,1400000,2026-08-06T12:39:11
IRDM,0.004058,6000000,2026-08-06T12:39:11
IRE,0.226985,50000,2026-08-06T12:39:11
IREC,0.094795,100,2026-08-06T12:39:11
IRECQ,0.0025,150000,2026-08-06T12:39:11
IREG,0.165157,150000,2026-08-06T12:39:11
IREN,0.005901,1000000,2026-08-06T12:39:11
IREX,0.094094,100000,2026-08-06T12:39:11
IREZ,1.113082,95000,2026-08-06T12:39:11
IRHO,0.012199999999999999,450000,2026-08-06T12:39:11
IRHOU,0.097501,800,2026-08-06T12:39:11
IRIX,0.005028,1300000,2026-08-06T12:39:11
IRL,0.051495,70000,2026-08-06T12:39:11
IRLD,0.0025,1700000,2026-08-06T12:39:11
IRM,0.002585,4400000,2026-08-06T12:39:11
IRMD,0.004954,300000,2026-08-06T12:39:11
IRNG,0.0025,3000,2026-08-06T12:39:11
IROC,0.153537,3000,2026-08-06T12:39:11
IROG,0.0025,9000,2026-08-06T12:39:11
IRON,0.004122,55000,2026-08-06T12:39:11
IRS,0.007276,2100000,2026-08-06T12:39:11
IRSB,0.0025,10000,2026-08-06T12:39:11
IRT,0.003613,4100000,2026-08-06T12:39:11
IRTC,0.002506,500000,2026-08-06T12:39:11
IRTR,0.048912000000000004,10000,2026-08-06T12:39:11
IRVH,0.138685,30000,2026-08-06T12:39:11
IRVRF,0.107259,650000,2026-08-06T12:39:11
IRWD,0.008386,6000000,2026-08-06T12:39:11
ISBA,0.026966999999999998,20000,2026-08-06T12:39:11
ISBG,0.370832,9000,2026-08-06T12:39:11
ISCB,0.035185,6000,2026-08-06T12:39:11
ISCF,0.027139000000000003,250000,2026-08-06T12:39:11
ISCG,0.010901000000000001,100000,2026-08-06T12:39:11
ISCNF,0.0025,450000,2026-08-06T12:39:11
ISCO,7.063404,55000,2026-08-06T12:39:11
ISCV,0.005489000000000001,150000,2026-08-06T12:39:11
ISD,0.004989,100000,2026-08-06T12:39:11
ISEP,0.008195000000000001,100000,2026-08-06T12:39:11
ISGIF,0.0025,100000,2026-08-06T12:39:11
ISGN.OLD,0.0025,45000,2026-08-06T12:39:11
ISHG,0.011578,100000,2026-08-06T12:39:11
ISHI,0.0025,15000,2026-08-06T12:39:11
ISLT.CNT,0.0025,1700000,2026-08-06T12:39:11
ISLUF,0.01464,200,2026-08-06T12:39:11
ISLV,0.0025,500,2026-08-06T12:39:11
ISMAY,0.025429,50000,2026-08-06T12:39:11
ISMD,0.062026000000000005,550000,2026-08-06T12:39:11
ISMF,0.135493,10000,2026-08-06T12:39:11
ISNPY,0.018956999999999998,500000,2026-08-06T12:39:11
ISNR,1.112345,1200000,2026-08-06T12:39:11
ISNRU,0.71038,70000,2026-08-06T12:39:11
ISOLF,0.0025,1400000,2026-08-06T12:39:11
ISON,0.0025,450000,2026-08-06T12:39:11
ISOU,0.042866999999999995,200000,2026-08-06T12:39:11
ISPC,0.7775310000000001,5000,2026-08-06T12:39:11
ISPNF,0.048804,9000,2026-08-06T12:39:11
ISPR,0.01401,1900000,2026-08-06T12:39:11
ISPY,0.024432,100000,2026-08-06T12:39:11
ISRA,0.012325999999999998,20000,2026-08-06T12:39:11
ISRG,0.004081,3300000,2026-08-06T12:39:11
ISRLF,0.034182000000000004,10000,2026-08-06T12:39:11
ISSB,0.040670000000000005,700,2026-08-06T12:39:11
ISSC,0.004081,700000,2026-08-06T12:39:11
ISTB,0.010894,350000,2026-08-06T12:39:11
ISTKF,0.030645,90000,2026-08-06T12:39:11
ISTM,0.182071,10000,2026-08-06T12:39:11
ISTR,0.006978,300000,2026-08-06T12:39:11
ISUL,0.42282400000000003,75000,2026-08-06T12:39:11
ISUNQ,0.034771,1700000,2026-08-06T12:39:11
ISUZY,0.023769,150000,2026-08-06T12:39:11
ISVL,0.025164,60000,2026-08-06T12:39:11
ISVLF,0.016834000000000002,4200000,2026-08-06T12:39:11
ISWN,0.140095,100,2026-08-06T12:39:11
ISYX,0.0025,3200000,2026-08-06T12:39:11
IT,0.004081,500000,2026-08-06T12:39:11
ITA,0.007224,300000,2026-08-06T12:39:11
ITAN,0.034482,60000,2026-08-06T12:39:11
ITAYY,0.0025,15000,2026-08-06T12:39:11
ITB,0.031284,350000,2026-08-06T12:39:11
ITCJ,0.0025,10000000,2026-08-06T12:39:11
ITDB,0.034283,1000,2026-08-06T12:39:11
ITDC,0.042263999999999996,10000,2026-08-06T12:39:11
ITDD,0.024205,15000,2026-08-06T12:39:11
ITDE,0.104545,25000,2026-08-06T12:39:11
ITDF,0.044539,25000,2026-08-06T12:39:11
ITDH,0.045631000000000005,7000,2026-08-06T12:39:11
ITDI,0.164818,15000,2026-08-06T12:39:11
ITDJ,0.04318399999999999,20000,2026-08-06T12:39:11
ITEC,0.0025,350000,2026-08-06T12:39:11
ITEN,0.0025,700000,2026-08-06T12:39:11
ITEQ,0.031110000000000002,50000,2026-08-06T12:39:11
ITEX,0.0025,10000,2026-08-06T12:39:11
ITFS,0.036122999999999995,500000,2026-08-06T12:39:11
ITG,0.11477399999999999,950000,2026-08-06T12:39:11
ITGL,0.0025,400000,2026-08-06T12:39:11
ITGLF,0.0033239999999999997,25000,2026-08-06T12:39:11
ITGR,0.00267,750000,2026-08-06T12:39:11
ITHA,0.012199999999999999,950000,2026-08-06T12:39:11
ITHAU,0.013607000000000001,500000,2026-08-06T12:39:11
ITHH,0.0025,200,2026-08-06T12:39:11
ITHR,0.040685,400,2026-08-06T12:39:11
ITHUF,0.002966,5700000,2026-08-06T12:39:11
ITIC,0.0049180000000000005,25000,2026-08-06T12:39:11
ITJTY,0.116445,9000,2026-08-06T12:39:11
ITKG,0.0025,10000000,2026-08-06T12:39:11
ITKH,0.0025,2400000,2026-08-06T12:39:11
ITLI,0.0025,400000,2026-08-06T12:39:11
ITM,0.021484,100000,2026-08-06T12:39:11
ITMC,0.0025,400000,2026-08-06T12:39:11
ITMSF,0.059602,1400000,2026-08-06T12:39:11
ITNF,0.0025,100000,2026-08-06T12:39:11
ITNS,0.0025,4200000,2026-08-06T12:39:11
ITOC,0.56345,400000,2026-08-06T12:39:11
ITOCY,0.009923999999999999,1500000,2026-08-06T12:39:11
ITOO,0.0025,70000,2026-08-06T12:39:11
ITOT,0.00418,2100000,2026-08-06T12:39:11
ITOX,0.0025,8700000,2026-08-06T12:39:11
ITP,0.004135,1100000,2026-08-06T12:39:11
ITRG,0.006842,10000000,2026-08-06T12:39:11
ITRI,0.004081,350000,2026-08-06T12:39:11
ITRN,0.002782,450000,2026-08-06T12:39:11
ITRO,0.0025,65000,2026-08-06T12:39:11
ITRX,0.0025,25000,2026-08-06T12:39:11
ITT,0.004158,400000,2026-08-06T12:39:11
ITTV,0.0025,1000,2026-08-06T12:39:11
ITUB,0.004104,10000000,2026-08-06T12:39:11
ITVI,0.0025,10000000,2026-08-06T12:39:11
ITVPY,0.086676,6000,2026-08-06T12:39:11
ITW,0.0025,2100000,2026-08-06T12:39:11
ITWO,0.037964000000000005,550000,2026-08-06T12:39:11
IUS,0.04626,95000,2026-08-06T12:39:11
IUSB,0.004354,1400000,2026-08-06T12:39:11
IUSG,0.004298,350000,2026-08-06T12:39:11
IUSV,0.004298,1000000,2026-08-06T12:39:11
IVA,0.017713,2800000,2026-08-06T12:39:11
IVAL,0.008606,500000,2026-08-06T12:39:11
IVAP,0.0025,4000,2026-08-06T12:39:11
IVAUF,0.01464,200,2026-08-06T12:39:11
IVBIY,0.12456400000000001,100,2026-08-06T12:39:11
IVBT,0.0025,200,2026-08-06T12:39:11
IVCAF,0.016329,200,2026-08-06T12:39:11
IVCBF,0.331336,100,2026-08-06T12:39:11
IVCUF,0.016329,1000,2026-08-06T12:39:11
IVDA,0.609026,400000,2026-08-06T12:39:11
IVDN,0.0033239999999999997,450000,2026-08-06T12:39:11
IVE,0.0041530000000000004,400000,2026-08-06T12:39:11
IVEP,0.063729,60000,2026-08-06T12:39:11
IVES,0.003384,750000,2026-08-06T12:39:11
IVFH,0.020172,3600000,2026-08-06T12:39:11
IVFZF,0.0025,1000,2026-08-06T12:39:11
IVII,0.0025,2000,2026-08-06T12:39:11
IVLU,0.014504,400000,2026-08-06T12:39:11
IVOG,0.013092,100000,2026-08-06T12:39:11
IVOI,0.0025,10000000,2026-08-06T12:39:11
IVOL,0.035766,150000,2026-08-06T12:39:11
IVOO,0.033389,150000,2026-08-06T12:39:11
IVOV,0.0047279999999999996,70000,2026-08-06T12:39:11
IVPAF,0.002858,900000,2026-08-06T12:39:11
IVPR,0.070018,6300000,2026-08-06T12:39:11
IVR,0.0057599999999999995,1300000,2026-08-06T12:39:11
IVR PRC,0.14910299999999999,80000,2026-08-06T12:39:11
IVRN,0.022824,100,2026-08-06T12:39:11
IVRO,0.0025,150000,2026-08-06T12:39:11
IVRS,0.09743600000000001,600,2026-08-06T12:39:11
IVSI,1.193532,30000,2026-08-06T12:39:11
IVSS,0.041734999999999994,30000,2026-08-06T12:39:11
IVST,0.0025,200000,2026-08-06T12:39:11
IVT,0.002569,1600000,2026-08-06T12:39:11
IVV,0.004298,10000000,2026-08-06T12:39:11
IVVB,0.006592,300000,2026-08-06T12:39:11
IVVD,0.0045639999999999995,5600000,2026-08-06T12:39:11
IVVM,0.03336,45000,2026-08-06T12:39:11
IVVW,0.14735099999999998,100000,2026-08-06T12:39:11
IVW,0.002782,1500000,2026-08-06T12:39:11
IVZ,0.002797,4700000,2026-08-06T12:39:11
IWAL,0.0025,550000,2026-08-06T12:39:11
IWB,0.004545,250000,2026-08-06T12:39:11
IWC,0.052855,30000,2026-08-06T12:39:11
IWD,0.0025,1000000,2026-08-06T12:39:11
IWF,0.004298,4100000,2026-08-06T12:39:11
IWINQ,0.0025,1000,2026-08-06T12:39:11
IWL,0.046368,10000,2026-08-06T12:39:11
IWLG,0.03232,2000,2026-08-06T12:39:11
IWM,0.006262,1900000,2026-08-06T12:39:11
IWMG,0.0025,35000,2026-08-06T12:39:11
IWMI,0.022793,450000,2026-08-06T12:39:11
IWMW,0.017656,10000,2026-08-06T12:39:11
IWMY,0.08074500000000001,15000,2026-08-06T12:39:11
IWN,0.004719999999999999,200000,2026-08-06T12:39:11
IWO,0.013231999999999999,25000,2026-08-06T12:39:11
IWP,0.006965,500000,2026-08-06T12:39:11
IWR,0.006575999999999999,2000000,2026-08-06T12:39:11
IWS,0.00599,300000,2026-08-06T12:39:11
IWSH,0.0025,400000,2026-08-06T12:39:11
IWSY,0.032566000000000005,3700000,2026-08-06T12:39:11
IWV,0.0025,1600000,2026-08-06T12:39:11
IWWI,0.0025,300000,2026-08-06T12:39:11
IWX,0.025562,45000,2026-08-06T12:39:11
IWY,0.007445,150000,2026-08-06T12:39:11
IX,0.004361,650000,2026-08-06T12:39:11
IXAQF,0.36932299999999996,1000,2026-08-06T12:39:11
IXC,0.004895,400000,2026-08-06T12:39:11
IXEH,0.0025,200000,2026-08-06T12:39:11
IXG,0.054778,35000,2026-08-06T12:39:11
IXHL,0.030545,250000,2026-08-06T12:39:11
IXJ,0.028999999999999998,200000,2026-08-06T12:39:11
IXMOU,0.0025,1000,2026-08-06T12:39:11
IXN,0.004198,350000,2026-08-06T12:39:11
IXP,0.01902,75000,2026-08-06T12:39:11
IXQUF,0.01464,100,2026-08-06T12:39:11
IXUS,0.002761,1700000,2026-08-06T12:39:11
IYC,0.031813,40000,2026-08-06T12:39:11
IYE,0.034018,300000,2026-08-06T12:39:11
IYF,0.011080000000000001,200000,2026-08-06T12:39:11
IYG,0.008504000000000001,65000,2026-08-06T12:39:11
IYH,0.024,150000,2026-08-06T12:39:11
IYJ,0.01854,30000,2026-08-06T12:39:11
IYK,0.072382,100000,2026-08-06T12:39:11
IYLD,0.033904000000000004,10000,2026-08-06T12:39:11
IYM,0.023558,10000,2026-08-06T12:39:11
IYR,0.007814999999999999,1300000,2026-08-06T12:39:11
IYRI,0.018771,100000,2026-08-06T12:39:11
IYT,0.02609,8000,2026-08-06T12:39:11
IYW,0.004509,250000,2026-08-06T12:39:11
IYXI,0.0025,10000,2026-08-06T12:39:11
IYY,0.009548,25000,2026-08-06T12:39:11
IZEA,0.022267000000000002,550000,2026-08-06T12:39:11
IZM,0.012537,1000000,2026-08-06T12:39:11
IZNN,0.0025,3000000,2026-08-06T12:39:11
IZOZF,0.003064,400000,2026-08-06T12:39:11
IZRL,0.007579,150000,2026-08-06T12:39:11
J,0.002782,950000,2026-08-06T12:39:11
JA,0.279055,5000,2026-08-06T12:39:11
JAAA,0.004751,3300000,2026-08-06T12:39:11
JABI,0.0025,800,2026-08-06T12:39:11
JABRU,1.397999,400000,2026-08-06T12:39:11
JABS,0.04506,1000,2026-08-06T12:39:11
JACK,0.007559,600000,2026-08-06T12:39:11
JACS,0.012199999999999999,500000,2026-08-06T12:39:11
JACS U,0.012199999999999999,100,2026-08-06T12:39:11
JADA,0.0025,100000,2026-08-06T12:39:11
JADE,0.116445,15000,2026-08-06T12:39:11
JAGGF,0.033865,550000,2026-08-06T12:39:11
JAGL,0.0025,35000,2026-08-06T12:39:11
JAGR,0.0025,15000,2026-08-06T12:39:11
JAGU,0.075184,550000,2026-08-06T12:39:11
JAGX,0.19594899999999998,150000,2026-08-06T12:39:11
JAJL,0.079101,100000,2026-08-06T12:39:11
JAKK,0.003377,550000,2026-08-06T12:39:11
JALA.OLD,0.0025,700,2026-08-06T12:39:11
JALC,0.0025,300,2026-08-06T12:39:11
JAMN,0.0025,10000000,2026-08-06T12:39:11
JAN,0.004307,1100000,2026-08-06T12:39:11
JANB,0.347829,9000,2026-08-06T12:39:11
JANH,0.0025,15000,2026-08-06T12:39:11
JANJ,0.14892,30000,2026-08-06T12:39:11
JANL,0.040670000000000005,100,2026-08-06T12:39:11
JANM,0.0025,1000,2026-08-06T12:39:11
JANP,0.048019,100000,2026-08-06T12:39:11
JANT,0.089382,40000,2026-08-06T12:39:11
JANU,0.041365,10000,2026-08-06T12:39:11
JANW,0.039317000000000005,80000,2026-08-06T12:39:11
JANX,0.004116,3200000,2026-08-06T12:39:11
JANZ,0.064355,1000,2026-08-06T12:39:11
JAPAY,0.047977,200000,2026-08-06T12:39:11
JAPN,0.041538000000000005,2000,2026-08-06T12:39:11
JAPSY,0.033259,250000,2026-08-06T12:39:11
JATT,0.042039999999999994,300000,2026-08-06T12:39:11
JAVA,0.035750000000000004,55000,2026-08-06T12:39:11
JAZZ,0.0028020000000000002,1200000,2026-08-06T12:39:11
JBAXY,0.017253,200000,2026-08-06T12:39:11
JBBB,0.047977,100000,2026-08-06T12:39:11
JBDI,0.32333599999999996,65000,2026-08-06T12:39:11
JBFCY,0.043376,45000,2026-08-06T12:39:11
JBGS,0.005638,2600000,2026-08-06T12:39:11
JBHT,0.003757,800000,2026-08-06T12:39:11
JBI,0.005151,4500000,2026-08-06T12:39:11
JBIO,0.0044080000000000005,500000,2026-08-06T12:39:11
JBL,0.002782,1300000,2026-08-06T12:39:11
JBLG,0.004044,7000,2026-08-06T12:39:11
JBLU,0.0032029999999999997,1000000,2026-08-06T12:39:11
JBND,0.034319999999999996,550000,2026-08-06T12:39:11
JBS,0.004298,6500000,2026-08-06T12:39:11
JBSS,0.003283,100000,2026-08-06T12:39:11
JBTM,0.0025,450000,2026-08-06T12:39:11
JBZY,0.0025,75000,2026-08-06T12:39:11
JCAP,0.006748,1900000,2026-08-06T12:39:11
JCE,0.020463,65000,2026-08-06T12:39:11
JCHI,0.0404,45000,2026-08-06T12:39:11
JCI,0.0025,7600000,2026-08-06T12:39:11
JCPB,0.013392,400000,2026-08-06T12:39:11
JCPI,0.47517200000000004,10000,2026-08-06T12:39:11
JCSE,0.288142,95000,2026-08-06T12:39:11
JCTC,0.043765,200000,2026-08-06T12:39:11
JCYGY,0.0025,200,2026-08-06T12:39:11
JD,0.002634,10000000,2026-08-06T12:39:11
JDEPY,0.0025,25000,2026-08-06T12:39:11
JDHIY,0.021490999999999996,600,2026-08-06T12:39:11
JDIV,0.041426,4000,2026-08-06T12:39:11
JDSPY,0.109679,35000,2026-08-06T12:39:11
JDST,0.239971,50000,2026-08-06T12:39:11
JDVI,0.14892,60000,2026-08-06T12:39:11
JEDI,0.020373000000000002,100000,2026-08-06T12:39:11
JEF,0.003968,1700000,2026-08-06T12:39:11
JELD,0.005368,800000,2026-08-06T12:39:11
JELM,1.6373570000000002,10000,2026-08-06T12:39:11
JEM,5.071589,700,2026-08-06T12:39:11
JEMA,0.040971,5000,2026-08-06T12:39:11
JEMB,0.006842,1500000,2026-08-06T12:39:11
JEMG,0.0025,100,2026-08-06T12:39:11
JENA,0.012199999999999999,2800000,2026-08-06T12:39:11
JENGQ,0.0482,950000,2026-08-06T12:39:11
JEPI,0.014199,2000000,2026-08-06T12:39:11
JEPQ,0.021646000000000002,2300000,2026-08-06T12:39:11
JETD,0.223551,55000,2026-08-06T12:39:11
JETMF,0.010479,3200000,2026-08-06T12:39:11
JETR,0.0025,800000,2026-08-06T12:39:11
JETS,0.038185,200000,2026-08-06T12:39:11
JETU,0.148812,2000,2026-08-06T12:39:11
JEWL,0.005356,400000,2026-08-06T12:39:11
JEXYY,0.0025,100,2026-08-06T12:39:11
JF,0.0034739999999999997,300000,2026-08-06T12:39:11
JFB,0.091943,65000,2026-08-06T12:39:11
JFBC,0.048804,900,2026-08-06T12:39:11
JFGI,0.0025,100000,2026-08-06T12:39:11
JFIL,0.0025,250000,2026-08-06T12:39:11
JFIN,0.004118,4200000,2026-08-06T12:39:11
JFLI,0.801126,3000,2026-08-06T12:39:11
JFLX,0.036575,150000,2026-08-06T12:39:11
JFR,0.017388,950000,2026-08-06T12:39:11
JFTH,0.0025,100000,2026-08-06T12:39:11
JFU,0.209134,150000,2026-08-06T12:39:11
JFWV,0.007112,200,2026-08-06T12:39:11
JG,0.157377,350000,2026-08-06T12:39:11
JGBO,0.032987999999999996,40000,2026-08-06T12:39:11
JGCCY,0.002966,1000,2026-08-06T12:39:11
JGH,0.036707000000000004,150000,2026-08-06T12:39:11
JGLDF,0.0025,95000,2026-08-06T12:39:11
JGLO,0.010350999999999999,20000,2026-08-06T12:39:11
JGRO,0.013607000000000001,150000,2026-08-06T12:39:11
JGRW,0.058029000000000004,15000,2026-08-06T12:39:11
JHAI,0.040670000000000005,1000,2026-08-06T12:39:11
JHCB,0.042768,600000,2026-08-06T12:39:11
JHCP,0.104724,55000,2026-08-06T12:39:11
JHEM,0.107126,10000,2026-08-06T12:39:11
JHHY,0.8292829999999999,8000,2026-08-06T12:39:11
JHI,0.010416000000000002,15000,2026-08-06T12:39:11
JHMB,0.040670000000000005,85000,2026-08-06T12:39:11
JHMD,0.211164,250000,2026-08-06T12:39:11
JHML,0.076314,65000,2026-08-06T12:39:11
JHMM,0.037813,300000,2026-08-06T12:39:11
JHMU,0.159745,25000,2026-08-06T12:39:11
JHPI,0.388502,150000,2026-08-06T12:39:11
JHS,0.0025,10000,2026-08-06T12:39:11
JHSC,0.020253,35000,2026-08-06T12:39:11
JHX,0.00419,3500000,2026-08-06T12:39:11
JIDE,0.913653,100,2026-08-06T12:39:11
JIDG,0.048789,150000,2026-08-06T12:39:11
JIG,0.088583,10000,2026-08-06T12:39:11
JIII,1.427927,2000,2026-08-06T12:39:11
JILL,0.009972,25000,2026-08-06T12:39:11
JIRE,0.012371,150000,2026-08-06T12:39:11
JIVE,0.119574,35000,2026-08-06T12:39:11
JJSF,0.002782,500000,2026-08-06T12:39:11
JKCL,0.0025,100000,2026-08-06T12:39:11
JKHY,0.004103,600000,2026-08-06T12:39:11
JKS,0.003629,3700000,2026-08-06T12:39:11
JKSM,0.0025,1200000,2026-08-06T12:39:11
JL,0.042165,500000,2026-08-06T12:39:11
JLHL,2.171956,150000,2026-08-06T12:39:11
JLL,0.002782,750000,2026-08-06T12:39:11
JLMC,0.0025,300,2026-08-06T12:39:11
JLS,0.070439,30000,2026-08-06T12:39:11
JMBS,0.006842,150000,2026-08-06T12:39:11
JMEE,0.016956,550000,2026-08-06T12:39:11
JMHI,0.13584,45000,2026-08-06T12:39:11
JMHLY,0.022087,45000,2026-08-06T12:39:11
JMIA,0.020177,800000,2026-08-06T12:39:11
JMID,0.162451,5000,2026-08-06T12:39:11
JMIH,0.0025,15000,2026-08-06T12:39:11
JMKE,0.115308,2600000,2026-08-06T12:39:11
JMM,0.245337,10000,2026-08-06T12:39:11
JMOM,0.052848,15000,2026-08-06T12:39:11
JMON,0.0025,10000000,2026-08-06T12:39:11
JMPLY,0.06375,20000,2026-08-06T12:39:11
JMSB,0.00623,1300000,2026-08-06T12:39:11
JMSI,0.049690000000000005,50000,2026-08-06T12:39:11
JMST,0.079137,450000,2026-08-06T12:39:11
JMTG,0.014926,20000,2026-08-06T12:39:11
JMUB,0.058142,400000,2026-08-06T12:39:11
JNCCF,0.10401099999999999,8000,2026-08-06T12:39:11
JNEU,0.178689,15000,2026-08-06T12:39:11
JNHMF,0.139656,200000,2026-08-06T12:39:11
JNJ,0.0025,8200000,2026-08-06T12:39:11
JNK,0.008195000000000001,2100000,2026-08-06T12:39:11
JNPC,0.0025,1000,2026-08-06T12:39:11
JNSH,0.0025,2000000,2026-08-06T12:39:11
JNUG,0.022239,150000,2026-08-06T12:39:11
JOB,0.002859,3500000,2026-08-06T12:39:11
JOBX,0.250772,35000,2026-08-06T12:39:11
JOBY,0.004799,1200000,2026-08-06T12:39:11
JOE,0.0030320000000000004,1800000,2026-08-06T12:39:11
JOET,0.042699,10000,2026-08-06T12:39:11
JOEY,0.0025,1500000,2026-08-06T12:39:11
JOF,0.018479000000000002,1200000,2026-08-06T12:39:11
JOJO,0.037964000000000005,30000,2026-08-06T12:39:11
JONEU,0.7528950000000001,700000,2026-08-06T12:39:11
JORFF,0.00821,500000,2026-08-06T12:39:11
JOUL,0.11837099999999999,250000,2026-08-06T12:39:11
JOUT,0.0041849999999999995,200000,2026-08-06T12:39:11
JOYT,0.038294999999999996,10000,2026-08-06T12:39:11
JOYY,0.002782,1800000,2026-08-06T12:39:11
JPAN,0.112385,20000,2026-08-06T12:39:11
JPC,0.024432,100000,2026-08-06T12:39:11
JPEF,0.027357,350000,2026-08-06T12:39:11
JPEM,0.043376,250000,2026-08-06T12:39:11
JPEX,0.0025,10000000,2026-08-06T12:39:11
JPFP,0.047638,5000,2026-08-06T12:39:11
JPIB,0.029550999999999997,200000,2026-08-06T12:39:11
JPIE,0.009034,700000,2026-08-06T12:39:11
JPIN,0.04005,20000,2026-08-06T12:39:11
JPLD,0.015881,200000,2026-08-06T12:39:11
JPM,0.0025,9600000,2026-08-06T12:39:11
JPM PRC,0.021804,8000,2026-08-06T12:39:11
JPM PRD,0.043355,60000,2026-08-06T12:39:11
JPM PRJ,0.028492000000000003,50000,2026-08-06T12:39:11
JPM PRK,0.021145999999999998,400000,2026-08-06T12:39:11
JPM PRL,0.013458000000000001,100000,2026-08-06T12:39:11
JPM PRM,0.019198,600000,2026-08-06T12:39:11
JPO,0.052154,4000,2026-08-06T12:39:11
JPOTF,0.02763,350000,2026-08-06T12:39:11
JPPHY,0.043975,400,2026-08-06T12:39:11
JPPTY,0.023620000000000002,75000,2026-08-06T12:39:11
JPPYY,0.0025,150000,2026-08-06T12:39:11
JPRE,0.333514,2000,2026-08-06T12:39:11
JPRF,0.028426,100,2026-08-06T12:39:11
JPSE,0.053673,100000,2026-08-06T12:39:11
JPST,0.003107,3000000,2026-08-06T12:39:11
JPSWY,0.0025,100,2026-08-06T12:39:11
JPTE,0.0025,5400000,2026-08-06T12:39:11
JPTR,0.0025,5000,2026-08-06T12:39:11
JPUS,0.036875,10000,2026-08-06T12:39:11
JPXGY,0.020975,350000,2026-08-06T12:39:11
JPXN,0.010577000000000001,10000,2026-08-06T12:39:11
JPY,0.060732999999999995,900,2026-08-06T12:39:11
JQC,0.004243,1000000,2026-08-06T12:39:11
JQUA,0.019503,200000,2026-08-06T12:39:11
JRE,0.09793400000000001,8000,2026-08-06T12:39:11
JRI,0.006842,1500000,2026-08-06T12:39:11
JRJRQ,0.035814,6700000,2026-08-06T12:39:11
JRNGF,0.037437,450000,2026-08-06T12:39:11
JRONY,0.031198,70000,2026-08-06T12:39:11
JROOF,0.14460499999999998,750000,2026-08-06T12:39:11
JRS,0.01373,100000,2026-08-06T12:39:11
JRSE,0.0025,2800000,2026-08-06T12:39:11
JRSH,0.20545000000000002,550000,2026-08-06T12:39:11
JRSS,0.0025,50000,2026-08-06T12:39:11
JRVR,0.009073,1600000,2026-08-06T12:39:11
JSAIY,0.11647199999999999,200000,2026-08-06T12:39:11
JSCP,0.041066000000000005,20000,2026-08-06T12:39:11
JSDA,0.048804,2500000,2026-08-06T12:39:11
JSGRY,0.0033239999999999997,2000,2026-08-06T12:39:11
JSHG,0.0025,1400000,2026-08-06T12:39:11
JSI,0.008371,300000,2026-08-06T12:39:11
JSM,0.247394,250000,2026-08-06T12:39:11
JSMD,0.032762,50000,2026-08-06T12:39:11
JSML,0.074498,45000,2026-08-06T12:39:11
JSPR,0.032629,200000,2026-08-06T12:39:11
JSTC,0.061704,350000,2026-08-06T12:39:11
JTAI,0.5899920000000001,200000,2026-08-06T12:39:11
JTAN,0.0025,200000,2026-08-06T12:39:11
JTBK,0.0025,6800000,2026-08-06T12:39:11
JTEK,0.053773999999999995,35000,2026-08-06T12:39:11
JTKWY,0.056727,75000,2026-08-06T12:39:11
JTNB,0.052051,15000,2026-08-06T12:39:11
JTNY,0.14892,95000,2026-08-06T12:39:11
JTTRY,0.0025,2000,2026-08-06T12:39:11
JUCY,0.045156999999999996,150000,2026-08-06T12:39:11
JULB,0.197632,500,2026-08-06T12:39:11
JULH,0.035485,2000,2026-08-06T12:39:11
JULJ,0.075851,10000,2026-08-06T12:39:11
JULM,0.123213,2000,2026-08-06T12:39:11
JULP,0.09452400000000001,600,2026-08-06T12:39:11
JULT,0.143507,2000,2026-08-06T12:39:11
JULU,0.18139500000000003,600,2026-08-06T12:39:11
JULW,0.029845,35000,2026-08-06T12:39:11
JUMSY,0.047432,5000,2026-08-06T12:39:11
JUMT,0.0025,550000,2026-08-06T12:39:11
JUNM,0.063858,35000,2026-08-06T12:39:11
JUNP,0.33565100000000003,300,2026-08-06T12:39:11
JUNP.OLD1,0.10561999999999999,10000000,2026-08-06T12:39:11
JUNS,0.274798,2700000,2026-08-06T12:39:11
JUNT,0.12298999999999999,20000,2026-08-06T12:39:11
JUNW,1.0187789999999999,1000,2026-08-06T12:39:11
JUNZ,0.01902,8000,2026-08-06T12:39:11
JUSA,0.533207,800,2026-08-06T12:39:11
JUSH,0.04718,9800000,2026-08-06T12:39:11
JUST,0.040670000000000005,10000,2026-08-06T12:39:11
JUVAF,0.0025,150000,2026-08-06T12:39:11
JUVF,0.014705,5000,2026-08-06T12:39:11
JVA,0.042945000000000004,400000,2026-08-06T12:39:11
JVAL,0.008095,60000,2026-08-06T12:39:11
JVDTQ,0.0025,15000,2026-08-06T12:39:11
JWEL,0.057913,70000,2026-08-06T12:39:11
JWGJ,0.00328,400,2026-08-06T12:39:11
JWSMF,0.061794,100,2026-08-06T12:39:11
JWSUF,0.01464,900,2026-08-06T12:39:11
JXAMY,0.020724,3000,2026-08-06T12:39:11
JXG,1.048443,40000,2026-08-06T12:39:11
JXHLY,0.155685,5000,2026-08-06T12:39:11
JXI,0.011305,15000,2026-08-06T12:39:11
JXN,0.002782,1100000,2026-08-06T12:39:11
JXN PRA,0.022924000000000003,50000,2026-08-06T12:39:11
JXX,0.025278000000000002,500,2026-08-06T12:39:11
JYD,0.287132,300000,2026-08-06T12:39:11
JYHW,0.0025,2400000,2026-08-06T12:39:11
JYNT,0.004736000000000001,1500000,2026-08-06T12:39:11
JZ,1.2874109999999999,20000,2026-08-06T12:39:11
JZHG,0.0025,1000000,2026-08-06T12:39:11
JZXN,4.055668,7000,2026-08-06T12:39:11
KABX,0.0025,10000000,2026-08-06T12:39:11
KACLF,1.026301,400,2026-08-06T12:39:11
KAEPY,0.142272,15000,2026-08-06T12:39:11
KAI,0.0026690000000000004,35000,2026-08-06T12:39:11
KAJMY,0.098629,3000,2026-08-06T12:39:11
KALA,0.08298299999999999,65000,2026-08-06T12:39:11
KALG,0.0025,10000,2026-08-06T12:39:11
KALO,0.0025,20000,2026-08-06T12:39:11
KALRQ,0.264177,80000,2026-08-06T12:39:11
KALU,0.0034449999999999997,250000,2026-08-06T12:39:11
KALY,0.0025,300000,2026-08-06T12:39:11
KAMO,0.12321,30000,2026-08-06T12:39:11
KANP,0.0025,500,2026-08-06T12:39:11
KAOOY,0.063282,450000,2026-08-06T12:39:11
KAPA,0.13846,1000000,2026-08-06T12:39:11
KAPR,0.028312,40000,2026-08-06T12:39:11
KARD,0.050525,45000,2026-08-06T12:39:11
KARO,0.01574,350000,2026-08-06T12:39:11
KARS,0.244992,45000,2026-08-06T12:39:11
KARUS.RS,0.116445,400,2026-08-06T12:39:11
KARX,0.10401099999999999,1000000,2026-08-06T12:39:11
KASHF,0.0025,150000,2026-08-06T12:39:11
KAT,0.14892,75000,2026-08-06T12:39:11
KAVL,0.191065,2000000,2026-08-06T12:39:11
KAYS,0.0025,1000,2026-08-06T12:39:11
KAZR,0.204587,200000,2026-08-06T12:39:11
KB,0.015152,100000,2026-08-06T12:39:11
KBA,0.011611,50000,2026-08-06T12:39:11
KBAB,0.097501,45000,2026-08-06T12:39:11
KBCSY,0.023985,65000,2026-08-06T12:39:11
KBDC,0.021438000000000002,700000,2026-08-06T12:39:11
KBDU,0.049188,3000,2026-08-06T12:39:11
KBE,0.024804,20000,2026-08-06T12:39:11
KBFR,0.097887,50000,2026-08-06T12:39:11
KBGGY,0.091833,150000,2026-08-06T12:39:11
KBH,0.0027860000000000003,450000,2026-08-06T12:39:11
KBLB,0.110506,10000000,2026-08-06T12:39:11
KBNT,0.0025,200000,2026-08-06T12:39:11
KBON,0.012254000000000001,1800000,2026-08-06T12:39:11
KBONU,0.765945,450000,2026-08-06T12:39:11
KBR,0.004081,1200000,2026-08-06T12:39:11
KBSX,1.5559979999999998,3000,2026-08-06T12:39:11
KBUF,0.0025,300,2026-08-06T12:39:11
KBWB,0.00823,150000,2026-08-06T12:39:11
KBWD,0.007502999999999999,750000,2026-08-06T12:39:11
KBWP,0.095266,45000,2026-08-06T12:39:11
KBWY,0.009737,150000,2026-08-06T12:39:11
KBXFF,0.017595,100000,2026-08-06T12:39:11
KC,0.068951,350000,2026-08-06T12:39:11
KCA U,0.012199999999999999,900000,2026-08-06T12:39:11
KCAC U,0.040670000000000005,65000,2026-08-06T12:39:11
KCAI,0.008195000000000001,15000,2026-08-06T12:39:11
KCCA,0.02661,450000,2026-08-06T12:39:11
KCCFF,0.029463,800000,2026-08-06T12:39:11
KCDMY,0.009054,70000,2026-08-06T12:39:11
KCE,0.030448,65000,2026-08-06T12:39:11
KCHV,0.012254000000000001,1800000,2026-08-06T12:39:11
KCLI,0.012742999999999999,6000,2026-08-06T12:39:11
KCMH,0.0025,100000,2026-08-06T12:39:11
KCOP,0.080281,50000,2026-08-06T12:39:11
KCPC,0.0025,9000,2026-08-06T12:39:11
KCRD,0.0025,20000,2026-08-06T12:39:11
KCSH,0.27882,600,2026-08-06T12:39:11
KD,0.0029130000000000002,5800000,2026-08-06T12:39:11
KDCE,0.0025,200000,2026-08-06T12:39:11
KDDIY,0.009088,35000,2026-08-06T12:39:11
KDEC,0.035212,70000,2026-08-06T12:39:11
KDEF,0.035674000000000004,250000,2026-08-06T12:39:11
KDK,0.11444800000000001,450000,2026-08-06T12:39:11
KDKCF,0.07316,25000,2026-08-06T12:39:11
KDKGF,0.031488,400000,2026-08-06T12:39:11
KDMP,0.0025,10000,2026-08-06T12:39:11
KDOZF,0.003265,35000,2026-08-06T12:39:11
KDP,0.002782,10000000,2026-08-06T12:39:11
KDVD,0.061575,30000,2026-08-06T12:39:11
KE,0.004122,650000,2026-08-06T12:39:11
KEAT,0.113739,20000,2026-08-06T12:39:11
KEEL,0.002947,9700000,2026-08-06T12:39:11
KEEX,0.138979,8000,2026-08-06T12:39:11
KEGS,0.006586,6700000,2026-08-06T12:39:11
KEGX,0.346881,2000,2026-08-06T12:39:11
KELYA,0.0068379999999999995,1500000,2026-08-06T12:39:11
KELYB,0.10156000000000001,10000,2026-08-06T12:39:11
KEMQ,0.109192,100000,2026-08-06T12:39:11
KEMX,0.047652,65000,2026-08-06T12:39:11
KEN,0.011352,30000,2026-08-06T12:39:11
KENYF,0.028734000000000003,150000,2026-08-06T12:39:11
KEP,0.0032240000000000003,1600000,2026-08-06T12:39:11
KEPI,0.09344200000000001,15000,2026-08-06T12:39:11
KEQU,0.009241000000000001,200000,2026-08-06T12:39:11
KEWL,0.010901000000000001,3000,2026-08-06T12:39:11
KEX,0.0025,1100000,2026-08-06T12:39:11
KEY,0.0025,10000000,2026-08-06T12:39:11
KEY PRI,0.09464399999999999,200000,2026-08-06T12:39:11
KEY PRJ,0.07835,2000,2026-08-06T12:39:11
KEY PRK,0.065896,100,2026-08-06T12:39:11
KEY PRL,0.078557,6000,2026-08-06T12:39:11
KEYG,0.09884499999999999,35000,2026-08-06T12:39:11
KEYS,0.0025,2500000,2026-08-06T12:39:11
KEYY,0.028492000000000003,1300000,2026-08-06T12:39:11
KEYYU,0.021726000000000002,600,2026-08-06T12:39:11
KF,0.006111,100000,2026-08-06T12:39:11
KFEB,0.067254,4000,2026-08-06T12:39:11
KFFB,0.011172,35000,2026-08-06T12:39:11
KFII,0.299117,2200000,2026-08-06T12:39:11
KFIIU,0.012199999999999999,100,2026-08-06T12:39:11
KFRC,0.003235,350000,2026-08-06T12:39:11
KFY,0.004135,750000,2026-08-06T12:39:11
KG,0.010431999999999999,90000,2026-08-06T12:39:11
KGC,0.002751,10000000,2026-08-06T12:39:11
KGEI,0.004135,1300000,2026-08-06T12:39:11
KGET,0.0025,10000000,2026-08-06T12:39:11
KGFHY,0.051212,750000,2026-08-06T12:39:11
KGHI,0.0025,10000,2026-08-06T12:39:11
KGJI,0.020874999999999998,500000,2026-08-06T12:39:11
KGLD,0.037039,150000,2026-08-06T12:39:11
KGLDF,0.012190000000000001,50000,2026-08-06T12:39:11
KGNX,0.0025,2000000,2026-08-06T12:39:11
KGRI,0.0025,10000000,2026-08-06T12:39:11
KGRN,0.013607000000000001,200000,2026-08-06T12:39:11
KGS,0.00293,1400000,2026-08-06T12:39:11
KGSPY,0.10759,10000,2026-08-06T12:39:11
KGSSF,0.061729000000000006,650000,2026-08-06T12:39:11
KGTO,0.0025,100000,2026-08-06T12:39:11
KHC,0.002795,7100000,2026-08-06T12:39:11
KHNGY,0.020373000000000002,25000,2026-08-06T12:39:11
KHOLY,0.08730600000000001,30000,2026-08-06T12:39:11
KHPI,0.098041,80000,2026-08-06T12:39:11
KHRNF,0.0025,1800000,2026-08-06T12:39:11
KHYB,0.056896,50000,2026-08-06T12:39:11
KIDS,0.005489000000000001,650000,2026-08-06T12:39:11
KIDZ,2.309783,550000,2026-08-06T12:39:11
KIE,0.032816,1000000,2026-08-06T12:39:11
KIGRY,0.116445,5000,2026-08-06T12:39:11
KIM,0.004134,8200000,2026-08-06T12:39:11
KIM PRL,0.013531999999999999,40000,2026-08-06T12:39:11
KIM PRM,0.036240999999999995,40000,2026-08-06T12:39:11
KIM PRN,0.014597,65000,2026-08-06T12:39:11
KINS,0.004128,200000,2026-08-06T12:39:11
KIO,0.0033,300000,2026-08-06T12:39:11
KIQQ,0.097501,4000,2026-08-06T12:39:11
KIQSF,0.05335,300000,2026-08-06T12:39:11
KIROY,0.055708,100000,2026-08-06T12:39:11
KISB,0.044987000000000006,2000,2026-08-06T12:39:11
KITL,0.230534,6600000,2026-08-06T12:39:11
KITT,0.229665,65000,2026-08-06T12:39:11
KIWB,0.0025,100000,2026-08-06T12:39:11
KJAN,0.026327,150000,2026-08-06T12:39:11
KJD,0.03449,7000,2026-08-06T12:39:11
KJFI,0.0025,3000,2026-08-06T12:39:11
KJUL,0.042612,30000,2026-08-06T12:39:11
KJUN,0.17301,90000,2026-08-06T12:39:11
KKOYY,0.086316,200000,2026-08-06T12:39:11
KKPNY,0.042544000000000005,650000,2026-08-06T12:39:11
KKR,0.0041670000000000006,5700000,2026-08-06T12:39:11
KKR PRD,0.025351,250000,2026-08-06T12:39:11
KKRS,0.032395,100000,2026-08-06T12:39:11
KKRT,0.08351900000000001,150000,2026-08-06T12:39:11
KKUR,0.0025,10000000,2026-08-06T12:39:11
KLAC,0.0029,7500000,2026-08-06T12:39:11
KLAG,0.020855000000000002,45000,2026-08-06T12:39:11
KLAR,0.006192,4300000,2026-08-06T12:39:11
KLBAY,0.013758,15000,2026-08-06T12:39:11
KLC,0.005758,550000,2026-08-06T12:39:11
KLDCF,0.014240999999999998,400000,2026-08-06T12:39:11
KLDI,0.0025,400000,2026-08-06T12:39:11
KLDO,0.019052,100000,2026-08-06T12:39:11
KLDO.OLD1,0.0025,1300000,2026-08-06T12:39:11
KLGDF,0.038165,75000,2026-08-06T12:39:11
KLIC,0.00502,1100000,2026-08-06T12:39:11
KLIP,0.023521999999999998,250000,2026-08-06T12:39:11
KLKLF,0.011729,6000,2026-08-06T12:39:11
KLMN,0.046759,3000,2026-08-06T12:39:11
KLMT,0.06886,45000,2026-08-06T12:39:11
KLNG,0.21754400000000002,550000,2026-08-06T12:39:11
KLRA,0.006959,1100000,2026-08-06T12:39:11
KLRS,0.010073,450000,2026-08-06T12:39:11
KLSC,0.0025,20000,2026-08-06T12:39:11
KLTR,0.002782,900000,2026-08-06T12:39:11
KLXE,0.004613,1500000,2026-08-06T12:39:11
KLYCY,0.143399,3000,2026-08-06T12:39:11
KLYG,0.0025,200000,2026-08-06T12:39:11
KMAR,0.109679,10000,2026-08-06T12:39:11
KMAY,0.197632,4000,2026-08-06T12:39:11
KMB,0.004081,950000,2026-08-06T12:39:11
KMCA,0.026051,100000,2026-08-06T12:39:11
KMDA,0.026034,650000,2026-08-06T12:39:11
KMEM,0.09819800000000001,150000,2026-08-06T12:39:11
KMFG,0.133239,250000,2026-08-06T12:39:11
KMFI,0.0025,400,2026-08-06T12:39:11
KMI,0.0025,10000000,2026-08-06T12:39:11
KMID,0.024432,1000,2026-08-06T12:39:11
KMLI,0.023079000000000002,55000,2026-08-06T12:39:11
KMLM,0.008479,1900000,2026-08-06T12:39:11
KMPB,0.104267,200000,2026-08-06T12:39:11
KMPR,0.005249,2100000,2026-08-06T12:39:11
KMRK,0.442363,150000,2026-08-06T12:39:11
KMT,0.003731,1400000,2026-08-06T12:39:11
KMTS,0.0044729999999999995,35000,2026-08-06T12:39:11
KMTUY,0.03738,300000,2026-08-06T12:39:11
KMVI,0.0025,1000,2026-08-06T12:39:11
KMX,0.003917,4900000,2026-08-06T12:39:11
KN,0.003961,1900000,2026-08-06T12:39:11
KNBA,0.0025,4000,2026-08-06T12:39:11
KNBIF,0.0033239999999999997,150000,2026-08-06T12:39:11
KNBWY,0.005508,80000,2026-08-06T12:39:11
KNCAY,0.0025,500,2026-08-06T12:39:11
KNCRY,0.0025,8000,2026-08-06T12:39:11
KNCT,0.009143,10000,2026-08-06T12:39:11
KNDI,0.013822000000000001,2700000,2026-08-06T12:39:11
KNECQ,0.0025,150000,2026-08-06T12:39:11
KNF,0.003346,400000,2026-08-06T12:39:11
KNG,0.036901,40000,2026-08-06T12:39:11
KNGRF,0.043574,100000,2026-08-06T12:39:11
KNGZ,0.068795,20000,2026-08-06T12:39:11
KNO,0.170505,25000,2026-08-06T12:39:11
KNOP,0.003458,3300000,2026-08-06T12:39:11
KNOS,0.133109,2600000,2026-08-06T12:39:11
KNOV,0.10764900000000001,15000,2026-08-06T12:39:11
KNRG,0.074949,10000,2026-08-06T12:39:11
KNRLF,0.7859860000000001,75000,2026-08-06T12:39:11
KNRRY,0.040464,30000,2026-08-06T12:39:11
KNRX,0.33582700000000004,400000,2026-08-06T12:39:11
KNSA,0.004081,500000,2026-08-06T12:39:11
KNSL,0.0025,200000,2026-08-06T12:39:11
KNTK,0.004135,2100000,2026-08-06T12:39:11
KNX,0.0025,2000000,2026-08-06T12:39:11
KNYJY,0.046299,200000,2026-08-06T12:39:11
KO,0.002645,10000000,2026-08-06T12:39:11
KOAN,0.0025,3700000,2026-08-06T12:39:11
KOCT,0.507595,65000,2026-08-06T12:39:11
KOD,0.00413,700000,2026-08-06T12:39:11
KODK,0.0035930000000000003,1300000,2026-08-06T12:39:11
KOF,0.00419,200000,2026-08-06T12:39:11
KOID,0.020222000000000004,300000,2026-08-06T12:39:11
KOKU,0.043376,2000,2026-08-06T12:39:11
KOLD,0.079448,1100000,2026-08-06T12:39:11
KOMOF,0.0025,55000,2026-08-06T12:39:11
KOMP,0.032129,100000,2026-08-06T12:39:11
KONA.OLD,0.179941,350000,2026-08-06T12:39:11
KONEF,0.0025,800000,2026-08-06T12:39:11
KONMY,0.043376,7000,2026-08-06T12:39:11
KOOL,0.098178,8000,2026-08-06T12:39:11
KOOYF,0.035814,200000,2026-08-06T12:39:11
KOP,0.00446,350000,2026-08-06T12:39:11
KOPN,0.004135,1400000,2026-08-06T12:39:11
KOREF,0.002782,75000,2026-08-06T12:39:11
KORP,0.234974,20000,2026-08-06T12:39:11
KORU,0.110237,5600000,2026-08-06T12:39:11
KOS,0.004081,10000000,2026-08-06T12:39:11
KOSK,0.003237,2300000,2026-08-06T12:39:11
KOSS,0.004169,350000,2026-08-06T12:39:11
KOTMY,0.0025,900,2026-08-06T12:39:11
KOVR,0.0025,10000,2026-08-06T12:39:11
KOYN,0.43093200000000004,1300000,2026-08-06T12:39:11
KOYNU,0.741589,90000,2026-08-06T12:39:11
KOZAY,0.0025,1000,2026-08-06T12:39:11
KPAY,0.0025,10000000,2026-08-06T12:39:11
KPCPY,0.006943,150000,2026-08-06T12:39:11
KPDD,0.04194200000000001,900000,2026-08-06T12:39:11
KPEA,0.0025,25000,2026-08-06T12:39:11
KPELY,0.126436,15000,2026-08-06T12:39:11
KPET,1.218565,2000000,2026-08-06T12:39:11
KPET U,0.021726000000000002,650000,2026-08-06T12:39:11
KPHO,0.104267,7000,2026-08-06T12:39:11
KPLT,0.040103,200000,2026-08-06T12:39:11
KPLUY,0.003761,5000,2026-08-06T12:39:11
KPOC,0.0025,3000,2026-08-06T12:39:11
KPRO,0.0025,400,2026-08-06T12:39:11
KPRX,0.043429999999999996,650000,2026-08-06T12:39:11
KPTI,0.24738600000000002,200000,2026-08-06T12:39:11
KQIPQ,0.0025,40000,2026-08-06T12:39:11
KQQQ,0.038447,100000,2026-08-06T12:39:11
KR,0.002782,5100000,2026-08-06T12:39:11
KRAQ,0.09256,1500000,2026-08-06T12:39:11
KRAQU,0.012199999999999999,550000,2026-08-06T12:39:11
KRBN,0.029136000000000002,65000,2026-08-06T12:39:11
KRBPQ,0.927633,30000,2026-08-06T12:39:11
KRC,0.00419,3600000,2026-08-06T12:39:11
KRE,0.014456,1500000,2026-08-06T12:39:11
KRED,0.0025,1000000,2026-08-06T12:39:11
KREF,0.004921,950000,2026-08-06T12:39:11
KREF PRA,0.095742,150000,2026-08-06T12:39:11
KRFG,0.0025,300000,2026-08-06T12:39:11
KRG,0.0025,3200000,2026-08-06T12:39:11
KRHV,0.0025,2400000,2026-08-06T12:39:11
KRKNF,0.00509,3200000,2026-08-06T12:39:11
KRKR,0.09821300000000001,150000,2026-08-06T12:39:11
KRMC,0.0025,10000000,2026-08-06T12:39:11
KRMD,0.004648,5400000,2026-08-06T12:39:11
KRMN,0.004138,350000,2026-08-06T12:39:11
KRNGY,0.0025,300,2026-08-06T12:39:11
KRNT,0.004087,1000000,2026-08-06T12:39:11
KRNY,0.009845,1100000,2026-08-06T12:39:11
KRO,0.003909,600000,2026-08-06T12:39:11
KROP,0.056799,45000,2026-08-06T12:39:11
KROS,0.006896,600000,2026-08-06T12:39:11
KRP,0.004479,1100000,2026-08-06T12:39:11
KRRO,0.007584,500000,2026-08-06T12:39:11
KRSGLD,0.029319,50000,2026-08-06T12:39:11
KRSP,0.037152,650000,2026-08-06T12:39:11
KRSP U,0.013607000000000001,100000,2026-08-06T12:39:11
KRT,0.003144,300000,2026-08-06T12:39:11
KRTL,0.0025,100000,2026-08-06T12:39:11
KRUS,0.004135,100000,2026-08-06T12:39:11
KRWX,0.234176,6000,2026-08-06T12:39:11
KRY.OLD,0.0075,2000,2026-08-06T12:39:11
KRYAY,0.10141,10000,2026-08-06T12:39:11
KRYP,0.106792,5000,2026-08-06T12:39:11
KRYPY,0.094903,600,2026-08-06T12:39:11
KRYS,0.002782,200000,2026-08-06T12:39:11
KRYXF,0.08615,90000,2026-08-06T12:39:11
KSA,0.019814000000000002,300000,2026-08-06T12:39:11
KSBI,0.010462,10000,2026-08-06T12:39:11
KSCP,0.08769,600000,2026-08-06T12:39:11
KSEP,0.0025,7000,2026-08-06T12:39:11
KSEZ,0.0025,85000,2026-08-06T12:39:11
KSHTY,0.05582499999999999,15000,2026-08-06T12:39:11
KSIH,0.0025,30000,2026-08-06T12:39:11
KSIOF,0.029638,350000,2026-08-06T12:39:11
KSLV,0.032379,150000,2026-08-06T12:39:11
KSPI,0.002634,3100000,2026-08-06T12:39:11
KSPY,0.03883,70000,2026-08-06T12:39:11
KSQR.OLD,0.0025,200,2026-08-06T12:39:11
KSRYY,0.0025,1000,2026-08-06T12:39:11
KSS,0.0033090000000000003,1900000,2026-08-06T12:39:11
KSTR,0.023024,85000,2026-08-06T12:39:11
KT,0.005596,4600000,2026-08-06T12:39:11
KTB,0.004135,300000,2026-08-06T12:39:11
KTBA,0.0025,3000,2026-08-06T12:39:11
KTCC,0.017145999999999998,650000,2026-08-06T12:39:11
KTEC,0.029853,85000,2026-08-06T12:39:11
KTEL,0.0025,1200000,2026-08-06T12:39:11
KTF,0.012896000000000001,15000,2026-08-06T12:39:11
KTH,0.11706,1000,2026-08-06T12:39:11
KTHN,0.022824,1000,2026-08-06T12:39:11
KTN,0.033572000000000005,9000,2026-08-06T12:39:11
KTOS,0.0025,2000000,2026-08-06T12:39:11
KTRIF,0.21442599999999998,2000,2026-08-06T12:39:11
KTTA,0.078621,1200000,2026-08-06T12:39:11
KTUP,0.39686,250000,2026-08-06T12:39:11
KTWIY,0.40871999999999997,1000,2026-08-06T12:39:11
KTWO,0.311295,150000,2026-08-06T12:39:11
KTYCF,0.013670999999999999,15000,2026-08-06T12:39:11
KUBR,0.003215,3000,2026-08-06T12:39:11
KUBTY,0.030618,35000,2026-08-06T12:39:11
KUKEY,0.028815,1300000,2026-08-06T12:39:11
KULR,0.12695399999999998,400000,2026-08-06T12:39:11
KURA,0.004135,3100000,2026-08-06T12:39:11
KURE,0.058611,150000,2026-08-06T12:39:11
KURRY,0.0025,300,2026-08-06T12:39:11
KUST,5.4275,50000,2026-08-06T12:39:11
KUYAF,0.037759999999999995,4100000,2026-08-06T12:39:11
KVACF,0.23165,25000,2026-08-06T12:39:11
KVHI,0.005143,500000,2026-08-06T12:39:11
KVLE,0.14892,10000,2026-08-06T12:39:11
KVLQF,0.081926,300000,2026-08-06T12:39:11
KVMD,0.0025,10000,2026-08-06T12:39:11
KVUE,0.0025,10000000,2026-08-06T12:39:11
KVYO,0.002661,450000,2026-08-06T12:39:11
KWEB,0.005881,9700000,2026-08-06T12:39:11
KWGI,0.0025,30000,2026-08-06T12:39:11
KWHIY,0.018047,600000,2026-08-06T12:39:11
KWIK,0.002782,700,2026-08-06T12:39:11
KWIN,0.040743,15000,2026-08-06T12:39:11
KWKAQ,0.0066,1600000,2026-08-06T12:39:11
KWM,3.324465,5000,2026-08-06T12:39:11
KWR,0.0025,100000,2026-08-06T12:39:11
KWT,0.16718699999999997,100000,2026-08-06T12:39:11
KWY,0.0045379999999999995,2200000,2026-08-06T12:39:11
KXI,0.046081000000000004,350000,2026-08-06T12:39:11
KXIAY,0.040583999999999995,1900000,2026-08-06T12:39:11
KXIN,1.023039,95000,2026-08-06T12:39:11
KYC,0.09749000000000001,3000,2026-08-06T12:39:11
KYIV,0.010631,1000000,2026-08-06T12:39:11
KYLD,0.048212000000000005,20000,2026-08-06T12:39:11
KYMR,0.004083,500000,2026-08-06T12:39:11
KYN,0.004612,1700000,2026-08-06T12:39:11
KYNB,0.004178,750000,2026-08-06T12:39:11
KYNC,0.0025,10000000,2026-08-06T12:39:11
KYOAY,0.006842,200000,2026-08-06T12:39:11
KYTX,0.0042699999999999995,1900000,2026-08-06T12:39:11
KZIA,0.036448999999999995,2000000,2026-08-06T12:39:11
L,0.0025,1900000,2026-08-06T12:39:11
L9E,0.004,50000,2026-08-06T12:39:11
LAB,0.012765,10000000,2026-08-06T12:39:11
LABD,0.23757999999999999,300000,2026-08-06T12:39:11
LABU,0.12393499999999999,250000,2026-08-06T12:39:11
LABX,0.042754,100000,2026-08-06T12:39:11
LABZF,0.063353,20000,2026-08-06T12:39:11
LAC,0.004135,8500000,2026-08-06T12:39:11
LAD,0.004135,150000,2026-08-06T12:39:11
LADR,0.002858,2200000,2026-08-06T12:39:11
LADX,0.0025,5000,2026-08-06T12:39:11
LAES,0.23689900000000003,1500000,2026-08-06T12:39:11
LAFA,0.012199999999999999,150000,2026-08-06T12:39:11
LAFAU,0.012199999999999999,300,2026-08-06T12:39:11
LAHO,0.0025,10000000,2026-08-06T12:39:11
LAKE,0.029046,150000,2026-08-06T12:39:11
LALT,0.148845,200000,2026-08-06T12:39:11
LAMR,0.0025,1000000,2026-08-06T12:39:11
LAND,0.009433,450000,2026-08-06T12:39:11
LANDO,0.281508,100000,2026-08-06T12:39:11
LANDP,0.9337439999999999,100000,2026-08-06T12:39:11
LANRF,0.00383,100000,2026-08-06T12:39:11
LANV,0.166422,250000,2026-08-06T12:39:11
LANZ,0.0025,100000,2026-08-06T12:39:11
LAPR,0.08847899999999999,35000,2026-08-06T12:39:11
LAR,0.015644,10000000,2026-08-06T12:39:11
LARIF,0.0025,1000,2026-08-06T12:39:11
LARK,0.004608999999999999,70000,2026-08-06T12:39:11
LASE,0.082921,650000,2026-08-06T12:39:11
LASLY,0.0025,350000,2026-08-06T12:39:11
LASR,0.00411,1400000,2026-08-06T12:39:11
LATA,0.012199999999999999,300000,2026-08-06T12:39:11
LATAU,0.021726000000000002,3000,2026-08-06T12:39:11
LATF,0.0025,7700000,2026-08-06T12:39:11
LATIQ,0.0025,200000,2026-08-06T12:39:11
LATR,0.013332,5000,2026-08-06T12:39:11
LATX,0.0025,700000,2026-08-06T12:39:11
LAUR,0.004087,1700000,2026-08-06T12:39:11
LAW,0.004896,2400000,2026-08-06T12:39:11
LAWR,0.979654,450000,2026-08-06T12:39:11
LAZ,0.004298,450000,2026-08-06T12:39:11
LAZR,0.064861,45000,2026-08-06T12:39:11
LB,0.013186,100000,2026-08-06T12:39:11
LBAS,0.0025,1200000,2026-08-06T12:39:11
LBAY,0.203045,20000,2026-08-06T12:39:11
LBCC,0.8526940000000001,700000,2026-08-06T12:39:11
LBCMF,0.050147000000000004,900000,2026-08-06T12:39:11
LBGF,0.0025,35000,2026-08-06T12:39:11
LBGJ,0.6633490000000001,20000,2026-08-06T12:39:11
LBGO,0.0025,50000,2026-08-06T12:39:11
LBLCF,0.005540000000000001,4700000,2026-08-06T12:39:11
LBLTF,0.0025,3000,2026-08-06T12:39:11
LBNKF,0.049076,100000,2026-08-06T12:39:11
LBNW,0.0025,2000,2026-08-06T12:39:11
LBRA,0.133239,350000,2026-08-06T12:39:11
LBRDA,0.003222,1500000,2026-08-06T12:39:11
LBRDB,0.0025,4000,2026-08-06T12:39:11
LBRDK,0.004081,4200000,2026-08-06T12:39:11
LBRDP,0.145762,90000,2026-08-06T12:39:11
LBRG,0.012607,1400000,2026-08-06T12:39:11
LBRT,0.002755,3400000,2026-08-06T12:39:11
LBRX,0.00451,100000,2026-08-06T12:39:11
LBSR,0.065281,6800000,2026-08-06T12:39:11
LBTD,0.0025,80000,2026-08-06T12:39:11
LBTG,0.0025,3900000,2026-08-06T12:39:11
LBTI,0.0025,30000,2026-08-06T12:39:11
LBTYA,0.0039310000000000005,9100000,2026-08-06T12:39:11
LBTYB,0.143202,8000,2026-08-06T12:39:11
LBTYK,0.003948999999999999,6500000,2026-08-06T12:39:11
LBWR,0.0025,30000,2026-08-06T12:39:11
LBYE,0.0025,150000,2026-08-06T12:39:11
LCAP,0.27767600000000003,10000,2026-08-06T12:39:11
LCAR,0.0025,300000,2026-08-06T12:39:11
LCCC,0.311295,100,2026-08-06T12:39:11
LCCCU,0.012199999999999999,100,2026-08-06T12:39:11
LCDX,0.009834,40000,2026-08-06T12:39:11
LCFY,0.127119,80000,2026-08-06T12:39:11
LCGMF,0.0163,4200000,2026-08-06T12:39:11
LCHD,0.0025,1100000,2026-08-06T12:39:11
LCHL,0.0025,400000,2026-08-06T12:39:11
LCID,0.389075,1000000,2026-08-06T12:39:11
LCII,0.0025,500000,2026-08-06T12:39:11
LCLG,0.37841,4000,2026-08-06T12:39:11
LCLN,0.0037019999999999996,350000,2026-08-06T12:39:11
LCLP,0.0025,10000000,2026-08-06T12:39:11
LCNB,0.004081,100000,2026-08-06T12:39:11
LCO,0.10156000000000001,1900000,2026-08-06T12:39:11
LCOW,0.078557,30000,2026-08-06T12:39:11
LCR,0.242312,3000,2026-08-06T12:39:11
LCRE,0.002999,300,2026-08-06T12:39:11
LCTC,0.00821,40000,2026-08-06T12:39:11
LCTD,0.077204,100000,2026-08-06T12:39:11
LCTU,0.034023,300000,2026-08-06T12:39:11
LCTX,0.00603,8900000,2026-08-06T12:39:11
LCUT,0.006278000000000001,500000,2026-08-06T12:39:11
LDDD,0.0025,2000,2026-08-06T12:39:11
LDDR,0.097501,1000,2026-08-06T12:39:11
LDEM,0.096505,10000,2026-08-06T12:39:11
LDHL,0.0025,6000,2026-08-06T12:39:11
LDI,0.00738,1200000,2026-08-06T12:39:11
LDOS,0.002782,1100000,2026-08-06T12:39:11
LDP,0.002782,60000,2026-08-06T12:39:11
LDRC,0.635621,20000,2026-08-06T12:39:11
LDRH,1.870095,20000,2026-08-06T12:39:11
LDRI,0.199349,3000,2026-08-06T12:39:11
LDRX,0.150865,100000,2026-08-06T12:39:11
LDSCY,0.5697420000000001,500000,2026-08-06T12:39:11
LDSF,0.600864,75000,2026-08-06T12:39:11
LDSN,0.0025,2000,2026-08-06T12:39:11
LDTCF,0.8693919999999999,650000,2026-08-06T12:39:11
LDUR,0.046106,70000,2026-08-06T12:39:11
LE,0.007164,1100000,2026-08-06T12:39:11
LEA,0.002513,900000,2026-08-06T12:39:11
LEAI,0.0025,400000,2026-08-06T12:39:11
LEAT,0.006586,600000,2026-08-06T12:39:11
LEBGF,0.005939,700,2026-08-06T12:39:11
LECO,0.002782,700000,2026-08-06T12:39:11
LECRF,0.057563,150000,2026-08-06T12:39:11
LEDS,0.268109,250000,2026-08-06T12:39:11
LEE,0.032494999999999996,15000,2026-08-06T12:39:11
LEEEF,0.005072,4800000,2026-08-06T12:39:11
LEEN,0.0025,15000,2026-08-06T12:39:11
LEFUF,0.004135,5000,2026-08-06T12:39:11
LEG,0.004091,900000,2026-08-06T12:39:11
LEGH,0.004144,100000,2026-08-06T12:39:11
LEGN,0.004135,1300000,2026-08-06T12:39:11
LEGO,0.119368,450000,2026-08-06T12:39:11
LEGO U,0.012199999999999999,100,2026-08-06T12:39:11
LEGR,0.186131,25000,2026-08-06T12:39:11
LEHKQ,0.0025,150000,2026-08-06T12:39:11
LEHLQ,0.0025,200000,2026-08-06T12:39:11
LEHNQ,0.0025,55000,2026-08-06T12:39:11
LEIC,0.0025,2000,2026-08-06T12:39:11
LEJUY,0.715609,100000,2026-08-06T12:39:11
LEMB,0.0064470000000000005,450000,2026-08-06T12:39:11
LEMIF,0.057606000000000004,1000000,2026-08-06T12:39:11
LEN,0.0026,1400000,2026-08-06T12:39:11
LEN B,0.018691,90000,2026-08-06T12:39:11
LEND,0.042839,15000,2026-08-06T12:39:11
LENS,0.020703999999999997,1000,2026-08-06T12:39:11
LENZ,0.00803,400000,2026-08-06T12:39:11
LEO,0.011682999999999999,550000,2026-08-06T12:39:11
LEOM,0.0025,450000,2026-08-06T12:39:11
LESL,0.039007,800000,2026-08-06T12:39:11
LEU,0.005472,150000,2026-08-06T12:39:11
LEUX,0.232152,20000,2026-08-06T12:39:11
LEVI,0.004081,1400000,2026-08-06T12:39:11
LEXG,0.0025,100000,2026-08-06T12:39:11
LEXI,0.009981,1000,2026-08-06T12:39:11
LEXTF,0.0025,1400000,2026-08-06T12:39:11
LEXX,0.025886999999999997,90000,2026-08-06T12:39:11
LFAC,0.012199999999999999,400000,2026-08-06T12:39:11
LFACU,0.012199999999999999,300000,2026-08-06T12:39:11
LFAP,0.0025,10000000,2026-08-06T12:39:11
LFCBY,0.023079000000000002,20000,2026-08-06T12:39:11
LFCR,0.004613,2900000,2026-08-06T12:39:11
LFEQ,0.008195000000000001,3000,2026-08-06T12:39:11
LFER,0.0025,200000,2026-08-06T12:39:11
LFEV,0.0025,3000,2026-08-06T12:39:11
LFEX,0.0025,6000,2026-08-06T12:39:11
LFGP,0.09426899999999999,25000,2026-08-06T12:39:11
LFGY,0.586656,100000,2026-08-06T12:39:11
LFHE,0.0025,45000,2026-08-06T12:39:11
LFIN,0.293448,100000,2026-08-06T12:39:11
LFLRF,0.040685,200000,2026-08-06T12:39:11
LFLS,0.0025,25000,2026-08-06T12:39:11
LFMD,0.007591,700000,2026-08-06T12:39:11
LFMDP,0.150277,450000,2026-08-06T12:39:11
LFPI,0.0025,35000,2026-08-06T12:39:11
LFSC,0.012512,8000,2026-08-06T12:39:11
LFST,0.0030359999999999996,2000000,2026-08-06T12:39:11
LFSWF,0.0025,150000,2026-08-06T12:39:11
LFT,0.029886,1800000,2026-08-06T12:39:11
LFT PRA,0.165157,20000,2026-08-06T12:39:11
LFTO,0.051559,1000000,2026-08-06T12:39:11
LFUS,0.002782,650000,2026-08-06T12:39:11
LFVN,0.27989200000000003,200000,2026-08-06T12:39:11
LFWD,0.08141899999999999,40000,2026-08-06T12:39:11
LFXG,0.0025,70000,2026-08-06T12:39:11
LGBI,0.0025,1200000,2026-08-06T12:39:11
LGBS,0.0025,10000000,2026-08-06T12:39:11
LGCF,0.189514,1000,2026-08-06T12:39:11
LGCFF,0.011385000000000001,500000,2026-08-06T12:39:11
LGCL,7.504597,9000,2026-08-06T12:39:11
LGCP,0.0025,2000,2026-08-06T12:39:11
LGCXF,0.003115,4100000,2026-08-06T12:39:11
LGCY,0.004135,450000,2026-08-06T12:39:11
LGDS,0.14892,35000,2026-08-06T12:39:11
LGDTF,0.040685,2700000,2026-08-06T12:39:11
LGFRY,0.131222,55000,2026-08-06T12:39:11
LGFTY,0.015408999999999999,15000,2026-08-06T12:39:11
LGGNY,0.079369,200000,2026-08-06T12:39:11
LGH,0.018052,100000,2026-08-06T12:39:11
LGHL,7.7670960000000004,100000,2026-08-06T12:39:11
LGHS,0.0025,50000,2026-08-06T12:39:11
LGHT,0.008195000000000001,35000,2026-08-06T12:39:11
LGI,0.005556,40000,2026-08-06T12:39:11
LGIH,0.004079999999999999,1200000,2026-08-06T12:39:11
LGIQ,0.0025,500000,2026-08-06T12:39:11
LGIQ.CNT,0.0025,6000,2026-08-06T12:39:11
LGL,0.018512,350000,2026-08-06T12:39:11
LGLOF,0.05361,800000,2026-08-06T12:39:11
LGLV,0.034918,100000,2026-08-06T12:39:11
LGMK,0.154107,25000,2026-08-06T12:39:11
LGN,0.0033789999999999996,700000,2026-08-06T12:39:11
LGNC,0.0025,200,2026-08-06T12:39:11
LGND,0.003922,80000,2026-08-06T12:39:11
LGO,0.075255,3600000,2026-08-06T12:39:11
LGOV,0.104267,500000,2026-08-06T12:39:11
LGPS,1.4880699999999998,600000,2026-08-06T12:39:11
LGRDY,0.06844299999999999,200000,2026-08-06T12:39:11
LGSXD,0.11782500000000001,1000,2026-08-06T12:39:11
LGVN,0.122864,300000,2026-08-06T12:39:11
LGYV,0.0025,700,2026-08-06T12:39:11
LH,0.002782,700000,2026-08-06T12:39:11
LHAI,2.252059,1000,2026-08-06T12:39:11
LHGI,0.0025,650000,2026-08-06T12:39:11
LHHMQ,0.0025,100000,2026-08-06T12:39:11
LHRP,0.0025,100000,2026-08-06T12:39:11
LHSW,6.514474,20000,2026-08-06T12:39:11
LHT,0.0075,10000,2026-08-06T12:39:11
LHX,0.004298,2100000,2026-08-06T12:39:11
LI,0.009566999999999999,1400000,2026-08-06T12:39:11
LIANY,0.002782,400000,2026-08-06T12:39:11
LICH,0.0025,6000,2026-08-06T12:39:11
LICN,2.766196,90000,2026-08-06T12:39:11
LICT,0.135389,100,2026-08-06T12:39:11
LICYQ,0.023601,800000,2026-08-06T12:39:11
LIDR,0.006661,1000000,2026-08-06T12:39:11
LIEN,0.074951,1200000,2026-08-06T12:39:11
LIF,0.007446,40000,2026-08-06T12:39:11
LIFD,0.0025,40000,2026-08-06T12:39:11
LIFE,0.033398,2000000,2026-08-06T12:39:11
LIFFF,0.985707,1000,2026-08-06T12:39:11
LIFS,0.0025,9000,2026-08-06T12:39:11
LIFT,0.012667999999999999,1000,2026-08-06T12:39:11
LIFZF,0.005368,45000,2026-08-06T12:39:11
LIGA,0.004298,1400000,2026-08-06T12:39:11
LII,0.00271,150000,2026-08-06T12:39:11
LILA,0.008779,750000,2026-08-06T12:39:11
LILAK,0.040670000000000005,2000000,2026-08-06T12:39:11
LILAP,0.012903,300000,2026-08-06T12:39:11
LILIF,0.033549999999999996,100000,2026-08-06T12:39:11
LILMF,0.026223999999999997,10000000,2026-08-06T12:39:11
LIMAF,0.006876999999999999,80000,2026-08-06T12:39:11
LIME,0.120654,200000,2026-08-06T12:39:11
LIMI,0.116445,800,2026-08-06T12:39:11
LIMN,0.17585,10000,2026-08-06T12:39:11
LIMX,0.0025,10000,2026-08-06T12:39:11
LIN,0.004081,2100000,2026-08-06T12:39:11
LINC,0.0028179999999999998,1200000,2026-08-06T12:39:11
LIND,0.0041210000000000005,1500000,2026-08-06T12:39:11
LINE,0.0025,1600000,2026-08-06T12:39:11
LINK,0.021876000000000003,95000,2026-08-06T12:39:11
LINMD,0.023906,100000,2026-08-06T12:39:11
LINS,0.0025,1000,2026-08-06T12:39:11
LINSA,0.0025,1000,2026-08-06T12:39:11
LINT,0.09327999999999999,90000,2026-08-06T12:39:11
LINUF,0.003215,250000,2026-08-06T12:39:11
LION,0.004126,4400000,2026-08-06T12:39:11
LIPO,0.433632,400000,2026-08-06T12:39:11
LIQDQ,0.0025,1100000,2026-08-06T12:39:11
LIQRQ,0.0025,500000,2026-08-06T12:39:11
LIQT,0.07288,1200000,2026-08-06T12:39:11
LIT,0.010129999999999998,250000,2026-08-06T12:39:11
LITB,0.043376,600000,2026-08-06T12:39:11
LITC,0.097501,600,2026-08-06T12:39:11
LITE,0.002782,1600000,2026-08-06T12:39:11
LITH,0.0025,2000,2026-08-06T12:39:11
LITOF,0.177015,550000,2026-08-06T12:39:11
LITP,0.006629,100000,2026-08-06T12:39:11
LITS,0.097552,4800000,2026-08-06T12:39:11
LITSF,0.0025,25000,2026-08-06T12:39:11
LITU,0.11701299999999999,25000,2026-08-06T12:39:11
LITX,0.047331000000000005,950000,2026-08-06T12:39:11
LITZ,0.7291589999999999,40000,2026-08-06T12:39:11
LIVC.OLD,0.0025,200000,2026-08-06T12:39:11
LIVE,0.17729199999999998,20000,2026-08-06T12:39:11
LIVG,0.028237,200000,2026-08-06T12:39:11
LIVN,0.003876,850000,2026-08-06T12:39:11
LIVV,0.0025,250000,2026-08-06T12:39:11
LKAI,0.0025,55000,2026-08-06T12:39:11
LKCOF,0.078031,75000,2026-08-06T12:39:11
LKFN,0.0026579999999999998,350000,2026-08-06T12:39:11
LKFT,0.008053,2000000,2026-08-06T12:39:11
LKHLY,0.0025,100,2026-08-06T12:39:11
LKII,0.0025,55000,2026-08-06T12:39:11
LKNCY,0.002835,10000000,2026-08-06T12:39:11
LKOR,0.005489000000000001,15000,2026-08-06T12:39:11
LKQ,0.002833,2700000,2026-08-06T12:39:11
LKSP,0.311295,15000,2026-08-06T12:39:11
LKST,0.0025,1,2026-08-06T12:39:11
LLBO,0.0025,10000000,2026-08-06T12:39:11
LLDR,0.031198,600000,2026-08-06T12:39:11
LLEN,0.6006170000000001,100000,2026-08-06T12:39:11
LLESY,0.0025,6000,2026-08-06T12:39:11
LLFLQ.OLD,0.0042970000000000005,50000,2026-08-06T12:39:11
LLKKF,0.19017499999999998,10000000,2026-08-06T12:39:11
LLLI,0.0025,1800000,2026-08-06T12:39:11
LLY,0.0025,2400000,2026-08-06T12:39:11
LLYVA,0.002782,1400000,2026-08-06T12:39:11
LLYVB,0.0025,15000,2026-08-06T12:39:11
LLYVK,0.004135,950000,2026-08-06T12:39:11
LLYX,0.01184,35000,2026-08-06T12:39:11
LMAT,0.002947,250000,2026-08-06T12:39:11
LMB,0.0043690000000000005,300000,2026-08-06T12:39:11
LMBS,0.010981000000000001,500000,2026-08-06T12:39:11
LMEDD,0.10108800000000001,750000,2026-08-06T12:39:11
LMEFF,0.044808,150000,2026-08-06T12:39:11
LMGIF,0.0025800000000000003,25000,2026-08-06T12:39:11
LMLG,0.0025,250000,2026-08-06T12:39:11
LMLLF,0.0025,250000,2026-08-06T12:39:11
LMMY,0.0025,3000,2026-08-06T12:39:11
LMND,0.004114,2200000,2026-08-06T12:39:11
LMNK,0.0025,15000,2026-08-06T12:39:11
LMNR,0.00544,650000,2026-08-06T12:39:11
LMNX,0.21576399999999998,20000,2026-08-06T12:39:11
LMPMY,0.0025,6000,2026-08-06T12:39:11
LMPX,0.168961,1200000,2026-08-06T12:39:11
LMRI,0.005568,650000,2026-08-06T12:39:11
LMRMF,0.03021,40000,2026-08-06T12:39:11
LMRXF,0.042309,500000,2026-08-06T12:39:11
LMSC,0.0025,2000,2026-08-06T12:39:11
LMSQF,0.013856,300000,2026-08-06T12:39:11
LMT,0.0025,2000000,2026-08-06T12:39:11
LMTI,0.0025,1000,2026-08-06T12:39:11
LMTL,0.15270899999999998,65000,2026-08-06T12:39:11
LMUB,0.023485,250000,2026-08-06T12:39:11
LMWW,0.0025,100000,2026-08-06T12:39:11
LNAI,2.218194,10000,2026-08-06T12:39:11
LNBO,0.0025,150000,2026-08-06T12:39:11
LNBY,0.0025,100,2026-08-06T12:39:11
LNC,0.002566,2200000,2026-08-06T12:39:11
LNC PRD,0.031858,40000,2026-08-06T12:39:11
LND,0.084338,400000,2026-08-06T12:39:11
LNDT,0.0025,5000,2026-08-06T12:39:11
LNG,0.0025,3200000,2026-08-06T12:39:11
LNGNF,0.07965499999999999,200000,2026-08-06T12:39:11
LNGT,0.0025,9800000,2026-08-06T12:39:11
LNGX,0.037964000000000005,55000,2026-08-06T12:39:11
LNKS,0.203232,100000,2026-08-06T12:39:11
LNMG,0.0025,200000,2026-08-06T12:39:11
LNN,0.002553,95000,2026-08-06T12:39:11
LNNGY,0.019113,40000,2026-08-06T12:39:11
LNOK,0.138107,300000,2026-08-06T12:39:11
LNPR,0.0025,800,2026-08-06T12:39:11
LNRCF,0.006875,500000,2026-08-06T12:39:11
LNSR,0.006051999999999999,200000,2026-08-06T12:39:11
LNT,0.0025,350000,2026-08-06T12:39:11
LNTCY,0.0025,200,2026-08-06T12:39:11
LNTH,0.004135,600000,2026-08-06T12:39:11
LNVGY,0.006936,150000,2026-08-06T12:39:11
LNWO,0.030579000000000002,450000,2026-08-06T12:39:11
LNXGF,0.0025,1100000,2026-08-06T12:39:11
LNZA,0.102366,60000,2026-08-06T12:39:11
LOAN,0.041838,250000,2026-08-06T12:39:11
LOAR,0.004135,700000,2026-08-06T12:39:11
LOB,0.0025,550000,2026-08-06T12:39:11
LOB PRA,0.044536,30000,2026-08-06T12:39:11
LOBEF,0.009834,1200000,2026-08-06T12:39:11
LOBLY,0.0033239999999999997,3000,2026-08-06T12:39:11
LOBO,0.237944,900000,2026-08-06T12:39:11
LOCK.OLD1,0.0025,4000,2026-08-06T12:39:11
LOCL,0.26561599999999996,150000,2026-08-06T12:39:11
LOCN,0.0025,5000,2026-08-06T12:39:11
LOCO,0.005932,1200000,2026-08-06T12:39:11
LOCT,0.073145,600,2026-08-06T12:39:11
LODE,0.004113,5400000,2026-08-06T12:39:11
LODFF,0.023929999999999996,45000,2026-08-06T12:39:11
LODI,0.171296,1000,2026-08-06T12:39:11
LOFDF,0.048804,20000,2026-08-06T12:39:11
LOFF,0.592214,100000,2026-08-06T12:39:11
LOGC,0.005766,1300000,2026-08-06T12:39:11
LOGI,0.009122,300000,2026-08-06T12:39:11
LOGL,0.0025,1100000,2026-08-06T12:39:11
LOGN,0.311851,5000,2026-08-06T12:39:11
LOGO,0.148833,750000,2026-08-06T12:39:11
LOHA,0.067836,30000,2026-08-06T12:39:11
LOMA,0.017186999999999997,1900000,2026-08-06T12:39:11
LOMEF,0.037372999999999997,100000,2026-08-06T12:39:11
LONA,0.033137,75000,2026-08-06T12:39:11
LONZ,0.02536,30000,2026-08-06T12:39:11
LOOP,0.019249000000000002,85000,2026-08-06T12:39:11
LOPE,0.0025,250000,2026-08-06T12:39:11
LOPP,0.106973,100,2026-08-06T12:39:11
LOT,0.176679,1600000,2026-08-06T12:39:11
LOTE,0.0025,900000,2026-08-06T12:39:11
LOTI,0.06232,300,2026-08-06T12:39:11
LOTMY,0.042862,8000,2026-08-06T12:39:11
LOTT,0.0025,10000000,2026-08-06T12:39:11
LOUP,0.043376,30000,2026-08-06T12:39:11
LOUXF,0.0025,3000,2026-08-06T12:39:11
LOVE,0.008195000000000001,65000,2026-08-06T12:39:11
LOVFF,0.053517999999999996,400000,2026-08-06T12:39:11
LOVI,0.0025,10000,2026-08-06T12:39:11
LOW,0.004081,4000000,2026-08-06T12:39:11
LOWLF,0.0028079999999999997,250000,2026-08-06T12:39:11
LOWV,0.040670000000000005,3000,2026-08-06T12:39:11
LPA,0.052039999999999996,350000,2026-08-06T12:39:11
LPAA,0.249379,15000,2026-08-06T12:39:11
LPBB,0.012199999999999999,1800000,2026-08-06T12:39:11
LPBBU,0.012199999999999999,700,2026-08-06T12:39:11
LPCN,0.004458,100000,2026-08-06T12:39:11
LPCV,0.012199999999999999,900000,2026-08-06T12:39:11
LPG,0.0035909999999999996,850000,2026-08-06T12:39:11
LPGCY,0.060967,4000,2026-08-06T12:39:11
LPIH,0.0025,1400000,2026-08-06T12:39:11
LPIX,0.0033239999999999997,3000,2026-08-06T12:39:11
LPKGF,0.139734,500,2026-08-06T12:39:11
LPL,0.005823,4300000,2026-08-06T12:39:11
LPLA,0.004081,1000000,2026-08-06T12:39:11
LPPI,0.0025,1400000,2026-08-06T12:39:11
LPRE,0.041744,350000,2026-08-06T12:39:11
LPSN,0.026725,400000,2026-08-06T12:39:11
LPTH,0.0029709999999999997,1700000,2026-08-06T12:39:11
LPTI,0.0025,200000,2026-08-06T12:39:11
LPTVQ,0.011543000000000001,4200000,2026-08-06T12:39:11
LPX,0.0025109999999999998,1100000,2026-08-06T12:39:11
LQ,1.9055469999999999,400,2026-08-06T12:39:11
LQAI,0.097501,900,2026-08-06T12:39:11
LQAVF,0.084851,150000,2026-08-06T12:39:11
LQD,0.008851,4100000,2026-08-06T12:39:11
LQDA,0.0025,3300000,2026-08-06T12:39:11
LQDB,0.18139500000000003,300,2026-08-06T12:39:11
LQDH,0.044278000000000005,55000,2026-08-06T12:39:11
LQDI,0.032522,6000,2026-08-06T12:39:11
LQDM,0.052956,5000,2026-08-06T12:39:11
LQDT,0.003024,600000,2026-08-06T12:39:11
LQDW,0.027139000000000003,400000,2026-08-06T12:39:11
LQID,0.154332,4000,2026-08-06T12:39:11
LQMT,0.055298999999999994,10000000,2026-08-06T12:39:11
LQTI,0.503439,200000,2026-08-06T12:39:11
LQWC,0.0033239999999999997,450000,2026-08-06T12:39:11
LQWDF,0.016955,95000,2026-08-06T12:39:11
LRAXF,0.012284,20000,2026-08-06T12:39:11
LRCC,0.0102,200,2026-08-06T12:39:11
LRCDF,0.007236,1600000,2026-08-06T12:39:11
LRCU,0.381657,100000,2026-08-06T12:39:11
LRCX,0.0025,6100000,2026-08-06T12:39:11
LRDC,0.048528,650000,2026-08-06T12:39:11
LRDG,0.0025,15000,2026-08-06T12:39:11
LRDJF,0.024324,90000,2026-08-06T12:39:11
LRE,0.128544,100000,2026-08-06T12:39:11
LRGC,0.431723,15000,2026-08-06T12:39:11
LRGE,0.012755,15000,2026-08-06T12:39:11
LRGF,0.009341,450000,2026-08-06T12:39:11
LRGG,0.468257,20000,2026-08-06T12:39:11
LRHC,2.789397,35000,2026-08-06T12:39:11
LRLCY,0.028656,250000,2026-08-06T12:39:11
LRMR,0.004134,2300000,2026-08-06T12:39:11
LRN,0.004089,700000,2026-08-06T12:39:11
LRND,0.055554,20000,2026-08-06T12:39:11
LRNP,0.0025,700,2026-08-06T12:39:11
LRNZ,0.047435,15000,2026-08-06T12:39:11
LRRIF,0.007872,800000,2026-08-06T12:39:11
LRRS,0.0025,3200000,2026-08-06T12:39:11
LRSV,0.0025,400,2026-08-06T12:39:11
LRTR,0.0025,2200000,2026-08-06T12:39:11
LSAF,0.01902,40000,2026-08-06T12:39:11
LSAK,0.011086,6600000,2026-08-06T12:39:11
LSANF,0.042281000000000006,20000,2026-08-06T12:39:11
LSAT,0.14892,100000,2026-08-06T12:39:11
LSBK,0.008334000000000001,150000,2026-08-06T12:39:11
LSCC,0.002782,1400000,2026-08-06T12:39:11
LSCG,0.0025,350000,2026-08-06T12:39:11
LSDIF,0.185199,75000,2026-08-06T12:39:11
LSE,0.016314,100000,2026-08-06T12:39:11
LSEB,0.0025,10000,2026-08-06T12:39:11
LSEGY,0.004135,1800000,2026-08-06T12:39:11
LSEQ,0.005023,200,2026-08-06T12:39:11
LSF,0.004244,150000,2026-08-06T12:39:11
LSFG,0.138095,1000,2026-08-06T12:39:11
LSGR,0.460843,90000,2026-08-06T12:39:11
LSPD,0.004216,6600000,2026-08-06T12:39:11
LSRCY,0.026494,150000,2026-08-06T12:39:11
LST,0.042699,10000,2026-08-06T12:39:11
LSTA,0.100786,750000,2026-08-06T12:39:11
LSTMF,0.023108,15000,2026-08-06T12:39:11
LSTR,0.004095,700000,2026-08-06T12:39:11
LSVD,0.029845,3000,2026-08-06T12:39:11
LTBR,0.004738,1800000,2026-08-06T12:39:11
LTC,0.003364,1100000,2026-08-06T12:39:11
LTCC,0.143059,10000,2026-08-06T12:39:11
LTCEF,0.019518,25000,2026-08-06T12:39:11
LTCH,0.011805000000000001,1300000,2026-08-06T12:39:11
LTCP,0.0025,800000,2026-08-06T12:39:11
LTESF,0.0025,400,2026-08-06T12:39:11
LTFD,0.0025,15000,2026-08-06T12:39:11
LTGHY,0.077243,9000,2026-08-06T12:39:11
LTGR,0.015139,800000,2026-08-06T12:39:11
LTGRU,0.012199999999999999,70000,2026-08-06T12:39:11
LTH,0.004135,2300000,2026-08-06T12:39:11
LTHUQ,0.0025,600000,2026-08-06T12:39:11
LTII,0.0025,150000,2026-08-06T12:39:11
LTL,0.14892,30000,2026-08-06T12:39:11
LTM,0.004716000000000001,250000,2026-08-06T12:39:11
LTMCF,0.037653,150000,2026-08-06T12:39:11
LTNC,0.0025,10000000,2026-08-06T12:39:11
LTONY,0.0025,100000,2026-08-06T12:39:11
LTPZ,0.007866999999999999,650000,2026-08-06T12:39:11
LTRE,0.0025,6000,2026-08-06T12:39:11
LTRN,0.032391,900000,2026-08-06T12:39:11
LTRX,0.004135,1700000,2026-08-06T12:39:11
LTSAP,0.0025,95000,2026-08-06T12:39:11
LTTC.OLD,0.0025,90,2026-08-06T12:39:11
LTTGF,0.0025,1200000,2026-08-06T12:39:11
LTTI,0.046082,70000,2026-08-06T12:39:11
LTUM,0.058545999999999994,2700000,2026-08-06T12:39:11
LTUS,0.0025,100000,2026-08-06T12:39:11
LTWV,0.0025,100000,2026-08-06T12:39:11
LU,0.004697,10000000,2026-08-06T12:39:11
LUCD,0.012766999999999999,5200000,2026-08-06T12:39:11
LUCK,0.27388999999999997,200000,2026-08-06T12:39:11
LUCMF,0.021735,650000,2026-08-06T12:39:11
LUCN,0.0025,400,2026-08-06T12:39:11
LUCRF,0.052828999999999994,50000,2026-08-06T12:39:11
LUCY,1.332895,300000,2026-08-06T12:39:11
LUD,0.100863,400000,2026-08-06T12:39:11
LUDG,0.0025,25000,2026-08-06T12:39:11
LUFFF,0.019501,350000,2026-08-06T12:39:11
LUGDF,0.002987,250000,2026-08-06T12:39:11
LUKEF,0.20468399999999998,250000,2026-08-06T12:39:11
LULG,0.061653,95000,2026-08-06T12:39:11
LULU,0.0026390000000000003,3000000,2026-08-06T12:39:11
LUMA,1.446567,4000,2026-08-06T12:39:11
LUMN,0.004065,10000000,2026-08-06T12:39:11
LUMP,0.0025,1700000,2026-08-06T12:39:11
LUNA,0.006803,900000,2026-08-06T12:39:11
LUNG,0.003212,1800000,2026-08-06T12:39:11
LUNL,0.574139,150000,2026-08-06T12:39:11
LUNMF,0.005763000000000001,200000,2026-08-06T12:39:11
LUNR,0.004109,2400000,2026-08-06T12:39:11
LUV,0.0025,3800000,2026-08-06T12:39:11
LUVE,0.0025,2800000,2026-08-06T12:39:11
LUVU,0.0033239999999999997,700000,2026-08-06T12:39:11
LUXE,0.003387,800000,2026-08-06T12:39:11
LUXFF,0.039321,15000,2026-08-06T12:39:11
LUXHQ,0.8119660000000001,100000,2026-08-06T12:39:11
LUXMF,0.068289,9000,2026-08-06T12:39:11
LUXPQ,0.0025,9000,2026-08-06T12:39:11
LUXR,0.0025,2800000,2026-08-06T12:39:11
LVBX,0.012199999999999999,100000,2026-08-06T12:39:11
LVCA.OLD,0.0025,65000,2026-08-06T12:39:11
LVCC,0.0025,100000,2026-08-06T12:39:11
LVDS,0.125015,7000,2026-08-06T12:39:11
LVGI,0.133239,4600000,2026-08-06T12:39:11
LVGLF,0.174313,1800000,2026-08-06T12:39:11
LVHD,0.01902,80000,2026-08-06T12:39:11
LVHI,0.011775,350000,2026-08-06T12:39:11
LVLN,0.054201,65000,2026-08-06T12:39:11
LVLU,1.01492,55000,2026-08-06T12:39:11
LVLV,0.0025,500,2026-08-06T12:39:11
LVMUY,0.004135,300000,2026-08-06T12:39:11
LVO,0.012408999999999998,1100000,2026-08-06T12:39:11
LVRLF,0.048804,1400000,2026-08-06T12:39:11
LVROF,0.185199,1400000,2026-08-06T12:39:11
LVS,0.002782,4000000,2026-08-06T12:39:11
LVVV,0.0025,5100000,2026-08-06T12:39:11
LVWD,0.004135,3000000,2026-08-06T12:39:11
LVWR,5.7742309999999994,30000,2026-08-06T12:39:11
LVXFF,0.07037600000000001,1000,2026-08-06T12:39:11
LW,0.002784,650000,2026-08-06T12:39:11
LWAC,0.012199999999999999,1900000,2026-08-06T12:39:11
LWAY,0.004517,1700000,2026-08-06T12:39:11
LWCL,0.0025,4000,2026-08-06T12:39:11
LWCTF,0.0025,2200000,2026-08-06T12:39:11
LWLG,0.004704,600000,2026-08-06T12:39:11
LX,0.004133,10000000,2026-08-06T12:39:11
LXEH,0.24679600000000002,20000,2026-08-06T12:39:11
LXENF,0.054486999999999994,250000,2026-08-06T12:39:11
LXEO,0.00413,2400000,2026-08-06T12:39:11
LXFR,0.00899,950000,2026-08-06T12:39:11
LXG.H,0.008899,150000,2026-08-06T12:39:11
LXGTF,0.0025,4000,2026-08-06T12:39:11
LXP,0.0029549999999999997,1500000,2026-08-06T12:39:11
LXP PRC,0.19846699999999998,15000,2026-08-06T12:39:11
LXRS,0.0025,25000,2026-08-06T12:39:11
LXRX,0.004301,5200000,2026-08-06T12:39:11
LXU,0.004141000000000001,2100000,2026-08-06T12:39:11
LXXGQ.OLD,0.05917,10000000,2026-08-06T12:39:11
LYB,0.002782,4800000,2026-08-06T12:39:11
LYBC,0.11103199999999999,100,2026-08-06T12:39:11
LYEL,0.005502,200000,2026-08-06T12:39:11
LYFE.OLD1,0.0025,3900000,2026-08-06T12:39:11
LYFT,0.002782,4000000,2026-08-06T12:39:11
LYG,0.0025,5200000,2026-08-06T12:39:11
LYJN,0.0025,10000000,2026-08-06T12:39:11
LYLD,0.234167,15000,2026-08-06T12:39:11
LYRA,0.053675,400000,2026-08-06T12:39:11
LYSDY,0.006019,650000,2026-08-06T12:39:11
LYTHF,0.6831050000000001,1000,2026-08-06T12:39:11
LYTS,0.004125,700000,2026-08-06T12:39:11
LYV,0.002621,200000,2026-08-06T12:39:11
LZ,0.004081,2000000,2026-08-06T12:39:11
LZAGY,0.03838,100000,2026-08-06T12:39:11
LZB,0.004081,1100000,2026-08-06T12:39:11
LZGI,0.0025,3000,2026-08-06T12:39:11
LZM,0.007292,800000,2026-08-06T12:39:11
LZMH,0.30269999999999997,60000,2026-08-06T12:39:11
LZRFY,0.029845,150000,2026-08-06T12:39:11
M,0.004083,3500000,2026-08-06T12:39:11
M1M,0.004,85000,2026-08-06T12:39:11
M6C1,0.132682,30000,2026-08-06T12:39:11
MA,0.0025,4700000,2026-08-06T12:39:11
MAA,0.004081,2900000,2026-08-06T12:39:11
MAA PRI,0.152263,6000,2026-08-06T12:39:11
MAAL,0.0025,100000,2026-08-06T12:39:11
MAAS,0.7596769999999999,90000,2026-08-06T12:39:11
MAAY,0.042814,15000,2026-08-06T12:39:11
MAC,0.0025,2800000,2026-08-06T12:39:11
MACIU,0.012199999999999999,100,2026-08-06T12:39:11
MACK,0.006792,250000,2026-08-06T12:39:11
MACT,0.0025,9000,2026-08-06T12:39:11
MADE,0.136324,10000,2026-08-06T12:39:11
MAEI,0.0025,1400000,2026-08-06T12:39:11
MAGA,0.131329,15000,2026-08-06T12:39:11
MAGC,0.002782,35000,2026-08-06T12:39:11
MAGE,0.0033239999999999997,100000,2026-08-06T12:39:11
MAGG,0.094795,1000,2026-08-06T12:39:11
MAGH,0.8802070000000001,20000,2026-08-06T12:39:11
MAGMF,0.012533,200000,2026-08-06T12:39:11
MAGN,0.004081,1700000,2026-08-06T12:39:11
MAGS,0.014084000000000001,200000,2026-08-06T12:39:11
MAGX,0.028197,7000,2026-08-06T12:39:11
MAGY,0.004309,45000,2026-08-06T12:39:11
MAHN,0.0025,300,2026-08-06T12:39:11
MAIA,0.032675,650000,2026-08-06T12:39:11
MAIFF,0.032566000000000005,1000000,2026-08-06T12:39:11
MAIN,0.060707000000000004,70000,2026-08-06T12:39:11
MAIR,0.004135,1600000,2026-08-06T12:39:11
MAJI,0.263139,1000,2026-08-06T12:39:11
MAKAF,0.0025,10000,2026-08-06T12:39:11
MAKO,0.024432,3500000,2026-08-06T12:39:11
MAKSY,0.005476,200000,2026-08-06T12:39:11
MAKX,0.048994,2000,2026-08-06T12:39:11
MALG,0.0025,900,2026-08-06T12:39:11
MALJF,0.007431,250000,2026-08-06T12:39:11
MALRY,0.050108,8000,2026-08-06T12:39:11
MAMA,0.0042320000000000005,700000,2026-08-06T12:39:11
MAMB,0.074216,10000,2026-08-06T12:39:11
MAMK,0.659048,650000,2026-08-06T12:39:11
MAMO,0.403758,400000,2026-08-06T12:39:11
MAN,0.004122,2700000,2026-08-06T12:39:11
MANE,0.010577000000000001,200000,2026-08-06T12:39:11
MANH,0.004081,800000,2026-08-06T12:39:11
MANU,0.005163,1500000,2026-08-06T12:39:11
MANW,0.0025,100000,2026-08-06T12:39:11
MAPPF,0.114847,75000,2026-08-06T12:39:11
MAPS,0.006059,9500000,2026-08-06T12:39:11
MAPT,0.0025,3700000,2026-08-06T12:39:11
MAQC,0.01464,40000,2026-08-06T12:39:11
MAQCU,0.01464,400,2026-08-06T12:39:11
MAR,0.004081,2100000,2026-08-06T12:39:11
MARA,0.003616,6500000,2026-08-06T12:39:11
MARK,0.181445,1200000,2026-08-06T12:39:11
MARM,0.109679,15000,2026-08-06T12:39:11
MARO,0.207104,400000,2026-08-06T12:39:11
MARPS,0.035533999999999996,40000,2026-08-06T12:39:11
MARS,0.006099,40000,2026-08-06T12:39:11
MART,0.211164,1000,2026-08-06T12:39:11
MARU,0.060155,5000,2026-08-06T12:39:11
MARUY,0.016314,350000,2026-08-06T12:39:11
MARVF,0.080763,4000,2026-08-06T12:39:11
MARW,0.062211999999999996,1000,2026-08-06T12:39:11
MARX.OLD1,0.0025,700,2026-08-06T12:39:11
MAS,0.004162,3700000,2026-08-06T12:39:11
MASK,3.7570609999999998,250000,2026-08-06T12:39:11
MASS,0.004635,150000,2026-08-06T12:39:11
MAT,0.004047,2800000,2026-08-06T12:39:11
MATAF,0.0032340000000000003,100000,2026-08-06T12:39:11
MATE,0.037138,200000,2026-08-06T12:39:11
MATEF,0.0025,400000,2026-08-06T12:39:11
MATH,0.035257000000000004,9300000,2026-08-06T12:39:11
MATV,0.010084,1500000,2026-08-06T12:39:11
MATW,0.003964,350000,2026-08-06T12:39:11
MATX,0.003088,450000,2026-08-06T12:39:11
MAURY,0.0025,4000,2026-08-06T12:39:11
MAUSY,0.0025,800,2026-08-06T12:39:11
MAUTF,0.020818,650000,2026-08-06T12:39:11
MAUUF,0.015639,1000,2026-08-06T12:39:11
MAVF,0.029022000000000003,3000,2026-08-06T12:39:11
MAWHY,0.010901000000000001,200,2026-08-06T12:39:11
MAX,0.00746,650000,2026-08-06T12:39:11
MAXD,0.0025,10000000,2026-08-06T12:39:11
MAXI,0.0029709999999999997,100000,2026-08-06T12:39:11
MAXJ,0.060696,30000,2026-08-06T12:39:11
MAXNQ,0.791434,300000,2026-08-06T12:39:11
MAXQF,0.041702,7200000,2026-08-06T12:39:11
MAXXF,0.029319,250000,2026-08-06T12:39:11
MAYM,0.040846999999999994,10000,2026-08-06T12:39:11
MAYP,0.048888999999999995,10000,2026-08-06T12:39:11
MAYS,0.014999,9000,2026-08-06T12:39:11
MAYT,0.22226600000000002,1000,2026-08-06T12:39:11
MAYU,0.088097,50000,2026-08-06T12:39:11
MAYW,0.0271,4000,2026-08-06T12:39:11
MAYX,0.0025,300,2026-08-06T12:39:11
MAZE,0.005469000000000001,100000,2026-08-06T12:39:11
MB,2.015991,30000,2026-08-06T12:39:11
MBAI,0.072831,400000,2026-08-06T12:39:11
MBAK,0.0025,10000000,2026-08-06T12:39:11
MBB,0.0025,2100000,2026-08-06T12:39:11
MBBA,0.331847,900,2026-08-06T12:39:11
MBBB,0.0025,25000,2026-08-06T12:39:11
MBBC,0.030386000000000003,55000,2026-08-06T12:39:11
MBC,0.002653,1700000,2026-08-06T12:39:11
MBCE,0.113739,450000,2026-08-06T12:39:11
MBCI,0.0025,30000,2026-08-06T12:39:11
MBCOF,0.19745100000000002,2000,2026-08-06T12:39:11
MBGAF,0.0029409999999999996,80000,2026-08-06T12:39:11
MBGH.OLD,0.0025,20000,2026-08-06T12:39:11
MBGL,0.004536,4800000,2026-08-06T12:39:11
MBGYY,0.019032,550000,2026-08-06T12:39:11
MBHIQ,0.038256,100000,2026-08-06T12:39:11
MBI,0.005064999999999999,3100000,2026-08-06T12:39:11
MBIN,0.0027689999999999998,150000,2026-08-06T12:39:11
MBINL,0.11162699999999999,30000,2026-08-06T12:39:11
MBINM,0.09212400000000001,40000,2026-08-06T12:39:11
MBINN,0.052461,30000,2026-08-06T12:39:11
MBIO,0.01275,300000,2026-08-06T12:39:11
MBIT,0.0025,45000,2026-08-06T12:39:11
MBKL,0.0025,500,2026-08-06T12:39:11
MBLMF,0.0666,900000,2026-08-06T12:39:11
MBLY,0.004135,5500000,2026-08-06T12:39:11
MBNKO,0.189303,20000,2026-08-06T12:39:11
MBOT,0.021145,550000,2026-08-06T12:39:11
MBPG,0.0025,300000,2026-08-06T12:39:11
MBRFY,0.008871,600000,2026-08-06T12:39:11
MBRX,2.568307,400000,2026-08-06T12:39:11
MBS,0.026271,350000,2026-08-06T12:39:11
MBSD,0.014097,30000,2026-08-06T12:39:11
MBSF,0.092089,100000,2026-08-06T12:39:11
MBUU,0.004075,350000,2026-08-06T12:39:11
MBVI,0.287209,650000,2026-08-06T12:39:11
MBVIU,0.012199999999999999,150000,2026-08-06T12:39:11
MBVXQ,0.008195000000000001,150000,2026-08-06T12:39:11
MBWM,0.0025,300000,2026-08-06T12:39:11
MBX,0.004135,200000,2026-08-06T12:39:11
MC,0.0025919999999999997,650000,2026-08-06T12:39:11
MCAG,0.01464,60000,2026-08-06T12:39:11
MCAGU,0.01464,300,2026-08-06T12:39:11
MCAH,0.311295,150000,2026-08-06T12:39:11
MCAHU,0.759071,6000,2026-08-06T12:39:11
MCAP,0.0025,300,2026-08-06T12:39:11
MCARY,0.052848,6000,2026-08-06T12:39:11
MCB,0.004348,750000,2026-08-06T12:39:11
MCBK,0.052051,4000,2026-08-06T12:39:11
MCBS,0.0059570000000000005,90000,2026-08-06T12:39:11
MCCK,0.0025,1000,2026-08-06T12:39:11
MCD,0.0025,5100000,2026-08-06T12:39:11
MCDIF,0.002782,15000,2026-08-06T12:39:11
MCEM,0.040670000000000005,55000,2026-08-06T12:39:11
MCET,0.0025,10000000,2026-08-06T12:39:11
MCFNF,0.021434,150000,2026-08-06T12:39:11
MCFT,0.004433,300000,2026-08-06T12:39:11
MCGA,0.012199999999999999,1300000,2026-08-06T12:39:11
MCGAU,0.8014239999999999,75000,2026-08-06T12:39:11
MCH,0.040670000000000005,100000,2026-08-06T12:39:11
MCHB,0.011302000000000001,1100000,2026-08-06T12:39:11
MCHG,0.042153,15000,2026-08-06T12:39:11
MCHI,0.049237,25000,2026-08-06T12:39:11
MCHP,0.0025,6600000,2026-08-06T12:39:11
MCHPP,0.012254000000000001,550000,2026-08-06T12:39:11
MCHS,0.094064,35000,2026-08-06T12:39:11
MCHT,0.003215,3000,2026-08-06T12:39:11
MCHU,0.037956,600,2026-08-06T12:39:11
MCHU.USD,0.11253600000000001,100000,2026-08-06T12:39:11
MCHVY,0.0025,1000,2026-08-06T12:39:11
MCHX,0.199358,500000,2026-08-06T12:39:11
MCI,0.011881,55000,2026-08-06T12:39:11
MCIC,0.0025,150000,2026-08-06T12:39:11
MCIM,0.0025,2,2026-08-06T12:39:11
MCK,0.004081,1000000,2026-08-06T12:39:11
MCLDF,0.606724,300000,2026-08-06T12:39:11
MCLN,0.0025,10000,2026-08-06T12:39:11
MCN,0.005311,80000,2026-08-06T12:39:11
MCNO,0.0025,1300000,2026-08-06T12:39:11
MCO,0.0028199999999999996,1500000,2026-08-06T12:39:11
MCOA,0.0025,10000000,2026-08-06T12:39:11
MCOM,0.12024900000000001,900000,2026-08-06T12:39:11
MCOW,0.065026,2000,2026-08-06T12:39:11
MCPI,0.0025,5100000,2026-08-06T12:39:11
MCRAA,0.11103199999999999,200,2026-08-06T12:39:11
MCRAB,0.0025,300,2026-08-06T12:39:11
MCRB,0.015299,200000,2026-08-06T12:39:11
MCRI,0.004081,150000,2026-08-06T12:39:11
MCRP,0.34033499999999994,800000,2026-08-06T12:39:11
MCS,0.004706,400000,2026-08-06T12:39:11
MCTA,0.7652880000000001,3000,2026-08-06T12:39:11
MCTH,0.0025,10000,2026-08-06T12:39:11
MCUJF,0.007804,150000,2026-08-06T12:39:11
MCVT,0.012254000000000001,1000,2026-08-06T12:39:11
MCY,0.004466,550000,2026-08-06T12:39:11
MCZAF,0.0025,6000000,2026-08-06T12:39:11
MD,0.0025,1900000,2026-08-06T12:39:11
MDA,0.002651,250000,2026-08-06T12:39:11
MDAA,0.198966,400,2026-08-06T12:39:11
MDAI,0.02308,450000,2026-08-06T12:39:11
MDAV,0.0025,100000,2026-08-06T12:39:11
MDB,0.004081,1500000,2026-08-06T12:39:11
MDBH,0.035934,25000,2026-08-06T12:39:11
MDCN,0.0025,10000000,2026-08-06T12:39:11
MDCX,0.06732199999999999,1600000,2026-08-06T12:39:11
MDDD,0.0025,300000,2026-08-06T12:39:11
MDDM,0.0025,50000,2026-08-06T12:39:11
MDDT,0.0025,2000,2026-08-06T12:39:11
MDEV,0.035257000000000004,3000,2026-08-06T12:39:11
MDEVY,0.09663500000000001,500,2026-08-06T12:39:11
MDEX,0.0025,1000,2026-08-06T12:39:11
MDGL,0.0025080000000000002,150000,2026-08-06T12:39:11
MDIA,0.004135,1400000,2026-08-06T12:39:11
MDIBY,0.0033239999999999997,35000,2026-08-06T12:39:11
MDIN,0.0025,10000000,2026-08-06T12:39:11
MDIT,0.0025,1000,2026-08-06T12:39:11
MDIV,0.023620000000000002,60000,2026-08-06T12:39:11
MDKM,0.0025,150000,2026-08-06T12:39:11
MDLH,0.0025,150000,2026-08-06T12:39:11
MDLK,0.0025,10000000,2026-08-06T12:39:11
MDLM,0.5180669999999999,55000,2026-08-06T12:39:11
MDLN,0.0046110000000000005,1000000,2026-08-06T12:39:11
MDLZ,0.0025,9700000,2026-08-06T12:39:11
MDMN,0.0025,9400000,2026-08-06T12:39:11
MDMP,0.0025,1800000,2026-08-06T12:39:11
MDNAF,0.030645,850000,2026-08-06T12:39:11
MDNGF,0.017595,350000,2026-08-06T12:39:11
MDNWF,0.0025,50000,2026-08-06T12:39:11
MDOR,0.005489000000000001,100000,2026-08-06T12:39:11
MDPL,0.091169,15000,2026-08-06T12:39:11
MDRR,0.003077,50000,2026-08-06T12:39:11
MDRX,0.015155,1100000,2026-08-06T12:39:11
MDSI,0.0025,6,2026-08-06T12:39:11
MDST,0.053861,150000,2026-08-06T12:39:11
MDT,0.00419,10000000,2026-08-06T12:39:11
MDTC,0.0025,15000,2026-08-06T12:39:11
MDTV,0.0025,2000,2026-08-06T12:39:11
MDU,0.00419,1500000,2026-08-06T12:39:11
MDV,0.003644,350000,2026-08-06T12:39:11
MDV PRA,0.225901,30000,2026-08-06T12:39:11
MDVLQ,1.142963,2000,2026-08-06T12:39:11
MDWD,0.020409999999999998,95000,2026-08-06T12:39:11
MDWK,0.0025,35000,2026-08-06T12:39:11
MDXG,0.003966,7200000,2026-08-06T12:39:11
MDXH,0.054097,600000,2026-08-06T12:39:11
MDY,0.0067,50000,2026-08-06T12:39:11
MDYG,0.022227,100000,2026-08-06T12:39:11
MDYV,0.026292,150000,2026-08-06T12:39:11
MEAR,0.052458,40000,2026-08-06T12:39:11
MEC,0.003232,250000,2026-08-06T12:39:11
MECK,0.008195000000000001,150000,2026-08-06T12:39:11
MECPF,0.03426,250000,2026-08-06T12:39:11
MED,0.005519,550000,2026-08-06T12:39:11
MEDAF,0.029297,40000,2026-08-06T12:39:11
MEDD,0.0025,200000,2026-08-06T12:39:11
MEDE,0.0025,35000,2026-08-06T12:39:11
MEDI,0.044729,3000,2026-08-06T12:39:11
MEDIF,0.033216,4200000,2026-08-06T12:39:11
MEDP,0.004081,400000,2026-08-06T12:39:11
MEDS,0.87202,40000,2026-08-06T12:39:11
MEDT,0.0025,10000000,2026-08-06T12:39:11
MEDX,0.094903,15000,2026-08-06T12:39:11
MEDXF,0.043085000000000005,1200000,2026-08-06T12:39:11
MEGH,0.0025,2000,2026-08-06T12:39:11
MEGI,0.021252,550000,2026-08-06T12:39:11
MEGL,0.105394,350000,2026-08-06T12:39:11
MEHA,0.080064,6200000,2026-08-06T12:39:11
MEI,0.004139,650000,2026-08-06T12:39:11
MEIL,0.0025,30000,2026-08-06T12:39:11
MEJHY,0.043376,6000,2026-08-06T12:39:11
MELI,0.0025,950000,2026-08-06T12:39:11
MELY,0.0025,10000000,2026-08-06T12:39:11
MEM,0.109138,100000,2026-08-06T12:39:11
MEMA,0.14392,3000,2026-08-06T12:39:11
MEME,0.138095,250000,2026-08-06T12:39:11
MEME.OLD2,0.0025,300,2026-08-06T12:39:11
MEMS,0.008195000000000001,100000,2026-08-06T12:39:11
MEMX,0.045096,15000,2026-08-06T12:39:11
MENB,0.002782,2000,2026-08-06T12:39:11
MENI,0.0025,10000,2026-08-06T12:39:11
MENS,0.366848,250000,2026-08-06T12:39:11
MEOH,0.019832000000000002,1800000,2026-08-06T12:39:11
MEQYF,0.003687,40000,2026-08-06T12:39:11
MER PRK,0.012372000000000001,250000,2026-08-06T12:39:11
MERC,0.033338,3700000,2026-08-06T12:39:11
MERR,0.0025,15000,2026-08-06T12:39:11
MESH,0.097501,1900000,2026-08-06T12:39:11
MESHU,0.013607000000000001,1000,2026-08-06T12:39:11
MESO,0.084475,70000,2026-08-06T12:39:11
MET,0.0025,7500000,2026-08-06T12:39:11
MET PRA,0.017982,40000,2026-08-06T12:39:11
MET PRE,0.027895,85000,2026-08-06T12:39:11
MET PRF,0.044214,850000,2026-08-06T12:39:11
META,0.0025,10000000,2026-08-06T12:39:11
METC,0.0034879999999999998,1600000,2026-08-06T12:39:11
METCB,0.004209,350000,2026-08-06T12:39:11
METCI,0.084154,45000,2026-08-06T12:39:11
METCZ,0.09885400000000001,100000,2026-08-06T12:39:11
METD,0.518805,150000,2026-08-06T12:39:11
METG,0.097501,10000,2026-08-06T12:39:11
METL,0.032551000000000004,40000,2026-08-06T12:39:11
METU,0.038142,700000,2026-08-06T12:39:11
METV,0.00901,150000,2026-08-06T12:39:11
METW,0.036357,35000,2026-08-06T12:39:11
MEVO,0.012199999999999999,250000,2026-08-06T12:39:11
MEVOU,0.012199999999999999,100000,2026-08-06T12:39:11
MEVT,0.0025,90000,2026-08-06T12:39:11
MEXGF.OLD,0.22416899999999998,6000,2026-08-06T12:39:11
MEXX,0.078609,30000,2026-08-06T12:39:11
MF,4.834611,30000,2026-08-06T12:39:11
MFA,0.003916,1600000,2026-08-06T12:39:11
MFA PRB,0.083065,100000,2026-08-06T12:39:11
MFA PRC,0.125544,600000,2026-08-06T12:39:11
MFAN,0.044729,150000,2026-08-06T12:39:11
MFAO,0.054652000000000006,100000,2026-08-06T12:39:11
MFBI,0.0025,600,2026-08-06T12:39:11
MFBP,0.069202,100000,2026-08-06T12:39:11
MFC,0.0025,10000000,2026-08-06T12:39:11
MFCO,0.052051,8000,2026-08-06T12:39:11
MFDB,0.0025,9000,2026-08-06T12:39:11
MFDX,0.018408,100000,2026-08-06T12:39:11
MFEM,0.057886,250000,2026-08-06T12:39:11
MFG,0.01383,600000,2026-08-06T12:39:11
MFGI,0.027370000000000002,2000,2026-08-06T12:39:11
MFI,0.093109,800000,2026-08-06T12:39:11
MFIC,0.024626000000000002,500000,2026-08-06T12:39:11
MFICL,0.033873,200000,2026-08-06T12:39:11
MFIG,0.039899,20000,2026-08-06T12:39:11
MFIN,0.004664,55000,2026-08-06T12:39:11
MFLTY,0.8105289999999999,250000,2026-08-06T12:39:11
MFLX,0.049461000000000005,50000,2026-08-06T12:39:11
MFM,0.122771,1500000,2026-08-06T12:39:11
MFMLF,0.178704,10000,2026-08-06T12:39:11
MFMM,0.0025,150000,2026-08-06T12:39:11
MFMO,0.042012,15000,2026-08-06T12:39:11
MFON,0.0025,90000,2026-08-06T12:39:11
MFP,0.0025,500000,2026-08-06T12:39:11
MFSB,1.8845930000000002,25000,2026-08-06T12:39:11
MFSG,0.43626,55000,2026-08-06T12:39:11
MFSI,0.583755,100000,2026-08-06T12:39:11
MFST,0.0025,10000000,2026-08-06T12:39:11
MFSV,2.22737,45000,2026-08-06T12:39:11
MFUL,0.0025,1000,2026-08-06T12:39:11
MFUS,0.043817,10000,2026-08-06T12:39:11
MFUT,0.05048,35000,2026-08-06T12:39:11
MFVL,0.061959999999999994,20000,2026-08-06T12:39:11
MG,0.004152,65000,2026-08-06T12:39:11
MGA,0.002671,2200000,2026-08-06T12:39:11
MGAFF,0.007512,1800000,2026-08-06T12:39:11
MGAM,0.002782,300000,2026-08-06T12:39:11
MGAWY,0.0025,2000,2026-08-06T12:39:11
MGC,0.004135,150000,2026-08-06T12:39:11
MGCLY,0.002903,6000,2026-08-06T12:39:11
MGDDY,0.023441999999999998,500000,2026-08-06T12:39:11
MGEE,0.0025,400000,2026-08-06T12:39:11
MGF,0.012627999999999999,100000,2026-08-06T12:39:11
MGFX,0.0025,100000,2026-08-06T12:39:11
MGHCF,0.017251000000000002,150000,2026-08-06T12:39:11
MGHL,0.146531,2000,2026-08-06T12:39:11
MGIH,0.047435,95000,2026-08-06T12:39:11
MGK,0.006739,2300000,2026-08-06T12:39:11
MGLD,0.011205,65000,2026-08-06T12:39:11
MGLG,0.0025,10000000,2026-08-06T12:39:11
MGLUY,0.46470999999999996,10000,2026-08-06T12:39:11
MGM,0.0025,1900000,2026-08-06T12:39:11
MGMA,0.0025,100,2026-08-06T12:39:11
MGMLF,0.027134000000000002,650000,2026-08-06T12:39:11
MGMNF,0.034195,450000,2026-08-06T12:39:11
MGMT,0.006842,150000,2026-08-06T12:39:11
MGN,1.480199,100000,2026-08-06T12:39:11
MGNC,0.0025,6000,2026-08-06T12:39:11
MGNI,0.0025,3200000,2026-08-06T12:39:11
MGNLF,0.0025,500000,2026-08-06T12:39:11
MGNO,0.039061,8000,2026-08-06T12:39:11
MGNR,0.065517,35000,2026-08-06T12:39:11
MGNT,0.0025,60000,2026-08-06T12:39:11
MGNU,0.0025,2000,2026-08-06T12:39:11
MGNX,0.005619,4000000,2026-08-06T12:39:11
MGOV,0.0025,55000,2026-08-06T12:39:11
MGPI,0.0092,550000,2026-08-06T12:39:11
MGR,0.10270099999999999,150000,2026-08-06T12:39:11
MGRB,0.012816000000000001,65000,2026-08-06T12:39:11
MGRC,0.004455,500000,2026-08-06T12:39:11
MGRD,0.025356999999999998,75000,2026-08-06T12:39:11
MGRE,0.058599,55000,2026-08-06T12:39:11
MGROF,0.285806,2000,2026-08-06T12:39:11
MGRT,1.826795,200000,2026-08-06T12:39:11
MGRX,1.666456,100000,2026-08-06T12:39:11
MGSD,0.0025,4000,2026-08-06T12:39:11
MGTC,0.0025,800,2026-08-06T12:39:11
MGTE,0.280518,300000,2026-08-06T12:39:11
MGTI,0.0025,3600000,2026-08-06T12:39:11
MGTX,0.003458,950000,2026-08-06T12:39:11
MGUY,0.0025,200000,2026-08-06T12:39:11
MGV,0.0028199999999999996,300000,2026-08-06T12:39:11
MGWFF,0.0025,25000,2026-08-06T12:39:11
MGX,0.007181999999999999,500000,2026-08-06T12:39:11
MGXMF,0.0025,1100000,2026-08-06T12:39:11
MGY,0.004135,6300000,2026-08-06T12:39:11
MGYOY,0.128293,60000,2026-08-06T12:39:11
MGYR,0.014887,15000,2026-08-06T12:39:11
MH,0.004143,800000,2026-08-06T12:39:11
MHCC,0.0025,10000000,2026-08-06T12:39:11
MHD,0.004178,850000,2026-08-06T12:39:11
MHF,0.298771,10000,2026-08-06T12:39:11
MHGI,0.0025,1900000,2026-08-06T12:39:11
MHGU,0.04718,150000,2026-08-06T12:39:11
MHGVY,0.030737,150000,2026-08-06T12:39:11
MHH,0.026732999999999996,150000,2026-08-06T12:39:11
MHHC,0.009834,85000,2026-08-06T12:39:11
MHIG,0.078557,7000,2026-08-06T12:39:11
MHIP,0.21741599999999997,10000,2026-08-06T12:39:11
MHK,0.004298,1600000,2026-08-06T12:39:11
MHLA,0.466207,100000,2026-08-06T12:39:11
MHNC,0.05826,100000,2026-08-06T12:39:11
MHO,0.0025,700000,2026-08-06T12:39:11
MHRE,0.0025,850000,2026-08-06T12:39:11
MHTX,0.0025,5100000,2026-08-06T12:39:11
MHUAF,0.105693,20000,2026-08-06T12:39:11
MHUBF,0.19974799999999998,900000,2026-08-06T12:39:11
MHVIY,0.03102,900000,2026-08-06T12:39:11
MHY,0.11103199999999999,200,2026-08-06T12:39:11
MHYS,0.013607000000000001,10000000,2026-08-06T12:39:11
MI,0.04878999999999999,2000,2026-08-06T12:39:11
MIACU,0.012199999999999999,85000,2026-08-06T12:39:11
MIAX,0.004142,700000,2026-08-06T12:39:11
MIC,0.161098,10000,2026-08-06T12:39:11
MICC,0.004274,1100000,2026-08-06T12:39:11
MICR,0.0025,1000,2026-08-06T12:39:11
MID,0.044729,30000,2026-08-06T12:39:11
MIDD,0.004081,900000,2026-08-06T12:39:11
MIDE,0.067732,100,2026-08-06T12:39:11
MIDLF,0.0025,30000,2026-08-06T12:39:11
MIDU,0.063711,35000,2026-08-06T12:39:11
MIELY,0.004298,100000,2026-08-06T12:39:11
MIG,0.046811,100,2026-08-06T12:39:11
MIGA,0.0025,25000,2026-08-06T12:39:11
MIHI,0.0025,85000,2026-08-06T12:39:11
MIHL,0.0025,1800000,2026-08-06T12:39:11
MIIM,0.0025,3000,2026-08-06T12:39:11
MILIF,0.013341,950000,2026-08-06T12:39:11
MILK,0.06138,1000,2026-08-06T12:39:11
MIMI,1.8454519999999999,6000,2026-08-06T12:39:11
MIN,0.012056,100000,2026-08-06T12:39:11
MINBY,0.027739,100000,2026-08-06T12:39:11
MIND,0.010247,750000,2026-08-06T12:39:11
MINE,0.026495,400000,2026-08-06T12:39:11
MINE.OLD,0.0025,65000,2026-08-06T12:39:11
MINO,0.033904000000000004,150000,2026-08-06T12:39:11
MINR,0.178704,30000,2026-08-06T12:39:11
MINT,0.002809,1500000,2026-08-06T12:39:11
MINV,0.045974,5000,2026-08-06T12:39:11
MINY,0.141478,5000,2026-08-06T12:39:11
MIR,0.004123,1900000,2026-08-06T12:39:11
MIRA,0.020205,1500000,2026-08-06T12:39:11
MIRM,0.004081,500000,2026-08-06T12:39:11
MISL,0.124083,100000,2026-08-06T12:39:11
MIST,0.016387,5100000,2026-08-06T12:39:11
MITD,0.0025,500000,2026-08-06T12:39:11
MITEY,0.048969,150000,2026-08-06T12:39:11
MITFY,0.168657,4000,2026-08-06T12:39:11
MITI,0.167832,200000,2026-08-06T12:39:11
MITK,0.0040939999999999995,1000000,2026-08-06T12:39:11
MITN,0.31907599999999997,100000,2026-08-06T12:39:11
MITP,0.077623,150000,2026-08-06T12:39:11
MITQ,0.013231999999999999,250000,2026-08-06T12:39:11
MITSY,0.016314,15000,2026-08-06T12:39:11
MITT,0.004033,950000,2026-08-06T12:39:11
MITT PRA,0.203992,25000,2026-08-06T12:39:11
MITT PRB,0.151991,150000,2026-08-06T12:39:11
MITT PRC,0.35511499999999996,350000,2026-08-06T12:39:11
MITUY,0.0025,100,2026-08-06T12:39:11
MIUFY,0.00419,700,2026-08-06T12:39:11
MIVI,0.0025,200000,2026-08-06T12:39:11
MIXE,0.191694,500000,2026-08-06T12:39:11
MIY,0.24465900000000002,250000,2026-08-06T12:39:11
MJ,0.0075309999999999995,30000,2026-08-06T12:39:11
MJARF,0.0025,350000,2026-08-06T12:39:11
MJDLF,0.0032779999999999997,450000,2026-08-06T12:39:11
MJDS,0.0025,15000,2026-08-06T12:39:11
MJGCF,0.015955999999999998,350000,2026-08-06T12:39:11
MJLB,0.17857399999999998,10000000,2026-08-06T12:39:11
MJMJ,0.0025,10000000,2026-08-06T12:39:11
MJNA,0.0033239999999999997,4500000,2026-08-06T12:39:11
MJTK,0.0025,8000000,2026-08-06T12:39:11
MJTV,0.0025,2400000,2026-08-06T12:39:11
MJWL,0.0025,2400000,2026-08-06T12:39:11
MKC,0.004089,2000000,2026-08-06T12:39:11
MKC V,0.059518,20000,2026-08-06T12:39:11
MKDTY,0.0025,1200000,2026-08-06T12:39:11
MKDW,0.7397929999999999,50000,2026-08-06T12:39:11
MKGP,0.0025,500000,2026-08-06T12:39:11
MKKGY,0.227726,100000,2026-08-06T12:39:11
MKL,0.004081,150000,2026-08-06T12:39:11
MKLY,0.167864,1700000,2026-08-06T12:39:11
MKLYU,0.014283999999999998,100,2026-08-06T12:39:11
MKOR,0.014707,80000,2026-08-06T12:39:11
MKRIF,0.019576,80000,2026-08-06T12:39:11
MKRO,0.0025,25000,2026-08-06T12:39:11
MKSEF,0.0025,10000,2026-08-06T12:39:11
MKSI,0.0025,750000,2026-08-06T12:39:11
MKTAY,0.005706,70000,2026-08-06T12:39:11
MKTN,0.5250889999999999,8000,2026-08-06T12:39:11
MKTSQ,0.0025,200000,2026-08-06T12:39:11
MKTW,0.0050349999999999995,65000,2026-08-06T12:39:11
MKTX,0.004081,800000,2026-08-06T12:39:11
MKULQ.OLD,0.132682,600000,2026-08-06T12:39:11
MKZR,0.025960999999999998,400000,2026-08-06T12:39:11
MLAA,0.158798,2200000,2026-08-06T12:39:11
MLAAU,0.64687,5000,2026-08-06T12:39:11
MLAB,0.004117,250000,2026-08-06T12:39:11
MLCG,0.0025,4000,2026-08-06T12:39:11
MLCI,0.006329,400000,2026-08-06T12:39:11
MLCIL,0.289952,9000,2026-08-06T12:39:11
MLCO,0.002782,10000000,2026-08-06T12:39:11
MLDR,0.17057,100000,2026-08-06T12:39:11
MLDS,0.0025,10000,2026-08-06T12:39:11
MLEC,1.931364,10000,2026-08-06T12:39:11
MLER,0.0025,350000,2026-08-06T12:39:11
MLES,0.0025,200000,2026-08-06T12:39:11
MLFB,0.0025,200000,2026-08-06T12:39:11
MLFNF,0.004277,6000,2026-08-06T12:39:11
MLGF,0.00981,100000,2026-08-06T12:39:11
MLGO,0.124094,100000,2026-08-06T12:39:11
MLHC,0.0025,10000000,2026-08-06T12:39:11
MLHI,0.0025,250000,2026-08-06T12:39:11
MLI,0.004081,5000000,2026-08-06T12:39:11
MLIZY,0.0025,1000,2026-08-06T12:39:11
MLKN,0.004206,900000,2026-08-06T12:39:11
MLKNB,0.0025,15000,2026-08-06T12:39:11
MLLUY,0.0025,700,2026-08-06T12:39:11
MLM,0.004003,300000,2026-08-06T12:39:11
MLMC,0.10292899999999999,30000,2026-08-06T12:39:11
MLMLF,0.024611,800000,2026-08-06T12:39:11
MLMN,0.0025,250000,2026-08-06T12:39:11
MLN,0.045787,45000,2026-08-06T12:39:11
MLOV,0.0025,600,2026-08-06T12:39:11
MLP,0.004812,700000,2026-08-06T12:39:11
MLPA,0.006943,400,2026-08-06T12:39:11
MLPB,0.051495,30000,2026-08-06T12:39:11
MLPD,0.039746000000000004,15000,2026-08-06T12:39:11
MLPI,0.055038000000000004,450000,2026-08-06T12:39:11
MLPNF,0.039051,65000,2026-08-06T12:39:11
MLPR,0.009548,1000,2026-08-06T12:39:11
MLPX,0.020680999999999998,30000,2026-08-06T12:39:11
MLR,0.004135,100000,2026-08-06T12:39:11
MLRIQ,0.0025,30000,2026-08-06T12:39:11
MLRT,0.0025,3200000,2026-08-06T12:39:11
MLSS,0.006071999999999999,1100000,2026-08-06T12:39:11
MLTO,0.0025,10000,2026-08-06T12:39:11
MLTX,0.004135,2900000,2026-08-06T12:39:11
MLXO,0.0025,3500000,2026-08-06T12:39:11
MLYBY,0.138095,20000,2026-08-06T12:39:11
MLYCF,0.0025,100000,2026-08-06T12:39:11
MLYF,0.167859,900000,2026-08-06T12:39:11
MLYS,0.003644,1600000,2026-08-06T12:39:11
MMA,0.020735,500000,2026-08-06T12:39:11
MMATQ,0.111172,95000,2026-08-06T12:39:11
MMAX,0.059789,10000,2026-08-06T12:39:11
MMCA,0.015158,15000,2026-08-06T12:39:11
MMD,0.017945,3000,2026-08-06T12:39:11
MMED,0.007053,100000,2026-08-06T12:39:11
MMEG,0.0025,30000,2026-08-06T12:39:11
MMEN,0.128617,3100000,2026-08-06T12:39:11
MMETF,0.038803000000000004,60000,2026-08-06T12:39:11
MMEX,0.0025,10000000,2026-08-06T12:39:11
MMGP,0.0025,650000,2026-08-06T12:39:11
MMI,0.004355,450000,2026-08-06T12:39:11
MMID,0.104267,3000,2026-08-06T12:39:11
MMIN,0.036928,30000,2026-08-06T12:39:11
MMIT,0.38851399999999997,100000,2026-08-06T12:39:11
MMK,0.116445,400,2026-08-06T12:39:11
MMKT,0.022966,100000,2026-08-06T12:39:11
MMLP,0.004378,1700000,2026-08-06T12:39:11
MMM,0.004081,6100000,2026-08-06T12:39:11
MMMM,0.0025,1000000,2026-08-06T12:39:11
MMMW,0.0025,5000,2026-08-06T12:39:11
MMND,0.0025,70000,2026-08-06T12:39:11
MMNFQ,0.128623,7100000,2026-08-06T12:39:11
MMNGF,0.011796,2500000,2026-08-06T12:39:11
MMPWQ,0.0025,1100000,2026-08-06T12:39:11
MMRGF,0.046124,3300000,2026-08-06T12:39:11
MMRKQ,0.0025,550000,2026-08-06T12:39:11
MMS,0.002718,850000,2026-08-06T12:39:11
MMSD,0.915729,10000,2026-08-06T12:39:11
MMSI,0.0025,1000000,2026-08-06T12:39:11
MMSMY,0.134625,10000,2026-08-06T12:39:11
MMT,0.011382000000000001,300000,2026-08-06T12:39:11
MMTIF,0.178704,3200000,2026-08-06T12:39:11
MMTLF,0.065087,40000,2026-08-06T12:39:11
MMTM,0.09369999999999999,400,2026-08-06T12:39:11
MMTRS,0.006456,1000,2026-08-06T12:39:11
MMTV,0.0025,150000,2026-08-06T12:39:11
MMTX,0.043376,150000,2026-08-06T12:39:11
MMTXU,0.012199999999999999,100,2026-08-06T12:39:11
MMU,0.015269,150000,2026-08-06T12:39:11
MMVVF,0.084288,150000,2026-08-06T12:39:11
MMXLF,0.025162,600000,2026-08-06T12:39:11
MMYT,0.006632,700000,2026-08-06T12:39:11
MNA,0.015565,100000,2026-08-06T12:39:11
MNAP,0.0025,1300000,2026-08-06T12:39:11
MNAT,0.17859999999999998,2000,2026-08-06T12:39:11
MNBO,0.0025,400,2026-08-06T12:39:11
MNDO,0.044729,1300000,2026-08-06T12:39:11
MNDP,0.0025,2600000,2026-08-06T12:39:11
MNDR,0.447196,55000,2026-08-06T12:39:11
MNDY,0.004947,2000000,2026-08-06T12:39:11
MNGG,0.0025,10000000,2026-08-06T12:39:11
MNHD,0.0025,80000,2026-08-06T12:39:11
MNII,0.0025,1000,2026-08-06T12:39:11
MNILY,0.0025,200,2026-08-06T12:39:11
MNIZ,0.0025,45000,2026-08-06T12:39:11
MNKA.OLD,0.0025,4,2026-08-06T12:39:11
MNKD,0.0038740000000000003,9000000,2026-08-06T12:39:11
MNLU,0.0025,85000,2026-08-06T12:39:11
MNMB,0.005037000000000001,10000,2026-08-06T12:39:11
MNMRF,0.013154999999999998,100000,2026-08-06T12:39:11
MNMT,0.0025,1000,2026-08-06T12:39:11
MNOV,0.015801,700000,2026-08-06T12:39:11
MNPR,0.014971000000000002,20000,2026-08-06T12:39:11
MNR,0.010107999999999999,550000,2026-08-06T12:39:11
MNRO,0.00409,550000,2026-08-06T12:39:11
MNRS,0.14892,40000,2026-08-06T12:39:11
MNSAF,0.058644,15000,2026-08-06T12:39:11
MNSB,0.007935,150000,2026-08-06T12:39:11
MNSBP,0.162096,700,2026-08-06T12:39:11
MNSH,0.106973,100000,2026-08-06T12:39:11
MNSO,0.011221000000000002,2600000,2026-08-06T12:39:11
MNST,0.0025,9900000,2026-08-06T12:39:11
MNTK,0.00758,1100000,2026-08-06T12:39:11
MNTN,0.0036919999999999995,1200000,2026-08-06T12:39:11
MNTR,0.0025,600000,2026-08-06T12:39:11
MNTS,0.080267,750000,2026-08-06T12:39:11
MNTY,0.0025,9300000,2026-08-06T12:39:11
MNVT,0.055554,250000,2026-08-06T12:39:11
MNVWF,0.0025,100000,2026-08-06T12:39:11
MNXXF,0.019576,650000,2026-08-06T12:39:11
MNY,0.004169,1600000,2026-08-06T12:39:11
MNZL,0.047435,10000,2026-08-06T12:39:11
MNZO,0.0025,200000,2026-08-06T12:39:11
MO,0.0025,10000000,2026-08-06T12:39:11
MOAT,0.004735,950000,2026-08-06T12:39:11
MOAT.OLD1,0.0025,40000,2026-08-06T12:39:11
MOB,0.030851000000000003,1900000,2026-08-06T12:39:11
MOBI,0.048156,1100000,2026-08-06T12:39:11
MOBIF,0.133239,100000,2026-08-06T12:39:11
MOBL1,0.0025,10000000,2026-08-06T12:39:11
MOBO,0.0025,7000,2026-08-06T12:39:11
MOBQ,0.00821,300000,2026-08-06T12:39:11
MOBX,0.634869,20000,2026-08-06T12:39:11
MOCI,0.0025,450000,2026-08-06T12:39:11
MOD,0.0025,1000000,2026-08-06T12:39:11
MODC,0.0025,10000000,2026-08-06T12:39:11
MODD,0.008223000000000001,350000,2026-08-06T12:39:11
MODL,0.039173,800,2026-08-06T12:39:11
MODVF,0.008846,4000,2026-08-06T12:39:11
MOG A,0.0026040000000000004,350000,2026-08-06T12:39:11
MOG B,0.043376,500,2026-08-06T12:39:11
MOGMF,0.040802,400000,2026-08-06T12:39:11
MOGU,0.054201,250000,2026-08-06T12:39:11
MOH,0.0025,1600000,2026-08-06T12:39:11
MOHCY,0.0025,100,2026-08-06T12:39:11
MOJO,0.007106,200000,2026-08-06T12:39:11
MOKOY,0.0025,25000,2026-08-06T12:39:11
MOLN,0.060967,45000,2026-08-06T12:39:11
MOMO,0.00255,10000000,2026-08-06T12:39:11
MOMT,0.0025,40000,2026-08-06T12:39:11
MOND,0.058331999999999995,200000,2026-08-06T12:39:11
MONI,0.009834,2900000,2026-08-06T12:39:11
MONOY,0.032246000000000004,100000,2026-08-06T12:39:11
MONRY,0.16910799999999998,25000,2026-08-06T12:39:11
MOO,0.004812,60000,2026-08-06T12:39:11
MOOD,0.007743,100000,2026-08-06T12:39:11
MOOOF,0.14788500000000002,500,2026-08-06T12:39:11
MOPN,0.0025,550000,2026-08-06T12:39:11
MORN,0.004081,450000,2026-08-06T12:39:11
MORT,0.006714,850000,2026-08-06T12:39:11
MOS,0.002782,4700000,2026-08-06T12:39:11
MOTG,0.10415800000000001,6000,2026-08-06T12:39:11
MOTI,0.006842,10000,2026-08-06T12:39:11
MOTNF,0.299511,10000,2026-08-06T12:39:11
MOTO,0.006842,900,2026-08-06T12:39:11
MOTS,3.89865,350000,2026-08-06T12:39:11
MOV,0.003302,250000,2026-08-06T12:39:11
MOVE,0.5558,7000,2026-08-06T12:39:11
MOVT,0.0025,10000000,2026-08-06T12:39:11
MP,0.004908,400000,2026-08-06T12:39:11
MPA,0.035807000000000005,95000,2026-08-06T12:39:11
MPAA,0.002976,250000,2026-08-06T12:39:11
MPAY.USD,0.0025,5000,2026-08-06T12:39:11
MPB,0.004169,1300000,2026-08-06T12:39:11
MPC,0.0025,2900000,2026-08-06T12:39:11
MPCB,0.050427,10000,2026-08-06T12:39:11
MPFRY,0.043268,2000,2026-08-06T12:39:11
MPG,0.43037,100000,2026-08-06T12:39:11
MPGPY,0.09097899999999999,7000,2026-08-06T12:39:11
MPHD,0.0025,30000,2026-08-06T12:39:11
MPIR,0.0025,200,2026-08-06T12:39:11
MPIX,0.0025,9500000,2026-08-06T12:39:11
MPJPY,0.017768,450000,2026-08-06T12:39:11
MPL,0.364728,60000,2026-08-06T12:39:11
MPLT,0.018343,10000,2026-08-06T12:39:11
MPLX,0.0025,5200000,2026-08-06T12:39:11
MPME,0.0025,1000,2026-08-06T12:39:11
MPML,0.0025,2000,2026-08-06T12:39:11
MPNGY,0.021547999999999998,800000,2026-08-06T12:39:11
MPRG,0.0025,950000,2026-08-06T12:39:11
MPRO,0.111619,10000,2026-08-06T12:39:11
MPSN,0.0025,10000,2026-08-06T12:39:11
MPT,0.003509,10000000,2026-08-06T12:39:11
MPTI,0.0025,100000,2026-08-06T12:39:11
MPTT,0.0025,400000,2026-08-06T12:39:11
MPU,0.009772999999999999,8100000,2026-08-06T12:39:11
MPV,0.005578,20000,2026-08-06T12:39:11
MPVDF,0.044675,50000,2026-08-06T12:39:11
MPWR,0.002712,500000,2026-08-06T12:39:11
MPWX,0.072147,25000,2026-08-06T12:39:11
MPXOF,0.0025,750000,2026-08-06T12:39:11
MQ,0.004134,1100000,2026-08-06T12:39:11
MQBKY,0.07346,10000,2026-08-06T12:39:11
MQMIF,0.015560000000000001,35000,2026-08-06T12:39:11
MQQQ,0.252817,9000,2026-08-06T12:39:11
MQY,0.009903,350000,2026-08-06T12:39:11
MRAAY,0.004327,900000,2026-08-06T12:39:11
MRAI,0.004298,100000,2026-08-06T12:39:11
MRAL,0.383133,150000,2026-08-06T12:39:11
MRAM,0.004135,400000,2026-08-06T12:39:11
MRBK,0.004587,200000,2026-08-06T12:39:11
MRCOU,0.572448,450000,2026-08-06T12:39:11
MRCP,0.21387,8000,2026-08-06T12:39:11
MRCY,0.003009,950000,2026-08-06T12:39:11
MRDH,0.0025,30000,2026-08-06T12:39:11
MRDN,0.009559999999999999,500000,2026-08-06T12:39:11
MRDY.OLD,0.0025,13,2026-08-06T12:39:11
MREO,0.028779,4700000,2026-08-06T12:39:11
MREO.OLD1,0.0025,30000,2026-08-06T12:39:11
MRES,0.006586,4800000,2026-08-06T12:39:11
MRGE,0.0025,1800000,2026-08-06T12:39:11
MRGR,0.028492000000000003,700,2026-08-06T12:39:11
MRIB,0.0025,10000000,2026-08-06T12:39:11
MRINQ,1.33076,90000,2026-08-06T12:39:11
MRIVF,0.097141,900,2026-08-06T12:39:11
MRK,0.0025,10000000,2026-08-06T12:39:11
MRKL,0.0025,1800000,2026-08-06T12:39:11
MRKR,0.030897,1100000,2026-08-06T12:39:11
MRKY,0.0025,800,2026-08-06T12:39:11
MRLLF,0.084526,100000,2026-08-06T12:39:11
MRLN,0.184142,1300000,2026-08-06T12:39:11
MRM,0.07527,100000,2026-08-06T12:39:11
MRMD,0.191694,10000000,2026-08-06T12:39:11
MRNA,0.002504,2000000,2026-08-06T12:39:11
MRNFF,0.031098,250000,2026-08-06T12:39:11
MRNJ,0.0025,10000000,2026-08-06T12:39:11
MRNO,0.571852,250000,2026-08-06T12:39:11
MRNX,0.177335,1000,2026-08-06T12:39:11
MRNY,0.136529,50000,2026-08-06T12:39:11
MRP,0.004081,1200000,2026-08-06T12:39:11
MRPI,0.0025,1700000,2026-08-06T12:39:11
MRPLY,0.021069,1000,2026-08-06T12:39:11
MRPS,0.0025,15000,2026-08-06T12:39:11
MRPT,0.0025,150000,2026-08-06T12:39:11
MRSH,0.004081,4200000,2026-08-06T12:39:11
MRSK,0.237829,5000,2026-08-06T12:39:11
MRT,0.20872,1100000,2026-08-06T12:39:11
MRTI,0.0025,4000,2026-08-06T12:39:11
MRTN,0.0033439999999999998,950000,2026-08-06T12:39:11
MRUWY,0.065546,30000,2026-08-06T12:39:11
MRVI,0.00402,2800000,2026-08-06T12:39:11
MRVL,0.0025,10000000,2026-08-06T12:39:11
MRVSY,0.0025,25000,2026-08-06T12:39:11
MRVU,0.17546,150000,2026-08-06T12:39:11
MRVX,0.16966,5000,2026-08-06T12:39:11
MRX,0.004135,3000000,2026-08-06T12:39:11
MRZLF,0.0051849999999999995,90000,2026-08-06T12:39:11
MRZM,0.0025,55000,2026-08-06T12:39:11
MS,0.0025,7700000,2026-08-06T12:39:11
MS PRA,0.012555,650000,2026-08-06T12:39:11
MS PRE,0.056292999999999996,400000,2026-08-06T12:39:11
MS PRF,0.039658,400000,2026-08-06T12:39:11
MS PRI,0.025394,40000,2026-08-06T12:39:11
MS PRK,0.027139000000000003,60000,2026-08-06T12:39:11
MS PRL,0.03651,90000,2026-08-06T12:39:11
MS PRO,0.018875,450000,2026-08-06T12:39:11
MS PRP,0.021726000000000002,100000,2026-08-06T12:39:11
MS PRQ,0.030482,150000,2026-08-06T12:39:11
MSA,0.003487,400000,2026-08-06T12:39:11
MSADY,0.048789,150000,2026-08-06T12:39:11
MSAH,0.0025,250000,2026-08-06T12:39:11
MSAI,0.283481,35000,2026-08-06T12:39:11
MSB,0.0060160000000000005,150000,2026-08-06T12:39:11
MSBB,0.003972,5000,2026-08-06T12:39:11
MSBC,0.005560000000000001,2000,2026-08-06T12:39:11
MSBI,0.006057,300000,2026-08-06T12:39:11
MSBIP,0.073307,200000,2026-08-06T12:39:11
MSBM,0.0025,15000,2026-08-06T12:39:11
MSBN,0.0025,5000,2026-08-06T12:39:11
MSBT,0.032812,700000,2026-08-06T12:39:11
MSC,0.0028060000000000003,85000,2026-08-06T12:39:11
MSCH,0.0025,8000,2026-08-06T12:39:11
MSCI,0.00413,800000,2026-08-06T12:39:11
MSD,0.039317000000000005,250000,2026-08-06T12:39:11
MSDL,0.042141000000000005,100000,2026-08-06T12:39:11
MSEX,0.002591,100000,2026-08-06T12:39:11
MSEXP,0.103038,100,2026-08-06T12:39:11
MSFC,0.129976,4000,2026-08-06T12:39:11
MSFD,0.211356,100000,2026-08-06T12:39:11
MSFL,0.05718,35000,2026-08-06T12:39:11
MSFO,0.042009,100000,2026-08-06T12:39:11
MSFT,0.004081,10000000,2026-08-06T12:39:11
MSFU,0.09439600000000001,100000,2026-08-06T12:39:11
MSFW,0.0025,25000,2026-08-06T12:39:11
MSFX,0.038239999999999996,50000,2026-08-06T12:39:11
MSFY,0.043376,85000,2026-08-06T12:39:11
MSGE,0.0025,1200000,2026-08-06T12:39:11
MSGM,0.8525449999999999,450000,2026-08-06T12:39:11
MSGP,0.0025,800,2026-08-06T12:39:11
MSGS,0.004135,200000,2026-08-06T12:39:11
MSGY,0.27476,300000,2026-08-06T12:39:11
MSHE,0.0025,3200000,2026-08-06T12:39:11
MSI,0.004105,1400000,2026-08-06T12:39:11
MSIF,0.008116,1000000,2026-08-06T12:39:11
MSIU,0.0025,10000,2026-08-06T12:39:11
MSLC,0.128171,30000,2026-08-06T12:39:11
MSLE,0.042271,250000,2026-08-06T12:39:11
MSLM,0.0025,1000,2026-08-06T12:39:11
MSLOY,0.031198,100000,2026-08-06T12:39:11
MSLPQ,0.0025,200000,2026-08-06T12:39:11
MSM,0.002782,1300000,2026-08-06T12:39:11
MSMGF,0.011560999999999998,250000,2026-08-06T12:39:11
MSMMF,0.012137,65000,2026-08-06T12:39:11
MSMT,0.0025,45,2026-08-06T12:39:11
MSMY,0.0025,7300000,2026-08-06T12:39:11
MSN,0.041844,250000,2026-08-06T12:39:11
MSNVF,0.0025,35000,2026-08-06T12:39:11
MSOA,0.043376,300,2026-08-06T12:39:11
MSOL,0.10925900000000001,6000,2026-08-06T12:39:11
MSOS,0.002782,8900000,2026-08-06T12:39:11
MSOX,0.038023,200000,2026-08-06T12:39:11
MSPC,0.0025,10000000,2026-08-06T12:39:11
MSPR,0.309939,800000,2026-08-06T12:39:11
MSQFL,0.004961999999999999,15000,2026-08-06T12:39:11
MSRM,0.0025,95000,2026-08-06T12:39:11
MSRM.OLD1,0.109679,1900000,2026-08-06T12:39:11
MSS,0.878999,100000,2026-08-06T12:39:11
MSSAF,0.018587,1000,2026-08-06T12:39:11
MSSE,0.108376,15000,2026-08-06T12:39:11
MSSGF,0.027174999999999998,25000,2026-08-06T12:39:11
MSSI,0.0025,2000000,2026-08-06T12:39:11
MSSM,0.153277,2000,2026-08-06T12:39:11
MSSMY,0.0025,10000,2026-08-06T12:39:11
MSSS,0.12077500000000001,400,2026-08-06T12:39:11
MSST,0.046082,1000,2026-08-06T12:39:11
MSSUF,0.01464,100,2026-08-06T12:39:11
MST,0.169015,65000,2026-08-06T12:39:11
MSTB,0.040670000000000005,200000,2026-08-06T12:39:11
MSTF,0.0025,10000000,2026-08-06T12:39:11
MSTG,0.14892,500000,2026-08-06T12:39:11
MSTH,0.0025,1000,2026-08-06T12:39:11
MSTO,0.0025,6000000,2026-08-06T12:39:11
MSTP,0.343474,50000,2026-08-06T12:39:11
MSTQ,1.3693309999999999,4000,2026-08-06T12:39:11
MSTR,0.002856,9800000,2026-08-06T12:39:11
MSTU,0.121409,750000,2026-08-06T12:39:11
MSTW,0.027967,150000,2026-08-06T12:39:11
MSTX,0.18180800000000003,40000,2026-08-06T12:39:11
MSTY,0.067008,500000,2026-08-06T12:39:11
MSTZ,0.121968,650000,2026-08-06T12:39:11
MSVE,0.0025,450000,2026-08-06T12:39:11
MSWM,0.0025,2100000,2026-08-06T12:39:11
MSWV,0.00821,35000,2026-08-06T12:39:11
MT,0.0041589999999999995,200000,2026-08-06T12:39:11
MTA,0.008153,950000,2026-08-06T12:39:11
MTAKU,0.06232,450000,2026-08-06T12:39:11
MTAL,0.166402,400000,2026-08-06T12:39:11
MTAL U,0.332466,200,2026-08-06T12:39:11
MTB,0.0042109999999999995,1400000,2026-08-06T12:39:11
MTB PRH,0.093958,150000,2026-08-06T12:39:11
MTB PRJ,0.026225000000000002,50000,2026-08-06T12:39:11
MTB PRK,0.069356,150000,2026-08-06T12:39:11
MTB PRL,0.009266,450000,2026-08-06T12:39:11
MTBA,0.01045,300000,2026-08-06T12:39:11
MTBLY,0.132682,5700000,2026-08-06T12:39:11
MTBR,0.0025,50000,2026-08-06T12:39:11
MTC,0.060876,450000,2026-08-06T12:39:11
MTCH,0.004081,6000000,2026-08-06T12:39:11
MTCH1,0.0025,2100000,2026-08-06T12:39:11
MTCI,0.0025,45000,2026-08-06T12:39:11
MTCPY,0.0025,2000,2026-08-06T12:39:11
MTD,0.002782,200000,2026-08-06T12:39:11
MTDR,0.0038050000000000002,700000,2026-08-06T12:39:11
MTEI,0.0025,950000,2026-08-06T12:39:11
MTEK,0.13658,300000,2026-08-06T12:39:11
MTEN,1.840752,100000,2026-08-06T12:39:11
MTEX,0.042361,9000,2026-08-06T12:39:11
MTG,0.004081,4100000,2026-08-06T12:39:11
MTGH,0.0025,4000000,2026-08-06T12:39:11
MTH,0.00302,800000,2026-08-06T12:39:11
MTHRY,0.057149,550000,2026-08-06T12:39:11
MTIZ,0.0025,10000,2026-08-06T12:39:11
MTLFF,0.00752,60000,2026-08-06T12:39:11
MTLHY,0.0025,1000,2026-08-06T12:39:11
MTLI,0.0025,500,2026-08-06T12:39:11
MTLK,0.0025,1000,2026-08-06T12:39:11
MTLMY,0.07821,15000,2026-08-06T12:39:11
MTLS,0.007572,400000,2026-08-06T12:39:11
MTN,0.006993,150000,2026-08-06T12:39:11
MTNB,0.460139,850000,2026-08-06T12:39:11
MTNE,0.811951,1000000,2026-08-06T12:39:11
MTNE U,0.793007,80000,2026-08-06T12:39:11
MTNOY,0.004441,45000,2026-08-06T12:39:11
MTPP,0.0025,100000,2026-08-06T12:39:11
MTR,0.043268,80000,2026-08-06T12:39:11
MTRAF,0.00492,2800000,2026-08-06T12:39:11
MTRE,0.0025,9000,2026-08-06T12:39:11
MTRN,0.003908,400000,2026-08-06T12:39:11
MTRO,0.0025,7300000,2026-08-06T12:39:11
MTRT,0.0025,15000,2026-08-06T12:39:11
MTRX,0.024845000000000002,1000000,2026-08-06T12:39:11
MTSFY,0.019042,150000,2026-08-06T12:39:11
MTSG,0.114388,100,2026-08-06T12:39:11
MTSI,0.004081,1000000,2026-08-06T12:39:11
MTST,0.0025,10000,2026-08-06T12:39:11
MTSUY,0.050735,200000,2026-08-06T12:39:11
MTTAF,0.013392,150000,2026-08-06T12:39:11
MTTCF,0.0025,25000,2026-08-06T12:39:11
MTTRF,0.004862,350000,2026-08-06T12:39:11
MTUAY,0.065026,10000,2026-08-06T12:39:11
MTUL,0.14892,1000,2026-08-06T12:39:11
MTUM,0.00642,350000,2026-08-06T12:39:11
MTUS,0.00414,900000,2026-08-06T12:39:11
MTVA,0.979181,300000,2026-08-06T12:39:11
MTVO,0.0025,200,2026-08-06T12:39:11
MTVX,0.0025,10000000,2026-08-06T12:39:11
MTW,0.016706000000000002,900000,2026-08-06T12:39:11
MTWO,0.178704,10000000,2026-08-06T12:39:11
MTX,0.003328,350000,2026-08-06T12:39:11
MTYY,0.05444,1000,2026-08-06T12:39:11
MTZ,0.0028120000000000003,800000,2026-08-06T12:39:11
MU,0.0025,10000000,2026-08-06T12:39:11
MUB,0.061057,1400000,2026-08-06T12:39:11
MUC,0.004522,95000,2026-08-06T12:39:11
MUD,0.275443,1100000,2026-08-06T12:39:11
MUEL,0.0025,1000,2026-08-06T12:39:11
MUFG,0.003996,900000,2026-08-06T12:39:11
MUJ,0.055103,500000,2026-08-06T12:39:11
MULI,0.0025,100000,2026-08-06T12:39:11
MULL,0.090567,100000,2026-08-06T12:39:11
MUND,0.14621399999999998,100,2026-08-06T12:39:11
MUNI,0.043547,65000,2026-08-06T12:39:11
MUNMF,0.008039,1700000,2026-08-06T12:39:11
MUNY,0.030822,65000,2026-08-06T12:39:11
MUR,0.002782,1100000,2026-08-06T12:39:11
MURGY,0.036839,650000,2026-08-06T12:39:11
MURMF,0.13811,900,2026-08-06T12:39:11
MUSA,0.003525,200000,2026-08-06T12:39:11
MUSE,0.004244,600,2026-08-06T12:39:11
MUSLF,0.009439999999999999,85000,2026-08-06T12:39:11
MUSQ,0.10020699999999999,60000,2026-08-06T12:39:11
MUST,0.020675,85000,2026-08-06T12:39:11
MUU,0.080531,200000,2026-08-06T12:39:11
MUX,0.004815,350000,2026-08-06T12:39:11
MUYY,0.081358,30000,2026-08-06T12:39:11
MUZ,0.56636,400000,2026-08-06T12:39:11
MUZE,0.012254000000000001,300000,2026-08-06T12:39:11
MUZEU,0.012199999999999999,300000,2026-08-06T12:39:11
MVAL,0.097501,3000,2026-08-06T12:39:11
MVBF,0.0040999999999999995,300000,2026-08-06T12:39:11
MVBY,0.0025,10000000,2026-08-06T12:39:11
MVES,0.0025,1700000,2026-08-06T12:39:11
MVIS,0.147386,150000,2026-08-06T12:39:11
MVIV,0.0025,500,2026-08-06T12:39:11
MVLA,0.0032329999999999998,4100000,2026-08-06T12:39:11
MVLL,0.134185,100000,2026-08-06T12:39:11
MVLY,0.0033239999999999997,900,2026-08-06T12:39:11
MVMDF,0.016329,550000,2026-08-06T12:39:11
MVNC,0.0025,300000,2026-08-06T12:39:11
MVNT,0.0025,75000,2026-08-06T12:39:11
MVPA,0.07288,75000,2026-08-06T12:39:11
MVPI,0.0025,1100000,2026-08-06T12:39:11
MVPL,0.103686,4000,2026-08-06T12:39:11
MVRL,0.045811000000000004,20000,2026-08-06T12:39:11
MVRM,0.0025,10000,2026-08-06T12:39:11
MVST,0.007425,6000000,2026-08-06T12:39:11
MVTS,0.0025,1900000,2026-08-06T12:39:11
MVV,0.09885400000000001,90000,2026-08-06T12:39:11
MVVYF,0.0025,20000,2026-08-06T12:39:11
MWA,0.0028970000000000003,1400000,2026-08-06T12:39:11
MWAI,0.006358,20000,2026-08-06T12:39:11
MWC,4.601128,300000,2026-08-06T12:39:11
MWG,0.42389899999999997,100000,2026-08-06T12:39:11
MWH,0.004115,1800000,2026-08-06T12:39:11
MWHS,0.125917,9000,2026-08-06T12:39:11
MWOG,0.0025,20000,2026-08-06T12:39:11
MWWC,0.009834,10000000,2026-08-06T12:39:11
MWYN,0.170205,200000,2026-08-06T12:39:11
MX,0.005004,2100000,2026-08-06T12:39:11
MXC,0.25283,50000,2026-08-06T12:39:11
MXCHY,0.124455,20000,2026-08-06T12:39:11
MXCT,0.003858,2700000,2026-08-06T12:39:11
MXE,0.19222,400000,2026-08-06T12:39:11
MXF,0.010901000000000001,300000,2026-08-06T12:39:11
MXGFF,0.055861999999999995,10000,2026-08-06T12:39:11
MXI,0.018314999999999998,6000,2026-08-06T12:39:11
MXL,0.003491,2300000,2026-08-06T12:39:11
MXLGF,0.004135,20000,2026-08-06T12:39:11
MXOM,0.0025,1100000,2026-08-06T12:39:11
MXROF,0.039047,45000,2026-08-06T12:39:11
MXSG,0.0025,5800000,2026-08-06T12:39:11
MXUBY,0.150378,2000,2026-08-06T12:39:11
MXXH,0.0025,350000,2026-08-06T12:39:11
MYCB,0.0025,10000,2026-08-06T12:39:11
MYCF,0.036610000000000004,70000,2026-08-06T12:39:11
MYCG,0.08397,100,2026-08-06T12:39:11
MYCH,0.132682,350000,2026-08-06T12:39:11
MYCI,0.173276,1000,2026-08-06T12:39:11
MYCJ,0.073145,1000,2026-08-06T12:39:11
MYCL,0.045493,100,2026-08-06T12:39:11
MYCOF,0.32721200000000006,2000,2026-08-06T12:39:11
MYDP,0.0025,2600000,2026-08-06T12:39:11
MYDX,0.0025,10000000,2026-08-06T12:39:11
MYE,0.003142,300000,2026-08-06T12:39:11
MYEC,0.0025,4300000,2026-08-06T12:39:11
MYFW,0.008185,250000,2026-08-06T12:39:11
MYGG,0.0025,250000,2026-08-06T12:39:11
MYGN,0.0043630000000000006,4400000,2026-08-06T12:39:11
MYHA.OLD,0.0025,3000,2026-08-06T12:39:11
MYHI,0.0025,650000,2026-08-06T12:39:11
MYI,0.005048,200000,2026-08-06T12:39:11
MYIDF,0.025352,200000,2026-08-06T12:39:11
MYLD,0.077108,4000,2026-08-06T12:39:11
MYLKF,0.09037200000000001,1200000,2026-08-06T12:39:11
MYMF,0.067624,100,2026-08-06T12:39:11
MYMH,1.6752449999999999,15000,2026-08-06T12:39:11
MYMX,0.0025,1000,2026-08-06T12:39:11
MYN,0.00735,800000,2026-08-06T12:39:11
MYND,0.043021000000000004,500000,2026-08-06T12:39:11
MYO,0.016329,550000,2026-08-06T12:39:11
MYPS,0.004621,2500000,2026-08-06T12:39:11
MYRA,0.0025,200000,2026-08-06T12:39:11
MYRG,0.002782,300000,2026-08-06T12:39:11
MYRL,0.0025,85000,2026-08-06T12:39:11
MYRUF,0.047059,1400000,2026-08-06T12:39:11
MYRX,0.10076399999999999,1800000,2026-08-06T12:39:11
MYSE,0.353236,400000,2026-08-06T12:39:11
MYSZ,0.032386,200000,2026-08-06T12:39:11
MYTKY,0.045579999999999996,50000,2026-08-06T12:39:11
MYX,0.23281400000000002,300000,2026-08-06T12:39:11
MYXXU,0.012199999999999999,500,2026-08-06T12:39:11
MYY,0.1419,10000,2026-08-06T12:39:11
MZBY,0.0025,2500000,2026-08-06T12:39:11
MZDAY,0.050472,150000,2026-08-06T12:39:11
MZTI,0.004135,150000,2026-08-06T12:39:11
MZYX,0.37489199999999995,800000,2026-08-06T12:39:11
MZYX U,0.012199999999999999,8000,2026-08-06T12:39:11
MZZ,0.08969099999999999,6000,2026-08-06T12:39:11
,0.166089,100000,2026-08-06T12:39:11
NAAS,0.135724,150000,2026-08-06T12:39:11
NABL,0.0042309999999999995,2700000,2026-08-06T12:39:11
NABZY,0.031558,650000,2026-08-06T12:39:11
NAC,0.077454,30000,2026-08-06T12:39:11
NACG,0.0025,90000,2026-08-06T12:39:11
NACP,0.354595,70000,2026-08-06T12:39:11
NACQQ,0.0025,15000,2026-08-06T12:39:11
NAD,0.036041,10000,2026-08-06T12:39:11
NAGE,0.004133,6300000,2026-08-06T12:39:11
NAGP,0.0025,550000,2026-08-06T12:39:11
NAHD,0.002782,10000,2026-08-06T12:39:11
NAII,0.043019,80000,2026-08-06T12:39:11
NAIL,0.011005000000000001,300000,2026-08-06T12:39:11
NAK,0.005883,8500000,2026-08-06T12:39:11
NAKA,0.007859,500000,2026-08-06T12:39:11
NALG,0.0025,250000,2026-08-06T12:39:11
NAMG,0.0025,350000,2026-08-06T12:39:11
NAMI,0.31693899999999997,100000,2026-08-06T12:39:11
NAMM,1.318174,550000,2026-08-06T12:39:11
NAMS,0.003493,350000,2026-08-06T12:39:11
NAN,0.271338,100000,2026-08-06T12:39:11
NANC,0.004451,30000,2026-08-06T12:39:11
NANI,0.0025,3900000,2026-08-06T12:39:11
NANM,0.0025,10000,2026-08-06T12:39:11
NANN.OLD,0.0025,8,2026-08-06T12:39:11
NANR,0.043629,30000,2026-08-06T12:39:11
NAPR,0.048112,50000,2026-08-06T12:39:11
NASA,0.012043,2800000,2026-08-06T12:39:11
NASB,0.006586,9000,2026-08-06T12:39:11
NASC,0.003987,700000,2026-08-06T12:39:11
NASO,0.002782,4000,2026-08-06T12:39:11
NAT,0.003408,2600000,2026-08-06T12:39:11
NATBF,0.089073,350000,2026-08-06T12:39:11
NATH,0.008829,100000,2026-08-06T12:39:11
NATL,0.004081,2000000,2026-08-06T12:39:11
NATM,0.0025,2000,2026-08-06T12:39:11
NATO,0.00695,4000,2026-08-06T12:39:11
NATR,0.00814,450000,2026-08-06T12:39:11
NATUF,0.0025,2900000,2026-08-06T12:39:11
NAUFF,0.006651000000000001,6900000,2026-08-06T12:39:11
NAUG,0.128623,15000,2026-08-06T12:39:11
NAUH,0.0025,15000,2026-08-06T12:39:11
NAUT,0.004246,3600000,2026-08-06T12:39:11
NAVBQ,0.065853,700000,2026-08-06T12:39:11
NAVI,0.0041849999999999995,1800000,2026-08-06T12:39:11
NAVN,0.004083,1700000,2026-08-06T12:39:11
NAYN,0.0025,3500000,2026-08-06T12:39:11
NAZ,0.569127,7000,2026-08-06T12:39:11
NB,0.004135,6000000,2026-08-06T12:39:11
NBB,0.014853,15000,2026-08-06T12:39:11
NBBK,0.008153,1300000,2026-08-06T12:39:11
NBCM,0.054693,200000,2026-08-06T12:39:11
NBCR,0.16078099999999998,3000,2026-08-06T12:39:11
NBDR,0.0025,150000,2026-08-06T12:39:11
NBDS,0.173817,1000,2026-08-06T12:39:11
NBET,0.109733,4000,2026-08-06T12:39:11
NBEVQ,0.07089000000000001,5700000,2026-08-06T12:39:11
NBFC,0.18669899999999998,500,2026-08-06T12:39:11
NBFR,0.047840999999999995,80000,2026-08-06T12:39:11
NBGRY,0.049075,70000,2026-08-06T12:39:11
NBH,0.037279,40000,2026-08-06T12:39:11
NBHC,0.002597,1300000,2026-08-06T12:39:11
NBIE,0.044119,4000,2026-08-06T12:39:11
NBIG,0.10561999999999999,30000,2026-08-06T12:39:11
NBIL,0.08556599999999999,650000,2026-08-06T12:39:11
NBIO,0.0025,90000,2026-08-06T12:39:11
NBIS,0.005366999999999999,3000000,2026-08-06T12:39:11
NBIX,0.004081,2400000,2026-08-06T12:39:11
NBIZ,0.548657,65000,2026-08-06T12:39:11
NBJP,0.043972,7000,2026-08-06T12:39:11
NBLC,0.0025,5000,2026-08-06T12:39:11
NBLXF,0.124774,350000,2026-08-06T12:39:11
NBMFF,0.102921,55000,2026-08-06T12:39:11
NBN,0.003397,250000,2026-08-06T12:39:11
NBND,0.013081,10000000,2026-08-06T12:39:11
NBOS,0.032931,500,2026-08-06T12:39:11
NBP,0.031791,5800000,2026-08-06T12:39:11
NBR,0.004103,300000,2026-08-06T12:39:11
NBRG,0.14892,500000,2026-08-06T12:39:11
NBRGU,0.012199999999999999,300,2026-08-06T12:39:11
NBRI,0.0025,10000000,2026-08-06T12:39:11
NBSD,0.091104,50000,2026-08-06T12:39:11
NBSM,0.097501,10000,2026-08-06T12:39:11
NBST,0.01464,1000,2026-08-06T12:39:11
NBSTU,0.01464,600,2026-08-06T12:39:11
NBTB,0.003759,300000,2026-08-06T12:39:11
NBTX,1.925311,40000,2026-08-06T12:39:11
NBVAF,0.0070409999999999995,300000,2026-08-06T12:39:11
NBVG,0.0025,4300000,2026-08-06T12:39:11
NBXG,0.018475,2000000,2026-08-06T12:39:11
NC,0.0029070000000000003,40000,2026-08-06T12:39:11
NCAP,0.0025,2500000,2026-08-06T12:39:11
NCAUF,0.050363,200000,2026-08-06T12:39:11
NCBDY,0.190361,65000,2026-08-06T12:39:11
NCDL,0.005975,850000,2026-08-06T12:39:11
NCDP,0.0025,7200000,2026-08-06T12:39:11
NCEL,0.106751,100000,2026-08-06T12:39:11
NCEN,0.0025,1200000,2026-08-06T12:39:11
NCEW,0.221847,150000,2026-08-06T12:39:11
NCI,1.0920480000000001,15000,2026-08-06T12:39:11
NCIQ,0.041007999999999996,30000,2026-08-06T12:39:11
NCIS,0.0025,50000,2026-08-06T12:39:11
NCL,0.11970599999999999,500000,2026-08-06T12:39:11
NCLH,0.003011,1600000,2026-08-06T12:39:11
NCLO,0.0518,15000,2026-08-06T12:39:11
NCLTY,0.030708000000000003,200000,2026-08-06T12:39:11
NCMI,0.004648,300000,2026-08-06T12:39:11
NCNA,0.064077,150000,2026-08-06T12:39:11
NCNCF,0.077706,700000,2026-08-06T12:39:11
NCNO,0.002815,650000,2026-08-06T12:39:11
NCO,0.013607000000000001,100000,2026-08-06T12:39:11
NCOOU,0.311295,1000,2026-08-06T12:39:11
NCPCF,0.006415,25000,2026-08-06T12:39:11
NCPI,0.0025,95000,2026-08-06T12:39:11
NCPL,0.23822600000000002,200000,2026-08-06T12:39:11
NCRA,3.2185289999999998,6000,2026-08-06T12:39:11
NCRE,0.0025,2000,2026-08-06T12:39:11
NCSM,0.005148000000000001,30000,2026-08-06T12:39:11
NCT,5.510819000000001,9000,2026-08-06T12:39:11
NCTW,0.0025,100000,2026-08-06T12:39:11
NCTY,0.080052,300000,2026-08-06T12:39:11
NCV,0.037722000000000006,70000,2026-08-06T12:39:11
NCV PRA,0.020373000000000002,80000,2026-08-06T12:39:11
NCVT,0.0025,1700000,2026-08-06T12:39:11
NCZ,0.053401,70000,2026-08-06T12:39:11
NCZ PRA,0.053863,200000,2026-08-06T12:39:11
NDAQ,0.004298,5600000,2026-08-06T12:39:11
NDATF,0.0025,60000,2026-08-06T12:39:11
NDBKY,0.048789,95000,2026-08-06T12:39:11
NDDG.OLD,0.0025,3000,2026-08-06T12:39:11
NDEC,0.0025,10000,2026-08-06T12:39:11
NDEKY,0.013139000000000001,450000,2026-08-06T12:39:11
NDEV,0.0025,100000,2026-08-06T12:39:11
NDIA,0.281526,150000,2026-08-06T12:39:11
NDIV,0.055467,4000,2026-08-06T12:39:11
NDLS,0.004108,200000,2026-08-06T12:39:11
NDMO,0.032744,100000,2026-08-06T12:39:11
NDRA,0.038123,55000,2026-08-06T12:39:11
NDSN,0.0025,450000,2026-08-06T12:39:11
NDTP,0.0025,8000,2026-08-06T12:39:11
NDVLY,0.0025,7000,2026-08-06T12:39:11
NDVNQ,0.0025,500000,2026-08-06T12:39:11
NE,0.0032440000000000004,600000,2026-08-06T12:39:11
NEA,0.020743,950000,2026-08-06T12:39:11
NEAR,0.004135,500000,2026-08-06T12:39:11
NEBX,0.055469,600000,2026-08-06T12:39:11
NECB,0.012182,550000,2026-08-06T12:39:11
NECPY,0.116445,1000,2026-08-06T12:39:11
NEE,0.0025,9900000,2026-08-06T12:39:11
NEE PRN,0.06526,100000,2026-08-06T12:39:11
NEE PRS,0.008258999999999999,1000000,2026-08-06T12:39:11
NEE PRT,0.020072,1000000,2026-08-06T12:39:11
NEE PRU,0.013975999999999999,35000,2026-08-06T12:39:11
NEE PRV,0.043726,550000,2026-08-06T12:39:11
NEE PRW,0.016314,600000,2026-08-06T12:39:11
NEGG,0.25935199999999997,35000,2026-08-06T12:39:11
NEGS,0.0025,10000,2026-08-06T12:39:11
NEGY,0.0025,5000,2026-08-06T12:39:11
NEHI,0.051495,85000,2026-08-06T12:39:11
NEIK,0.0025,100000,2026-08-06T12:39:11
NEKO,0.0025,30000,2026-08-06T12:39:11
NELS,0.034152999999999996,15000,2026-08-06T12:39:11
NEM,0.004081,10000000,2026-08-06T12:39:11
NEMD,0.045675999999999994,35000,2026-08-06T12:39:11
NEMG,0.040670000000000005,30000,2026-08-06T12:39:11
NEMKY,0.22740100000000002,800,2026-08-06T12:39:11
NEN,0.097501,100000,2026-08-06T12:39:11
NEO,0.004081,850000,2026-08-06T12:39:11
NEOG,0.004135,2700000,2026-08-06T12:39:11
NEOM,0.0025,10000000,2026-08-06T12:39:11
NEON,0.002835,550000,2026-08-06T12:39:11
NEOV,0.018172,450000,2026-08-06T12:39:11
NEPH,0.015488,950000,2026-08-06T12:39:11
NEPTF,3.296304,200000,2026-08-06T12:39:11
NERD,0.005489000000000001,9000,2026-08-06T12:39:11
NERG,0.0025,10000000,2026-08-06T12:39:11
NERV,0.03007,2800000,2026-08-06T12:39:11
NESCQ,0.0025,400,2026-08-06T12:39:11
NESR,0.002525,900000,2026-08-06T12:39:11
NESS,0.0025,150000,2026-08-06T12:39:11
NESV,0.0025,6300000,2026-08-06T12:39:11
NET,0.004037,4300000,2026-08-06T12:39:11
NETG,0.059118000000000004,40000,2026-08-06T12:39:11
NETL,0.047550999999999996,15000,2026-08-06T12:39:11
NEU,0.004203,60000,2026-08-06T12:39:11
NEUN,0.0025,55000,2026-08-06T12:39:11
NEUP,0.146019,900000,2026-08-06T12:39:11
NEVE,0.0025,1,2026-08-06T12:39:11
NEWC,0.0025,5500000,2026-08-06T12:39:11
NEWDF,0.045556,15000,2026-08-06T12:39:11
NEWG,0.0025,20000,2026-08-06T12:39:11
NEWH,0.041706,10000000,2026-08-06T12:39:11
NEWLF,0.0025,10000000,2026-08-06T12:39:11
NEWN,0.044922000000000004,200000,2026-08-06T12:39:11
NEWP,0.042192999999999994,5200000,2026-08-06T12:39:11
NEWT,0.002787,2000000,2026-08-06T12:39:11
NEWTG,0.219745,100000,2026-08-06T12:39:11
NEWTH,0.047435,100000,2026-08-06T12:39:11
NEWTI,0.090735,30000,2026-08-06T12:39:11
NEWTP,0.07557699999999999,15000,2026-08-06T12:39:11
NEWZ,0.097501,10000,2026-08-06T12:39:11
NEXA,0.148008,1800000,2026-08-06T12:39:11
NEXCF,0.034977,8100000,2026-08-06T12:39:11
NEXD,0.0025,1000,2026-08-06T12:39:11
NEXI,0.75072,30000,2026-08-06T12:39:11
NEXM,0.028409,700000,2026-08-06T12:39:11
NEXN,0.006358,1700000,2026-08-06T12:39:11
NEXNF,0.027578000000000002,25000,2026-08-06T12:39:11
NEXOY,0.06676,30000,2026-08-06T12:39:11
NEXS,0.0025,1200000,2026-08-06T12:39:11
NEXT,0.004637,150000,2026-08-06T12:39:11
NEXUF,0.045556,15000,2026-08-06T12:39:11
NEXXY,0.509826,40000,2026-08-06T12:39:11
NFE,0.131222,600000,2026-08-06T12:39:11
NFEB,0.14892,1000,2026-08-06T12:39:11
NFEI,0.0025,2000,2026-08-06T12:39:11
NFG,0.004081,900000,2026-08-06T12:39:11
NFGC,0.008556000000000001,1300000,2026-08-06T12:39:11
NFJ,0.014428000000000002,2300000,2026-08-06T12:39:11
NFLDF,0.030878000000000003,250000,2026-08-06T12:39:11
NFLP,0.0038250000000000003,10000,2026-08-06T12:39:11
NFLT,0.8985509999999999,30000,2026-08-06T12:39:11
NFLU,0.06617,45000,2026-08-06T12:39:11
NFLW,0.085366,15000,2026-08-06T12:39:11
NFLX,0.002819,10000000,2026-08-06T12:39:11
NFLY,0.020118,85000,2026-08-06T12:39:11
NFPC,0.0025,4000,2026-08-06T12:39:11
NFRA,0.026136,2800000,2026-08-06T12:39:11
NFRX,0.097501,20000,2026-08-06T12:39:11
NFSN,0.0025,35000,2026-08-06T12:39:11
NFTFF,0.282326,550000,2026-08-06T12:39:11
NFTI,0.0025,1000,2026-08-06T12:39:11
NFTM,0.0025,2000,2026-08-06T12:39:11
NFTY,0.037964000000000005,150000,2026-08-06T12:39:11
NFXL,0.029278,350000,2026-08-06T12:39:11
NFXS,0.400601,150000,2026-08-06T12:39:11
NG,0.004135,2400000,2026-08-06T12:39:11
NGBL,0.0025,10000000,2026-08-06T12:39:11
NGCRY,0.0033239999999999997,400,2026-08-06T12:39:11
NGEN,0.011128,900000,2026-08-06T12:39:11
NGEY,0.0025,10000,2026-08-06T12:39:11
NGG,0.004298,550000,2026-08-06T12:39:11
NGHO,0.0025,6000,2026-08-06T12:39:11
NGKSY,0.0025,1000,2026-08-06T12:39:11
NGL,0.019243,5300000,2026-08-06T12:39:11
NGL PRB,0.068106,500000,2026-08-06T12:39:11
NGL PRC,0.090415,45000,2026-08-06T12:39:11
NGLD,0.02866,65000,2026-08-06T12:39:11
NGLE,0.0025,2,2026-08-06T12:39:11
NGLOY,0.039445,300000,2026-08-06T12:39:11
NGMC,0.0025,1000,2026-08-06T12:39:11
NGN,0.004,300000,2026-08-06T12:39:11
NGNE,0.003649,100000,2026-08-06T12:39:11
NGPHF,0.018017000000000002,500000,2026-08-06T12:39:11
NGRBF,0.579662,300,2026-08-06T12:39:11
NGRC,0.0025,35000,2026-08-06T12:39:11
NGRP,0.0025,1000,2026-08-06T12:39:11
NGS,0.005321,250000,2026-08-06T12:39:11
NGTF,0.047181,6000000,2026-08-06T12:39:11
NGUGF,0.0025,600000,2026-08-06T12:39:11
NGVC,0.003215,300000,2026-08-06T12:39:11
NGVT,0.004081,550000,2026-08-06T12:39:11
NGXXF,0.00739,200000,2026-08-06T12:39:11
NHC,0.004146,90000,2026-08-06T12:39:11
NHEL,0.0025,250000,2026-08-06T12:39:11
NHHHF,0.0033239999999999997,3000000,2026-08-06T12:39:11
NHI,0.0030930000000000003,500000,2026-08-06T12:39:11
NHIC,0.013156000000000001,150000,2026-08-06T12:39:11
NHIV,0.012199999999999999,550000,2026-08-06T12:39:11
NHIVU,0.159745,200000,2026-08-06T12:39:11
NHLG,0.0025,6000000,2026-08-06T12:39:11
NHLI,0.0025,100000,2026-08-06T12:39:11
NHMD,0.0025,10000000,2026-08-06T12:39:11
NHNKY,0.39095399999999997,5000,2026-08-06T12:39:11
NHP,0.017466,1900000,2026-08-06T12:39:11
NHPAP,0.156755,85000,2026-08-06T12:39:11
NHPBP,0.288968,45000,2026-08-06T12:39:11
NHPR,0.0025,75000,2026-08-06T12:39:11
NHS,0.013908,750000,2026-08-06T12:39:11
NHTC,0.004084,100000,2026-08-06T12:39:11
NHYB,0.0025,900,2026-08-06T12:39:11
NHYDY,0.037578,750000,2026-08-06T12:39:11
NHYM,0.064763,5000,2026-08-06T12:39:11
NI,0.004081,5700000,2026-08-06T12:39:11
NIABY,0.011739999999999999,3000,2026-08-06T12:39:11
NIC,0.0028060000000000003,150000,2026-08-06T12:39:11
NICE,0.005026,800000,2026-08-06T12:39:11
NICH,0.0025,2800000,2026-08-06T12:39:11
NICLF,0.037801999999999995,10000,2026-08-06T12:39:11
NICM,1.703142,20000,2026-08-06T12:39:11
NIDB,0.0025,6000,2026-08-06T12:39:11
NIE,0.020373000000000002,80000,2026-08-06T12:39:11
NIHI,0.061406999999999996,80000,2026-08-06T12:39:11
NIHK,0.0025,100000,2026-08-06T12:39:11
NIHL,0.004135,100,2026-08-06T12:39:11
NIKA,0.0025,30000,2026-08-06T12:39:11
NIKI,1.097837,75000,2026-08-06T12:39:11
NIKL,0.010901000000000001,300000,2026-08-06T12:39:11
NILA,0.0025,200000,2026-08-06T12:39:11
NIM,0.137644,1000,2026-08-06T12:39:11
NINE,0.080151,1300000,2026-08-06T12:39:11
NINOY,0.175309,10000,2026-08-06T12:39:11
NIO,0.004157,10000000,2026-08-06T12:39:11
NIOG,0.088029,100000,2026-08-06T12:39:11
NIOMF,0.038018,80000,2026-08-06T12:39:11
NIPG,0.571208,35000,2026-08-06T12:39:11
NIQ,0.004292000000000001,550000,2026-08-06T12:39:11
NITE,0.15831,30000,2026-08-06T12:39:11
NIU,0.005573,3300000,2026-08-06T12:39:11
NIUS,0.0025,400,2026-08-06T12:39:11
NIVF,0.907581,250000,2026-08-06T12:39:11
NIVS,0.0025,250000,2026-08-06T12:39:11
NIXT,0.103974,75000,2026-08-06T12:39:11
NIXX,0.145874,1900000,2026-08-06T12:39:11
NJAN,0.051509,65000,2026-08-06T12:39:11
NJDCY,0.132692,450000,2026-08-06T12:39:11
NJNK,0.9274850000000001,4000,2026-08-06T12:39:11
NJR,0.004081,1200000,2026-08-06T12:39:11
NJUL,0.058836000000000006,7000,2026-08-06T12:39:11
NJUN,0.12648099999999998,60000,2026-08-06T12:39:11
NKE,0.004081,10000000,2026-08-06T12:39:11
NKGFF,0.102323,200000,2026-08-06T12:39:11
NKGN,0.09163199999999999,150000,2026-08-06T12:39:11
NKLR,0.8525449999999999,3000,2026-08-06T12:39:11
NKRKY,0.021821,20000,2026-08-06T12:39:11
NKRN,0.0025,350000,2026-08-06T12:39:11
NKRSF,0.0025,1900000,2026-08-06T12:39:11
NKSH,0.005489000000000001,85000,2026-08-06T12:39:11
NKTR,0.002571,650000,2026-08-06T12:39:11
NKTX,0.0029189999999999997,1400000,2026-08-06T12:39:11
NKX,0.044987000000000006,70000,2026-08-06T12:39:11
NL,0.020461999999999998,100000,2026-08-06T12:39:11
NLBS,0.0025,550000,2026-08-06T12:39:11
NLCP,0.039522,1100000,2026-08-06T12:39:11
NLEF,0.0025,800000,2026-08-06T12:39:11
NLLSY,0.043376,200,2026-08-06T12:39:11
NLMP,0.0025,6000,2026-08-06T12:39:11
NLOP,0.004097,1000000,2026-08-06T12:39:11
NLPXF,0.0033239999999999997,350000,2026-08-06T12:39:11
NLR,0.002782,550000,2026-08-06T12:39:11
NLRCF,0.0212,150000,2026-08-06T12:39:11
NLSC,0.0025,1000,2026-08-06T12:39:11
NLSI,0.24905100000000002,300,2026-08-06T12:39:11
NLST,0.09209400000000001,9500000,2026-08-06T12:39:11
NLVVF,0.07912,200000,2026-08-06T12:39:11
NLY,0.004081,8400000,2026-08-06T12:39:11
NLY PRF,0.093237,400000,2026-08-06T12:39:11
NLY PRG,0.017444,150000,2026-08-06T12:39:11
NLY PRI,0.023444,150000,2026-08-06T12:39:11
NLY PRJ,0.116445,1200000,2026-08-06T12:39:11
NMAD,0.14898,400000,2026-08-06T12:39:11
NMAI,0.019725,100000,2026-08-06T12:39:11
NMAR,0.081264,50000,2026-08-06T12:39:11
NMAX,0.0073950000000000005,10000000,2026-08-06T12:39:11
NMAY,0.100023,20000,2026-08-06T12:39:11
NMB,0.138095,70000,2026-08-06T12:39:11
NMBF,0.133239,6000,2026-08-06T12:39:11
NMBL,0.028154,90000,2026-08-06T12:39:11
NMCO,0.040995,25000,2026-08-06T12:39:11
NMED,0.0025,55000,2026-08-06T12:39:11
NMEX,0.0033239999999999997,60000,2026-08-06T12:39:11
NMFC,0.034458,250000,2026-08-06T12:39:11
NMFCZ,0.078557,200000,2026-08-06T12:39:11
NMG,0.11624599999999999,850000,2026-08-06T12:39:11
NMGC,0.0025,500000,2026-08-06T12:39:11
NMGX,0.004135,3000,2026-08-06T12:39:11
NMHI,3.9431369999999997,650000,2026-08-06T12:39:11
NMIH,0.003432,1500000,2026-08-06T12:39:11
NMKBP,0.0025,600,2026-08-06T12:39:11
NMKCP,0.0025,3000,2026-08-06T12:39:11
NML,0.031054,700000,2026-08-06T12:39:11
NMLSF,0.002782,80000,2026-08-06T12:39:11
NMM,0.013346,900000,2026-08-06T12:39:11
NMP,0.012199999999999999,150000,2026-08-06T12:39:11
NMPAU,0.012199999999999999,200,2026-08-06T12:39:11
NMPGY,0.152037,200,2026-08-06T12:39:11
NMPRY,0.0025,4000,2026-08-06T12:39:11
NMR,0.008953,3000000,2026-08-06T12:39:11
NMRA,0.007405,2400000,2026-08-06T12:39:11
NMRD,1.260901,100000,2026-08-06T12:39:11
NMREF,0.018909,400000,2026-08-06T12:39:11
NMRK,0.004066,4800000,2026-08-06T12:39:11
NMS,0.634692,30000,2026-08-06T12:39:11
NMT,0.49420000000000003,9000,2026-08-06T12:39:11
NMTAY,0.0025,10000,2026-08-06T12:39:11
NMTC,0.004081,150000,2026-08-06T12:39:11
NMTRQ,0.026071,500000,2026-08-06T12:39:11
NMXS,0.0025,25000,2026-08-06T12:39:11
NMZ,0.10021000000000001,450000,2026-08-06T12:39:11
NN,0.002782,4000000,2026-08-06T12:39:11
NNBP,0.0025,1800000,2026-08-06T12:39:11
NNBR,0.0025,2100000,2026-08-06T12:39:11
NNCT,0.0025,100000,2026-08-06T12:39:11
NNDM,0.009506,5900000,2026-08-06T12:39:11
NNE,0.01085,250000,2026-08-06T12:39:11
NNFC,0.0025,10000,2026-08-06T12:39:11
NNGRY,0.036525,100000,2026-08-06T12:39:11
NNI,0.004234,300000,2026-08-06T12:39:11
NNLX,0.0025,300000,2026-08-06T12:39:11
NNMX,0.0025,90000,2026-08-06T12:39:11
NNN,0.0026179999999999997,7400000,2026-08-06T12:39:11
NNNN,1.314772,350000,2026-08-06T12:39:11
NNOMF,0.01477,1000000,2026-08-06T12:39:11
NNOV,0.002674,80000,2026-08-06T12:39:11
NNOX,0.20055,40000,2026-08-06T12:39:11
NNRI,0.0025,800000,2026-08-06T12:39:11
NNRX,0.0025,10000000,2026-08-06T12:39:11
NNTA,0.013429,3,2026-08-06T12:39:11
NNUP,0.0025,20000,2026-08-06T12:39:11
NNVC,0.017787,1900000,2026-08-06T12:39:11
NNXPF,0.080851,15000,2026-08-06T12:39:11
NNXXY,0.0025,1000,2026-08-06T12:39:11
NNY,0.138392,40000,2026-08-06T12:39:11
NOA,0.01496,2000000,2026-08-06T12:39:11
NOAH,0.003731,3200000,2026-08-06T12:39:11
NOBDF,0.113689,15000,2026-08-06T12:39:11
NOBGY,0.0025,300,2026-08-06T12:39:11
NOBH,0.003291,2000,2026-08-06T12:39:11
NOBL,0.009548,1100000,2026-08-06T12:39:11
NOBV,0.0025,20000,2026-08-06T12:39:11
NOC,0.004081,1200000,2026-08-06T12:39:11
NOCT,0.040670000000000005,65000,2026-08-06T12:39:11
NODB,0.006842,3000,2026-08-06T12:39:11
NODC,0.012199999999999999,200000,2026-08-06T12:39:11
NODE,0.016156999999999998,55000,2026-08-06T12:39:11
NODK,0.009047,150000,2026-08-06T12:39:11
NOEC,0.0025,25000,2026-08-06T12:39:11
NOEM,0.051495,700,2026-08-06T12:39:11
NOEMU,0.012199999999999999,100,2026-08-06T12:39:11
NOG,0.00413,800000,2026-08-06T12:39:11
NOGNQ,0.0025,700000,2026-08-06T12:39:11
NOHO,0.0025,10000000,2026-08-06T12:39:11
NOK,0.0025,10000000,2026-08-06T12:39:11
NOMA,0.713511,20000,2026-08-06T12:39:11
NOMD,0.004135,2300000,2026-08-06T12:39:11
NOMNF,0.030878000000000003,60000,2026-08-06T12:39:11
NOMR.OLD,0.0025,800,2026-08-06T12:39:11
NOPFF,0.005960999999999999,100000,2026-08-06T12:39:11
NORD,0.0033239999999999997,5000,2026-08-06T12:39:11
NORNQ,0.0025,35000,2026-08-06T12:39:11
NORW,0.030968,20000,2026-08-06T12:39:11
NORX,0.0025,150000,2026-08-06T12:39:11
NOTE,0.053903,1000000,2026-08-06T12:39:11
NOUV,0.0025,10000000,2026-08-06T12:39:11
NOV,0.004182,4300000,2026-08-06T12:39:11
NOVCQ.OLD,0.0025,6000000,2026-08-06T12:39:11
NOVP,0.040829000000000004,4000,2026-08-06T12:39:11
NOVS,0.019201,3000,2026-08-06T12:39:11
NOVT,0.003942,55000,2026-08-06T12:39:11
NOVTU,0.14892,300000,2026-08-06T12:39:11
NOVZ.OLD1,0.0025,20000,2026-08-06T12:39:11
NOW,0.002645,10000000,2026-08-06T12:39:11
NOWG,0.0025,5000,2026-08-06T12:39:11
NOWL,0.076419,550000,2026-08-06T12:39:11
NOWVF,0.003936,300000,2026-08-06T12:39:11
NOWX,0.048789,200,2026-08-06T12:39:11
NOXL,0.0025,2000,2026-08-06T12:39:11
NP,0.0031430000000000004,850000,2026-08-06T12:39:11
NPAC,0.012199999999999999,2500000,2026-08-06T12:39:11
NPACU,0.012199999999999999,1000,2026-08-06T12:39:11
NPACY,0.0025,100,2026-08-06T12:39:11
NPB,0.014533,1100000,2026-08-06T12:39:11
NPCE,0.013948,350000,2026-08-06T12:39:11
NPCT,0.002782,75000,2026-08-06T12:39:11
NPDI,0.0025,25000,2026-08-06T12:39:11
NPDTE,0.0025,8500000,2026-08-06T12:39:11
NPFD,0.020215,20000,2026-08-06T12:39:11
NPFI,0.070302,10000,2026-08-06T12:39:11
NPHC,0.0025,4200000,2026-08-06T12:39:11
NPK,0.004092,100000,2026-08-06T12:39:11
NPKI,0.0034760000000000004,1500000,2026-08-06T12:39:11
NPMMF,0.011457,75000,2026-08-06T12:39:11
NPNYY,0.010901000000000001,200000,2026-08-06T12:39:11
NPO,0.004081,200000,2026-08-06T12:39:11
NPPHY,0.158392,400,2026-08-06T12:39:11
NPPNY,0.0025,1000,2026-08-06T12:39:11
NPPTF,0.027694999999999997,1500000,2026-08-06T12:39:11
NPRFF,0.174121,250000,2026-08-06T12:39:11
NPSCY,0.040068,300000,2026-08-06T12:39:11
NPSGY,0.0025,100,2026-08-06T12:39:11
NPSKY,0.0025,800,2026-08-06T12:39:11
NPSNY,0.012599,1400000,2026-08-06T12:39:11
NPT,0.381785,15000,2026-08-06T12:39:11
NPTX.OLD,0.0025,1800000,2026-08-06T12:39:11
NPV,0.01496,40000,2026-08-06T12:39:11
NPWR,0.007967,4300000,2026-08-06T12:39:11
NPXYY,0.023912,35000,2026-08-06T12:39:11
NQCI,0.0025,250000,2026-08-06T12:39:11
NRBT,0.0025,85000,2026-08-06T12:39:11
NRC,0.004135,500000,2026-08-06T12:39:11
NRDBY,0.034963,30000,2026-08-06T12:39:11
NRDE,0.11919700000000001,1300000,2026-08-06T12:39:11
NRDMF,0.039061,45000,2026-08-06T12:39:11
NRDS,0.003027,4000000,2026-08-06T12:39:11
NRDY,0.092268,1000000,2026-08-06T12:39:11
NREDF,0.151744,100000,2026-08-06T12:39:11
NREF,0.014892,15000,2026-08-06T12:39:11
NREF PRA,0.09146599999999999,25000,2026-08-06T12:39:11
NRES,0.147567,3000,2026-08-06T12:39:11
NRG,0.0027660000000000002,2500000,2026-08-06T12:39:11
NRGD,0.14807800000000002,1000,2026-08-06T12:39:11
NRGU,0.135389,50000,2026-08-06T12:39:11
NRGV,0.005673,950000,2026-08-06T12:39:11
NRILY,0.020127000000000003,65000,2026-08-06T12:39:11
NRIM,0.005456,250000,2026-08-06T12:39:11
NRIX,0.003919000000000001,1000000,2026-08-06T12:39:11
NRK,0.052923,50000,2026-08-06T12:39:11
NRO,0.028822,1300000,2026-08-06T12:39:11
NROM,0.006586,400000,2026-08-06T12:39:11
NRP,0.042575,1200000,2026-08-06T12:39:11
NRPI,0.0025,300000,2026-08-06T12:39:11
NRRSF,0.107259,350000,2026-08-06T12:39:11
NRRWF,0.022824,3000,2026-08-06T12:39:11
NRSDY,0.097501,1000,2026-08-06T12:39:11
NRSN,0.054459,450000,2026-08-06T12:39:11
NRT,0.019511,300000,2026-08-06T12:39:11
NRTI,0.0025,10000000,2026-08-06T12:39:11
NRTSF,0.047958,1900000,2026-08-06T12:39:11
NRUC,0.071969,30000,2026-08-06T12:39:11
NRVTF,0.011457,300000,2026-08-06T12:39:11
NRXBF,0.058368,6000,2026-08-06T12:39:11
NRXP,0.048681999999999996,300000,2026-08-06T12:39:11
NRXS,0.004196,1200000,2026-08-06T12:39:11
NRYCF,0.004135,350000,2026-08-06T12:39:11
NSANY,0.051931000000000005,100000,2026-08-06T12:39:11
NSARO,0.0025,1000,2026-08-06T12:39:11
NSARP,0.13528,10000,2026-08-06T12:39:11
NSAV,0.11375400000000001,7000,2026-08-06T12:39:11
NSBBF,0.019187,100000,2026-08-06T12:39:11
NSC,0.00419,1800000,2026-08-06T12:39:11
NSCI,1.470923,30000,2026-08-06T12:39:11
NSCIF,0.0025,100000,2026-08-06T12:39:11
NSEO,0.0025,10000000,2026-08-06T12:39:11
NSEP,0.005489000000000001,30000,2026-08-06T12:39:11
NSFDF,0.008329,85000,2026-08-06T12:39:11
NSGCF,0.009316999999999999,350000,2026-08-06T12:39:11
NSGP,0.0025,5000,2026-08-06T12:39:11
NSHRF,0.01464,1800000,2026-08-06T12:39:11
NSI,0.018233,35000,2026-08-06T12:39:11
NSIT,0.004081,500000,2026-08-06T12:39:11
NSLM,0.0025,3000,2026-08-06T12:39:11
NSLR,0.004135,750000,2026-08-06T12:39:11
NSLRL,0.47367,10000,2026-08-06T12:39:11
NSLT,0.0025,600,2026-08-06T12:39:11
NSP,0.004119,950000,2026-08-06T12:39:11
NSPDF,0.0025,100000,2026-08-06T12:39:11
NSPR,0.034328,1200000,2026-08-06T12:39:11
NSPT,0.0025,10000000,2026-08-06T12:39:11
NSRCF,0.135899,250000,2026-08-06T12:39:11
NSRGY,0.004135,350000,2026-08-06T12:39:11
NSRPF,0.045689,3300000,2026-08-06T12:39:11
NSRS,0.0025,100000,2026-08-06T12:39:11
NSRX,0.134035,85000,2026-08-06T12:39:11
NSSC,0.002882,600000,2026-08-06T12:39:11
NSTB,0.056907,55000,2026-08-06T12:39:11
NSTM,0.0025,300000,2026-08-06T12:39:11
NSTS,0.018428,250000,2026-08-06T12:39:11
NSURF,0.010831,250000,2026-08-06T12:39:11
NSYC,0.10746700000000001,600,2026-08-06T12:39:11
NSYS,0.143046,30000,2026-08-06T12:39:11
NTAC,0.0025,100000,2026-08-06T12:39:11
NTAL,0.09344200000000001,25000,2026-08-06T12:39:11
NTAP,0.002666,2500000,2026-08-06T12:39:11
NTB,0.016016,600000,2026-08-06T12:39:11
NTBLQ,0.24557600000000002,100000,2026-08-06T12:39:11
NTCL,0.9994660000000001,600,2026-08-06T12:39:11
NTCPF,0.016111,600000,2026-08-06T12:39:11
NTCT,0.003992,900000,2026-08-06T12:39:11
NTCXF,0.0025,400000,2026-08-06T12:39:11
NTDOY,0.002753,3300000,2026-08-06T12:39:11
NTDR,0.0025,20000,2026-08-06T12:39:11
NTEI,0.0025,2000,2026-08-06T12:39:11
NTEK,0.0025,200000,2026-08-06T12:39:11
NTES,0.004135,1200000,2026-08-06T12:39:11
NTFL,0.0025,100000,2026-08-06T12:39:11
NTGL,0.0025,550000,2026-08-06T12:39:11
NTGR,0.003954,200000,2026-08-06T12:39:11
NTHI,0.037121,100000,2026-08-06T12:39:11
NTHR,0.0025,100000,2026-08-06T12:39:11
NTIC,0.005091,200000,2026-08-06T12:39:11
NTII,0.0025,100000,2026-08-06T12:39:11
NTIOF,0.009284,15000,2026-08-06T12:39:11
NTIP,0.124783,800000,2026-08-06T12:39:11
NTLA,0.003017,1600000,2026-08-06T12:39:11
NTLK,0.0025,350000,2026-08-06T12:39:11
NTMFF,0.013762000000000002,25000,2026-08-06T12:39:11
NTNX,0.004081,7400000,2026-08-06T12:39:11
NTOIY,0.009099000000000001,250000,2026-08-06T12:39:11
NTPIF,0.047168999999999996,250000,2026-08-06T12:39:11
NTPR,0.0025,20000,2026-08-06T12:39:11
NTPY,0.0025,40000,2026-08-06T12:39:11
NTR,0.0025,5400000,2026-08-06T12:39:11
NTRA,0.004081,3800000,2026-08-06T12:39:11
NTRB,0.007274,40000,2026-08-06T12:39:11
NTRL,0.018719,50000,2026-08-06T12:39:11
NTRP,0.059295999999999995,350000,2026-08-06T12:39:11
NTRR,0.0025,10000000,2026-08-06T12:39:11
NTRS,0.004081,2900000,2026-08-06T12:39:11
NTRSO,0.075201,6000,2026-08-06T12:39:11
NTRU,0.0025,45000,2026-08-06T12:39:11
NTRX,0.0025,8000,2026-08-06T12:39:11
NTSD,0.175155,1000,2026-08-06T12:39:11
NTSE,0.014283999999999998,95000,2026-08-06T12:39:11
NTSI,0.012490000000000001,200000,2026-08-06T12:39:11
NTSK,0.005114,3700000,2026-08-06T12:39:11
NTST,0.005677,100000,2026-08-06T12:39:11
NTSX,0.007808000000000001,550000,2026-08-06T12:39:11
NTTCF,0.097246,65000,2026-08-06T12:39:11
NTTL,0.0025,25000,2026-08-06T12:39:11
NTTYY,0.012750999999999998,300000,2026-08-06T12:39:11
NTUR,0.0025,300000,2026-08-06T12:39:11
NTWK,0.020794,150000,2026-08-06T12:39:11
NTWO,0.012199999999999999,850000,2026-08-06T12:39:11
NTWOU,0.012199999999999999,200,2026-08-06T12:39:11
NTZ,0.047134999999999996,60000,2026-08-06T12:39:11
NU,0.002782,10000000,2026-08-06T12:39:11
NUAI,0.032357,2900000,2026-08-06T12:39:11
NUBD,0.040212000000000005,500000,2026-08-06T12:39:11
NUCL,0.37758800000000003,800,2026-08-06T12:39:11
NUDM,0.033593000000000005,250000,2026-08-06T12:39:11
NUDV,0.088706,20000,2026-08-06T12:39:11
NUE,0.0025,2000000,2026-08-06T12:39:11
NUEC,0.0025,150000,2026-08-06T12:39:11
NUEM,0.120504,250000,2026-08-06T12:39:11
NUEPF,0.017733000000000002,20000,2026-08-06T12:39:11
NUG,0.190109,60000,2026-08-06T12:39:11
NUGL,0.0025,500000,2026-08-06T12:39:11
NUGO,0.101907,25000,2026-08-06T12:39:11
NUGS,0.0025,1100000,2026-08-06T12:39:11
NUGT,0.008233,600000,2026-08-06T12:39:11
NUGY,0.035257000000000004,4000,2026-08-06T12:39:11
NUHY,0.039306,55000,2026-08-06T12:39:11
NUIN,0.0025,450000,2026-08-06T12:39:11
NUKX,0.122994,10000,2026-08-06T12:39:11
NUKZ,0.0029389999999999998,200000,2026-08-06T12:39:11
NULC,0.027139000000000003,40000,2026-08-06T12:39:11
NULG,0.028008,150000,2026-08-06T12:39:11
NULV,0.031065,200000,2026-08-06T12:39:11
NUMD,0.126744,200000,2026-08-06T12:39:11
NUMG,0.018749000000000002,1000,2026-08-06T12:39:11
NUMI,0.09035399999999999,8000,2026-08-06T12:39:11
NUMIF,0.003786,1100000,2026-08-06T12:39:11
NUMV,0.033904000000000004,10000,2026-08-06T12:39:11
NUPZ,0.0025,1000,2026-08-06T12:39:11
NURLF,0.0025,65000,2026-08-06T12:39:11
NUS,0.004368,1300000,2026-08-06T12:39:11
NUSB,0.073145,2000,2026-08-06T12:39:11
NUSC,0.018681,350000,2026-08-06T12:39:11
NUSMF,0.179846,2300000,2026-08-06T12:39:11
NUSPQ,0.0025,100000,2026-08-06T12:39:11
NUTR,0.311295,550000,2026-08-06T12:39:11
NUTTQ,0.0025,1400000,2026-08-06T12:39:11
NUTX,0.0069830000000000005,15000,2026-08-06T12:39:11
NUUU,0.0025,10000000,2026-08-06T12:39:11
NUV,0.035861000000000004,30000,2026-08-06T12:39:11
NUVB,0.004135,2400000,2026-08-06T12:39:11
NUVM,0.0025,1000000,2026-08-06T12:39:11
NUVOQ,1.2737319999999999,300000,2026-08-06T12:39:11
NUVR,0.230664,10000,2026-08-06T12:39:11
NUW,0.044198,80000,2026-08-06T12:39:11
NVA,0.038313,4400000,2026-08-06T12:39:11
NVAX,0.005699999999999999,400000,2026-08-06T12:39:11
NVBT,0.040670000000000005,2000,2026-08-06T12:39:11
NVBU,0.044729,25000,2026-08-06T12:39:11
NVBW,0.0025,2000,2026-08-06T12:39:11
NVC,0.012254000000000001,2000,2026-08-06T12:39:11
NVCR,0.0031130000000000003,2800000,2026-08-06T12:39:11
NVCT,0.020013999999999997,45000,2026-08-06T12:39:11
NVD,0.126304,300000,2026-08-06T12:39:11
NVDA,0.002782,10000000,2026-08-06T12:39:11
NVDB,0.047272999999999996,45000,2026-08-06T12:39:11
NVDD,0.043376,100000,2026-08-06T12:39:11
NVDG,0.031054,100000,2026-08-06T12:39:11
NVDL,0.08132999999999999,30000,2026-08-06T12:39:11
NVDS,0.139685,70000,2026-08-06T12:39:11
NVDU,0.035953,200000,2026-08-06T12:39:11
NVDW,0.074498,95000,2026-08-06T12:39:11
NVDX,0.071743,750000,2026-08-06T12:39:11
NVDY,0.02973,1200000,2026-08-06T12:39:11
NVEC,0.004135,85000,2026-08-06T12:39:11
NVG,0.037548,55000,2026-08-06T12:39:11
NVGLF,0.007658000000000001,500000,2026-08-06T12:39:11
NVGS,0.003095,1500000,2026-08-06T12:39:11
NVIC,0.0025,550000,2026-08-06T12:39:11
NVII,0.124512,100000,2026-08-06T12:39:11
NVIR,0.156289,2000,2026-08-06T12:39:11
NVIT,0.087939,400,2026-08-06T12:39:11
NVLHF,0.009834,10000000,2026-08-06T12:39:11
NVLPF,0.047445,100000,2026-08-06T12:39:11
NVMI,0.0046429999999999996,30000,2026-08-06T12:39:11
NVNI,0.21793600000000002,250000,2026-08-06T12:39:11
NVNO,0.013324,75000,2026-08-06T12:39:11
NVO,0.002782,10000000,2026-08-06T12:39:11
NVOH,0.007095000000000001,25000,2026-08-06T12:39:11
NVOS,0.126094,400000,2026-08-06T12:39:11
NVOX,0.10343400000000001,50000,2026-08-06T12:39:11
NVPCF,0.0025,40000,2026-08-06T12:39:11
NVPS,0.095471,15000,2026-08-06T12:39:11
NVR,0.002782,30000,2026-08-06T12:39:11
NVRI,0.005773,800000,2026-08-06T12:39:11
NVS,0.002782,300000,2026-08-06T12:39:11
NVST,0.002773,5200000,2026-08-06T12:39:11
NVT,0.004081,2200000,2026-08-06T12:39:11
NVTS,0.002878,6400000,2026-08-06T12:39:11
NVTX,0.368551,100000,2026-08-06T12:39:11
NVVE,4.749414,15000,2026-08-06T12:39:11
NVX,0.01615,1800000,2026-08-06T12:39:11
NVYY,0.050473,100000,2026-08-06T12:39:11
NVZMY,0.098178,25000,2026-08-06T12:39:11
NWAX,0.073145,3200000,2026-08-06T12:39:11
NWAX U,0.01496,550000,2026-08-06T12:39:11
NWBA,0.0025,25000,2026-08-06T12:39:11
NWBI,0.0025,1500000,2026-08-06T12:39:11
NWBO,0.073286,2500000,2026-08-06T12:39:11
NWCAQ,0.0025,4000,2026-08-06T12:39:11
NWCCF,0.022798,600000,2026-08-06T12:39:11
NWCI,0.0025,200000,2026-08-06T12:39:11
NWCN,0.0025,10000,2026-08-06T12:39:11
NWE,0.004081,1700000,2026-08-06T12:39:11
NWFL,0.003188,100000,2026-08-06T12:39:11
NWG,0.012997000000000002,1500000,2026-08-06T12:39:11
NWGC,0.0025,10000000,2026-08-06T12:39:11
NWGL,0.313135,100000,2026-08-06T12:39:11
NWIFF,0.0025,450000,2026-08-06T12:39:11
NWKHY,0.0025,100,2026-08-06T12:39:11
NWL,0.0025,10000000,2026-08-06T12:39:11
NWMD,0.0025,20000,2026-08-06T12:39:11
NWMH,0.0025,150000,2026-08-06T12:39:11
NWMT,0.0025,10000000,2026-08-06T12:39:11
NWN,0.0040939999999999995,500000,2026-08-06T12:39:11
NWOL,0.0025,1000,2026-08-06T12:39:11
NWPG,0.00328,200000,2026-08-06T12:39:11
NWPP,0.133239,10000,2026-08-06T12:39:11
NWPX,0.0030420000000000004,100000,2026-08-06T12:39:11
NWRV,0.0025,40000,2026-08-06T12:39:11
NWS,0.0025740000000000003,150000,2026-08-06T12:39:11
NWSA,0.0025,9200000,2026-08-06T12:39:11
NWSGY,0.093184,200,2026-08-06T12:39:11
NWTG,0.009663,200000,2026-08-06T12:39:11
NWTR,0.0025,1800000,2026-08-06T12:39:11
NWTT,0.0025,10000000,2026-08-06T12:39:11
NWUC,0.0025,150000,2026-08-06T12:39:11
NWVCF,0.006586,400000,2026-08-06T12:39:11
NWYU.OLD,0.0025,1000000,2026-08-06T12:39:11
NX,0.004209,400000,2026-08-06T12:39:11
NXB,0.047435,350000,2026-08-06T12:39:11
NXCN,0.0025,4000,2026-08-06T12:39:11
NXCO,0.0025,3000,2026-08-06T12:39:11
NXDR,0.004081,8800000,2026-08-06T12:39:11
NXDT,0.006573,350000,2026-08-06T12:39:11
NXDT PRA,0.139642,150000,2026-08-06T12:39:11
NXE,0.004178,6700000,2026-08-06T12:39:11
NXEN,0.0025,5000,2026-08-06T12:39:11
NXES,0.0025,1,2026-08-06T12:39:11
NXFI,0.0025,25000,2026-08-06T12:39:11
NXG,0.012362999999999999,55000,2026-08-06T12:39:11
NXGA,0.0025,7300000,2026-08-06T12:39:11
NXGB,0.0025,50000,2026-08-06T12:39:11
NXGCF,0.015885,900000,2026-08-06T12:39:11
NXGL,0.017174000000000002,350000,2026-08-06T12:39:11
NXGPY,0.043376,700,2026-08-06T12:39:11
NXGT,0.0025,300000,2026-08-06T12:39:11
NXL,0.059578,1500000,2026-08-06T12:39:11
NXMH,0.0025,20000,2026-08-06T12:39:11
NXMR,0.0025,15000,2026-08-06T12:39:11
NXNIF,0.076278,55000,2026-08-06T12:39:11
NXNT,0.0025,20000,2026-08-06T12:39:11
NXOPF,0.0025,2000000,2026-08-06T12:39:11
NXP,0.152865,35000,2026-08-06T12:39:11
NXPG,0.109679,7000,2026-08-06T12:39:11
NXPI,0.0025,1700000,2026-08-06T12:39:11
NXPL,0.09378,40000,2026-08-06T12:39:11
NXPX,0.10052,6000,2026-08-06T12:39:11
NXRT,0.004723,400000,2026-08-06T12:39:11
NXSGF,0.037437,3000,2026-08-06T12:39:11
NXST,0.0025,35000,2026-08-06T12:39:11
NXT,0.0041270000000000005,800000,2026-08-06T12:39:11
NXTC,0.94899,250000,2026-08-06T12:39:11
NXTDF,0.081279,100000,2026-08-06T12:39:11
NXTE,0.037964000000000005,10000,2026-08-06T12:39:11
NXTFF,0.0025,80000,2026-08-06T12:39:11
NXTG,0.203045,55000,2026-08-06T12:39:11
NXTH,0.0025,200000,2026-08-06T12:39:11
NXTI,0.097501,10000,2026-08-06T12:39:11
NXTN,0.11375400000000001,3000,2026-08-06T12:39:11
NXTP,0.0025,200000,2026-08-06T12:39:11
NXTS,0.23536200000000002,55000,2026-08-06T12:39:11
NXTT,0.7094199999999999,10000,2026-08-06T12:39:11
NXUR,0.012914000000000002,100000,2026-08-06T12:39:11
NXUS,1.9999950000000002,10000,2026-08-06T12:39:11
NXWI,0.0025,450000,2026-08-06T12:39:11
NXXCF,0.17857399999999998,10000,2026-08-06T12:39:11
NXXT,0.205007,1600000,2026-08-06T12:39:11
NYAX,0.032357,100000,2026-08-06T12:39:11
NYC,0.029287999999999998,1000,2026-08-06T12:39:11
NYF,0.042432,100000,2026-08-06T12:39:11
NYM,0.113406,1000,2026-08-06T12:39:11
NYMH,0.0025,40000,2026-08-06T12:39:11
NYMXF,0.315748,200000,2026-08-06T12:39:11
NYRR,0.0025,800000,2026-08-06T12:39:11
NYSX,2.4925319999999997,75000,2026-08-06T12:39:11
NYT,0.0025,2800000,2026-08-06T12:39:11
NYXH,0.155929,300000,2026-08-06T12:39:11
NYXO,0.0025,5200000,2026-08-06T12:39:11
NZAC,0.024432,50000,2026-08-06T12:39:11
NZAUF,0.010094,600000,2026-08-06T12:39:11
NZERF,0.185199,5000,2026-08-06T12:39:11
NZF,0.023721000000000003,150000,2026-08-06T12:39:11
NZIH,0.0025,3000,2026-08-06T12:39:11
O,0.004086,8500000,2026-08-06T12:39:11
OABI,0.004467,6900000,2026-08-06T12:39:11
OABI.RST1,0.013193999999999999,300,2026-08-06T12:39:11
OABI.RSTD,0.012953,300,2026-08-06T12:39:11
OACC,0.039317000000000005,1300000,2026-08-06T12:39:11
OACCU,0.012199999999999999,500000,2026-08-06T12:39:11
OACP,0.040670000000000005,150000,2026-08-06T12:39:11
OAEM,0.145032,65000,2026-08-06T12:39:11
OAIM,0.023034,100000,2026-08-06T12:39:11
OAK PRA,0.074472,40000,2026-08-06T12:39:11
OAK PRB,0.114596,100000,2026-08-06T12:39:11
OAKC,0.0025,15000,2026-08-06T12:39:11
OAKG,0.071674,9000,2026-08-06T12:39:11
OAKI,0.302274,55000,2026-08-06T12:39:11
OAKM,0.010969,10000,2026-08-06T12:39:11
OAKV,0.0212,2000,2026-08-06T12:39:11
OALC,0.05826,100000,2026-08-06T12:39:11
OAMCF,0.002999,300,2026-08-06T12:39:11
OARK,0.054955,10000,2026-08-06T12:39:11
OASC,0.038944,55000,2026-08-06T12:39:11
OBA,0.017087,2300000,2026-08-06T12:39:11
OBAI,0.8644759999999999,450000,2026-08-06T12:39:11
OBAWU,0.012199999999999999,2000,2026-08-06T12:39:11
OBBCQ,0.0025,1800000,2026-08-06T12:39:11
OBCN,0.0025,1600000,2026-08-06T12:39:11
OBDC,0.005558,10000000,2026-08-06T12:39:11
OBE,0.013641,850000,2026-08-06T12:39:11
OBEE,0.0025,100000,2026-08-06T12:39:11
OBICY,0.052995,100000,2026-08-06T12:39:11
OBIL,0.029980000000000003,100000,2026-08-06T12:39:11
OBIO,0.004271,350000,2026-08-06T12:39:11
OBK,0.005489000000000001,600000,2026-08-06T12:39:11
OBND,0.037773,5000,2026-08-06T12:39:11
OBNI,0.0025,50000,2026-08-06T12:39:11
OBOR,0.07288800000000001,2000,2026-08-06T12:39:11
OBQI,0.008736,5300000,2026-08-06T12:39:11
OBT,0.034620000000000005,250000,2026-08-06T12:39:11
OBTC,0.008195000000000001,300000,2026-08-06T12:39:11
OBX,0.020905999999999998,45000,2026-08-06T12:39:11
OC,0.0025,1800000,2026-08-06T12:39:11
OCAC,0.013607000000000001,80000,2026-08-06T12:39:11
OCAC U,0.588048,3000,2026-08-06T12:39:11
OCC,0.005857,450000,2026-08-06T12:39:11
OCCI,0.045899999999999996,650000,2026-08-06T12:39:11
OCCIM,0.06968200000000001,15000,2026-08-06T12:39:11
OCCIN,0.10607100000000001,45000,2026-08-06T12:39:11
OCDDY,0.165401,1000,2026-08-06T12:39:11
OCEA,0.293522,9600000,2026-08-06T12:39:11
OCEEF,0.0025,900000,2026-08-06T12:39:11
OCFC,0.002522,1100000,2026-08-06T12:39:11
OCFN,0.0025,6300000,2026-08-06T12:39:11
OCG,0.187421,50000,2026-08-06T12:39:11
OCGN,0.030081000000000004,2300000,2026-08-06T12:39:11
OCGSF,0.00821,10000000,2026-08-06T12:39:11
OCLDY,0.11103199999999999,700,2026-08-06T12:39:11
OCLG,0.0025,2400000,2026-08-06T12:39:11
OCLN,0.004135,4100000,2026-08-06T12:39:11
OCRI,0.0025,400000,2026-08-06T12:39:11
OCS,0.040217,600000,2026-08-06T12:39:11
OCSL,0.032207,150000,2026-08-06T12:39:11
OCTB,0.073145,2000,2026-08-06T12:39:11
OCTH,0.0035399999999999997,20000,2026-08-06T12:39:11
OCTI,0.0025,20000,2026-08-06T12:39:11
OCTJ,0.0025,10000,2026-08-06T12:39:11
OCTM,0.006842,2000,2026-08-06T12:39:11
OCTP,0.01823,10000,2026-08-06T12:39:11
OCTT,0.15151799999999999,15000,2026-08-06T12:39:11
OCTU,0.002782,10000,2026-08-06T12:39:11
OCTV,0.066871,950000,2026-08-06T12:39:11
OCTV.OLD1,0.0025,7000,2026-08-06T12:39:11
OCTW,0.09739300000000001,15000,2026-08-06T12:39:11
OCTX,0.0025,100000,2026-08-06T12:39:11
OCTZ,0.443901,500,2026-08-06T12:39:11
OCUL,0.004135,1800000,2026-08-06T12:39:11
OCZTQ,0.01902,1800000,2026-08-06T12:39:11
ODC,0.004285,200000,2026-08-06T12:39:11
ODD,0.022063000000000003,400000,2026-08-06T12:39:11
ODDAF,0.028176,300,2026-08-06T12:39:11
ODDS,0.094903,4000,2026-08-06T12:39:11
ODFL,0.0030420000000000004,1200000,2026-08-06T12:39:11
ODTE,0.43713500000000005,3000,2026-08-06T12:39:11
ODTX,0.046449,150000,2026-08-06T12:39:11
ODYC,0.0025,100000,2026-08-06T12:39:11
ODYS,0.309942,50000,2026-08-06T12:39:11
ODYY,0.011457,250000,2026-08-06T12:39:11
OEC,0.027673,3600000,2026-08-06T12:39:11
OEDVQ,0.0025,1400000,2026-08-06T12:39:11
OEF,0.002751,350000,2026-08-06T12:39:11
OEFA,0.109571,4000,2026-08-06T12:39:11
OEI,0.18793800000000002,300,2026-08-06T12:39:11
OESX,0.028961,95000,2026-08-06T12:39:11
OEZVY,0.094903,500,2026-08-06T12:39:11
OFAL,0.063685,55000,2026-08-06T12:39:11
OFED,0.067091,300,2026-08-06T12:39:11
OFG,0.003973,1100000,2026-08-06T12:39:11
OFIX,0.005326,3900000,2026-08-06T12:39:11
OFLX,0.008867,200000,2026-08-06T12:39:11
OFRM,0.031244,500000,2026-08-06T12:39:11
OFS,0.0057079999999999995,55000,2026-08-06T12:39:11
OFSSH,0.176998,90000,2026-08-06T12:39:11
OFSSO,0.039203,1000,2026-08-06T12:39:11
OFSTF,0.032566000000000005,500000,2026-08-06T12:39:11
OGBLY,1.756432,100000,2026-08-06T12:39:11
OGC,0.004081,1300000,2026-08-06T12:39:11
OGCP,0.0025,100,2026-08-06T12:39:11
OGE,0.002782,4200000,2026-08-06T12:39:11
OGEN,0.273542,50000,2026-08-06T12:39:11
OGES,0.0025,150000,2026-08-06T12:39:11
OGFGY,0.043268,10000,2026-08-06T12:39:11
OGG,0.016914,3600000,2026-08-06T12:39:11
OGGFF,0.210865,5000,2026-08-06T12:39:11
OGI,0.005228,2500000,2026-08-06T12:39:11
OGIG,0.002782,15000,2026-08-06T12:39:11
OGN,0.0052380000000000005,10000000,2026-08-06T12:39:11
OGNG,0.0025,450000,2026-08-06T12:39:11
OGNNF,0.034472,250000,2026-08-06T12:39:11
OGS,0.002782,650000,2026-08-06T12:39:11
OGSM,0.0025,25000,2026-08-06T12:39:11
OGSP,0.048701999999999995,1000,2026-08-06T12:39:11
OHAC,0.010901000000000001,450000,2026-08-06T12:39:11
OHACU,0.012199999999999999,1000,2026-08-06T12:39:11
OHAQ,0.01464,1900000,2026-08-06T12:39:11
OHCFF,0.013168,55000,2026-08-06T12:39:11
OHI,0.004081,5000000,2026-08-06T12:39:11
OI,0.004019,2800000,2026-08-06T12:39:11
OIA,0.070439,70000,2026-08-06T12:39:11
OIBRQ,0.0025,1000,2026-08-06T12:39:11
OIBZQ,0.062013,7000,2026-08-06T12:39:11
OIGBQ.OLD,0.14892,150000,2026-08-06T12:39:11
OIH,0.021599,20000,2026-08-06T12:39:11
OII,0.003995,1300000,2026-08-06T12:39:11
OILCF,0.01464,200,2026-08-06T12:39:11
OILD,0.207683,4000,2026-08-06T12:39:11
OILFF,0.0025,1000000,2026-08-06T12:39:11
OILK,0.035312,75000,2026-08-06T12:39:11
OILSF,0.021247,1700000,2026-08-06T12:39:11
OILT,0.104267,20000,2026-08-06T12:39:11
OILU,0.16251300000000002,10000,2026-08-06T12:39:11
OILY.OLD,0.0025,25000,2026-08-06T12:39:11
OIM,0.053494,1700000,2026-08-06T12:39:11
OIMAU,0.012199999999999999,550000,2026-08-06T12:39:11
OIO,0.46990200000000004,150000,2026-08-06T12:39:11
OIS,0.0026969999999999997,1900000,2026-08-06T12:39:11
OJSY,0.0025,150000,2026-08-06T12:39:11
OKE,0.0025,5100000,2026-08-06T12:39:11
OKLC,0.10477600000000001,2000,2026-08-06T12:39:11
OKLL,0.124377,3000000,2026-08-06T12:39:11
OKLO,0.005397999999999999,400000,2026-08-06T12:39:11
OKLS,1.549219,50000,2026-08-06T12:39:11
OKMN,0.0025,65000,2026-08-06T12:39:11
OKTA,0.004081,1700000,2026-08-06T12:39:11
OKTG,0.038079999999999996,1000,2026-08-06T12:39:11
OKUR,0.011911,650000,2026-08-06T12:39:11
OKYO,0.044826,4000000,2026-08-06T12:39:11
OLB,0.367802,1100000,2026-08-06T12:39:11
OLCLY,0.313657,80000,2026-08-06T12:39:11
OLED,0.004136,500000,2026-08-06T12:39:11
OLLI,0.004136,650000,2026-08-06T12:39:11
OLMA,0.004134,1200000,2026-08-06T12:39:11
OLMM,0.0025,35000,2026-08-06T12:39:11
OLN,0.0028710000000000003,1700000,2026-08-06T12:39:11
OLNCF,0.135366,65000,2026-08-06T12:39:11
OLNK,0.0025,4300000,2026-08-06T12:39:11
OLOX,2.103614,20000,2026-08-06T12:39:11
OLP,0.0037099999999999998,400000,2026-08-06T12:39:11
OLVI,0.052863,55000,2026-08-06T12:39:11
OLYMY,0.539634,75000,2026-08-06T12:39:11
OM,0.004262,500000,2026-08-06T12:39:11
OMAB,0.01175,100000,2026-08-06T12:39:11
OMAGQ,0.0025,80000,2026-08-06T12:39:11
OMAH,0.0069889999999999996,300000,2026-08-06T12:39:11
OMBP,0.0025,75000,2026-08-06T12:39:11
OMC,0.004081,1400000,2026-08-06T12:39:11
OMCC,0.0066300000000000005,750000,2026-08-06T12:39:11
OMCL,0.004081,400000,2026-08-06T12:39:11
OMCY,0.0025,1200000,2026-08-06T12:39:11
OMDA,0.004087,750000,2026-08-06T12:39:11
OMER,0.012806999999999999,75000,2026-08-06T12:39:11
OMEX,0.024824000000000002,1400000,2026-08-06T12:39:11
OMF,0.004081,1800000,2026-08-06T12:39:11
OMFL,0.012254000000000001,400000,2026-08-06T12:39:11
OMFS,0.10513299999999999,10000,2026-08-06T12:39:11
OMGGF,0.012563999999999999,2300000,2026-08-06T12:39:11
OMGV,0.0025,450000,2026-08-06T12:39:11
OMH,1.2661799999999999,1400000,2026-08-06T12:39:11
OMHE,0.0025,10000000,2026-08-06T12:39:11
OMHI,0.0025,1000,2026-08-06T12:39:11
OMHI.OLD1,0.0025,5000,2026-08-06T12:39:11
OMID,0.076472,250000,2026-08-06T12:39:11
OMMH,0.0025,9000,2026-08-06T12:39:11
OMMSF,0.017481,1000000,2026-08-06T12:39:11
OMNT,0.652282,30000,2026-08-06T12:39:11
OMQS,0.022824,400000,2026-08-06T12:39:11
OMRNY,0.027344,20000,2026-08-06T12:39:11
OMRX,0.0025,70000,2026-08-06T12:39:11
OMSE,0.026844,1000000,2026-08-06T12:39:11
OMSH,0.0025,200000,2026-08-06T12:39:11
OMTK,0.0025,100000,2026-08-06T12:39:11
OMVE,0.0025,300000,2026-08-06T12:39:11
OMVKY,0.071811,100000,2026-08-06T12:39:11
OMWS,0.0025,2000,2026-08-06T12:39:11
OMZNF,0.00821,2400000,2026-08-06T12:39:11
ON,0.0025,4000000,2026-08-06T12:39:11
ONAR,0.016325,2600000,2026-08-06T12:39:11
ONAVQ,0.057454,15000,2026-08-06T12:39:11
ONB,0.002785,2800000,2026-08-06T12:39:11
ONBI,0.0025,45000,2026-08-06T12:39:11
ONBPO,0.09964600000000001,60000,2026-08-06T12:39:11
ONBPP,1.072213,1000,2026-08-06T12:39:11
ONC,0.004081,300000,2026-08-06T12:39:11
ONCH,0.573801,1400000,2026-08-06T12:39:11
ONCHU,0.013607000000000001,700,2026-08-06T12:39:11
ONCI,0.0025,10000000,2026-08-06T12:39:11
ONCO,0.616663,250000,2026-08-06T12:39:11
ONCSQ,0.011132999999999999,150000,2026-08-06T12:39:11
ONCT,0.012623,40000,2026-08-06T12:39:11
ONCX,0.0025,10000000,2026-08-06T12:39:11
ONCY,0.113439,300000,2026-08-06T12:39:11
OND,0.097501,900,2026-08-06T12:39:11
ONDG,0.198355,800000,2026-08-06T12:39:11
ONDL,0.254537,100000,2026-08-06T12:39:11
ONDS,0.106654,100000,2026-08-06T12:39:11
ONDU,0.210948,10000,2026-08-06T12:39:11
ONEG,0.701279,350000,2026-08-06T12:39:11
ONEH,0.17057,200,2026-08-06T12:39:11
ONEI,0.003332,90000,2026-08-06T12:39:11
ONEO,0.27378,800,2026-08-06T12:39:11
ONEQ,0.007405,550000,2026-08-06T12:39:11
ONEV,0.024377,2000,2026-08-06T12:39:11
ONEW,0.005282,70000,2026-08-06T12:39:11
ONEXF,0.007684,100000,2026-08-06T12:39:11
ONEY,0.027139000000000003,80000,2026-08-06T12:39:11
ONEZ,0.07825,7000,2026-08-06T12:39:11
ONG,0.240411,15000,2026-08-06T12:39:11
ONGRF,0.09848699999999999,150000,2026-08-06T12:39:11
ONIN,0.0025,1000,2026-08-06T12:39:11
ONIT,0.0039900000000000005,450000,2026-08-06T12:39:11
ONL,0.0034739999999999997,2000000,2026-08-06T12:39:11
ONLN,0.056742,45000,2026-08-06T12:39:11
ONMD,0.11404,1100000,2026-08-06T12:39:11
ONOF,0.079961,6000,2026-08-06T12:39:11
ONON,0.004081,3300000,2026-08-06T12:39:11
ONPH,0.0025,100000,2026-08-06T12:39:11
ONSS,0.0025,4000,2026-08-06T12:39:11
ONT,0.002672,1000000,2026-08-06T12:39:11
ONTO,0.002782,850000,2026-08-06T12:39:11
ONTRF,0.0025,6000,2026-08-06T12:39:11
ONTX,0.5199750000000001,10000,2026-08-06T12:39:11
ONVC,0.0025,6000,2026-08-06T12:39:11
ONWRY,0.14892,10000,2026-08-06T12:39:11
ONX,0.230271,65000,2026-08-06T12:39:11
ONXGF,0.042297,150000,2026-08-06T12:39:11
OOAG,0.0025,85000,2026-08-06T12:39:11
OODH,0.004298,50000,2026-08-06T12:39:11
OOGI,0.0025,20000,2026-08-06T12:39:11
OOIL,0.0025,500,2026-08-06T12:39:11
OOMA,0.005926,700000,2026-08-06T12:39:11
OOSP,0.037976,95000,2026-08-06T12:39:11
OPAD,0.135514,45000,2026-08-06T12:39:11
OPAL,0.013555,60000,2026-08-06T12:39:11
OPAL1,0.0025,100000,2026-08-06T12:39:11
OPBK,0.009131,300000,2026-08-06T12:39:11
OPBL,0.0025,2500000,2026-08-06T12:39:11
OPCH,0.0036320000000000002,1500000,2026-08-06T12:39:11
OPEG,0.260778,10000,2026-08-06T12:39:11
OPEN,0.003447,6500000,2026-08-06T12:39:11
OPER,0.004673,65000,2026-08-06T12:39:11
OPEX,0.282287,30000,2026-08-06T12:39:11
OPFI,0.004197,750000,2026-08-06T12:39:11
OPGX,0.0025,2000,2026-08-06T12:39:11
OPHC,0.022764000000000003,450000,2026-08-06T12:39:11
OPHLY,0.09457800000000001,550000,2026-08-06T12:39:11
OPHRF,0.026999,40000,2026-08-06T12:39:11
OPI,0.091738,650000,2026-08-06T12:39:11
OPIX,0.0025,1200000,2026-08-06T12:39:11
OPK,0.004267,1800000,2026-08-06T12:39:11
OPLN,0.003378,1900000,2026-08-06T12:39:11
OPMG,0.0025,10000000,2026-08-06T12:39:11
OPMZ,0.0025,10000000,2026-08-06T12:39:11
OPP,0.013384,450000,2026-08-06T12:39:11
OPP PRA,0.17624700000000001,350000,2026-08-06T12:39:11
OPP PRB,0.047773,100000,2026-08-06T12:39:11
OPP PRC,0.24634499999999998,35000,2026-08-06T12:39:11
OPPE,0.010367,25000,2026-08-06T12:39:11
OPPJ,0.0025,90000,2026-08-06T12:39:11
OPRA,0.004138,1900000,2026-08-06T12:39:11
OPRT,0.004219,4300000,2026-08-06T12:39:11
OPRX,0.007243,600000,2026-08-06T12:39:11
OPST,0.0025,1000,2026-08-06T12:39:11
OPTH,0.279836,20000,2026-08-06T12:39:11
OPTI,0.0025,10000000,2026-08-06T12:39:11
OPTL,0.0025,60000,2026-08-06T12:39:11
OPTT,0.048594,400000,2026-08-06T12:39:11
OPTU,0.07655,7900000,2026-08-06T12:39:11
OPTX,0.199831,850000,2026-08-06T12:39:11
OPTZ,0.021168999999999997,20000,2026-08-06T12:39:11
OPVS,0.0025,20000,2026-08-06T12:39:11
OPWEF,0.0025,45000,2026-08-06T12:39:11
OPXS,0.00398,550000,2026-08-06T12:39:11
OPY,0.0044269999999999995,100000,2026-08-06T12:39:11
OR,0.008723,2200000,2026-08-06T12:39:11
ORA,0.004146,750000,2026-08-06T12:39:11
ORAC,0.132682,8000,2026-08-06T12:39:11
ORAGF,0.0025,400000,2026-08-06T12:39:11
ORANY,0.017473000000000002,600000,2026-08-06T12:39:11
ORBN,0.0025,4000,2026-08-06T12:39:11
ORBS,0.017479,10000000,2026-08-06T12:39:11
ORBT,0.136356,1800000,2026-08-06T12:39:11
ORBX,0.178993,15000,2026-08-06T12:39:11
ORC,0.0054020000000000006,700000,2026-08-06T12:39:11
ORCL,0.0025,10000000,2026-08-06T12:39:11
ORCL PRD,0.010901000000000001,4600000,2026-08-06T12:39:11
ORCS,0.501892,100000,2026-08-06T12:39:11
ORCU,0.040932,450000,2026-08-06T12:39:11
ORCX,0.04012400000000001,1300000,2026-08-06T12:39:11
OREAF,0.043182,3300000,2026-08-06T12:39:11
ORGC,0.0025,700000,2026-08-06T12:39:11
ORGH,0.0025,800,2026-08-06T12:39:11
ORGO,0.00711,1800000,2026-08-06T12:39:11
ORGS,0.04718,150000,2026-08-06T12:39:11
ORHB,0.0025,200000,2026-08-06T12:39:11
ORHK.OLD,0.0025,600,2026-08-06T12:39:11
ORI,0.0025380000000000003,3700000,2026-08-06T12:39:11
ORIC,0.003759,450000,2026-08-06T12:39:11
ORINY,0.043376,100,2026-08-06T12:39:11
ORIO,0.028934,300000,2026-08-06T12:39:11
ORIQ,0.061562,25000,2026-08-06T12:39:11
ORIQU,0.012199999999999999,300,2026-08-06T12:39:11
ORISF,1.392788,30000,2026-08-06T12:39:11
ORKA,0.004135,100000,2026-08-06T12:39:11
ORKLY,0.042965,600000,2026-08-06T12:39:11
ORKT,0.032775,65000,2026-08-06T12:39:11
ORLCF,0.032501,100000,2026-08-06T12:39:11
ORLY,0.004266,10000000,2026-08-06T12:39:11
ORMNF,0.081279,70000,2026-08-06T12:39:11
ORMP,0.003947,800000,2026-08-06T12:39:11
ORN,0.004082,2100000,2026-08-06T12:39:11
ORNC.RS,0.0025,1000,2026-08-06T12:39:11
ORO,0.096554,1000,2026-08-06T12:39:11
OROE,0.0025,600000,2026-08-06T12:39:11
OROVY,0.0025,3000,2026-08-06T12:39:11
ORPB,0.0033239999999999997,15000,2026-08-06T12:39:11
ORR,0.006632,2600000,2026-08-06T12:39:11
ORRCF,0.0212,7400000,2026-08-06T12:39:11
ORRF,0.004091,500000,2026-08-06T12:39:11
ORSX,0.0025,200,2026-08-06T12:39:11
ORVMF,0.045163,400000,2026-08-06T12:39:11
ORXGF,0.019901,55000,2026-08-06T12:39:11
ORYN,0.0025,900000,2026-08-06T12:39:11
ORZCF,0.010418,300000,2026-08-06T12:39:11
OSAGY,0.0025,800,2026-08-06T12:39:11
OSBC,0.004081,850000,2026-08-06T12:39:11
OSCI,0.0025,10000000,2026-08-06T12:39:11
OSCR,0.004111,7600000,2026-08-06T12:39:11
OSCV,0.024611,200000,2026-08-06T12:39:11
OSCX,0.113576,3000,2026-08-06T12:39:11
OSEA,0.041887999999999995,90000,2026-08-06T12:39:11
OSG,0.0045590000000000006,2400000,2026-08-06T12:39:11
OSIS,0.004146,65000,2026-08-06T12:39:11
OSK,0.0025,700000,2026-08-06T12:39:11
OSLH,0.0025,10000000,2026-08-06T12:39:11
OSPN,0.002672,400000,2026-08-06T12:39:11
OSPRU,0.016314,4300000,2026-08-06T12:39:11
OSRH,0.126426,1000000,2026-08-06T12:39:11
OSRS,0.0025,60000,2026-08-06T12:39:11
OSRV,0.0025,100000,2026-08-06T12:39:11
OSS,0.004108,750000,2026-08-06T12:39:11
OSSUY,0.0025,100,2026-08-06T12:39:11
OST,0.49182200000000004,100000,2026-08-06T12:39:11
OSTX,0.01799,350000,2026-08-06T12:39:11
OSUR,0.013437,4500000,2026-08-06T12:39:11
OSW,0.002782,3300000,2026-08-06T12:39:11
OTAI,0.09739300000000001,900000,2026-08-06T12:39:11
OTAI U,0.8622700000000001,100000,2026-08-06T12:39:11
OTCM,0.002782,95000,2026-08-06T12:39:11
OTEX,0.002782,4400000,2026-08-06T12:39:11
OTF,0.048499,10000000,2026-08-06T12:39:11
OTFT,0.0025,100000,2026-08-06T12:39:11
OTGA,0.237683,1500000,2026-08-06T12:39:11
OTGAU,0.01496,150000,2026-08-06T12:39:11
OTGL,0.044962,6000,2026-08-06T12:39:11
OTGLY,0.029845,200000,2026-08-06T12:39:11
OTIS,0.004081,3600000,2026-08-06T12:39:11
OTLC,0.002782,3100000,2026-08-06T12:39:11
OTLK,0.044903000000000005,600000,2026-08-06T12:39:11
OTLK.OLD1,0.0025,52,2026-08-06T12:39:11
OTLY,0.008725,300000,2026-08-06T12:39:11
OTMN,0.0025,10000,2026-08-06T12:39:11
OTOW,0.0025,5000,2026-08-06T12:39:11
OTRKQ,0.0025,150000,2026-08-06T12:39:11
OTRQQ,0.0025,500000,2026-08-06T12:39:11
OTSKY,0.002782,150000,2026-08-06T12:39:11
OTTR,0.0025,350000,2026-08-06T12:39:11
OTTV,0.0025,10000000,2026-08-06T12:39:11
OTTW,0.0025,20000,2026-08-06T12:39:11
OUKPY,0.122835,20000,2026-08-06T12:39:11
OUNZ,0.002782,800000,2026-08-06T12:39:11
OUSA,0.004339,150000,2026-08-06T12:39:11
OUSL,0.5338080000000001,15000,2026-08-06T12:39:11
OUSM,0.009548,150000,2026-08-06T12:39:11
OUST,0.003004,1100000,2026-08-06T12:39:11
OUT,0.003421,3900000,2026-08-06T12:39:11
OUTB,0.0025,200,2026-08-06T12:39:11
OUTKY,0.047445,10000,2026-08-06T12:39:11
OVATF,0.178704,4000,2026-08-06T12:39:11
OVB,0.029344000000000002,150000,2026-08-06T12:39:11
OVBC,0.014359,35000,2026-08-06T12:39:11
OVCHY,0.25491800000000003,45000,2026-08-06T12:39:11
OVF,0.058034999999999996,9000,2026-08-06T12:39:11
OVID,0.004405,2600000,2026-08-06T12:39:11
OVIT,0.0025,100000,2026-08-06T12:39:11
OVL,0.036749000000000004,100000,2026-08-06T12:39:11
OVLH,0.027143999999999998,35000,2026-08-06T12:39:11
OVLY,0.005489000000000001,100000,2026-08-06T12:39:11
OVM,0.047774000000000004,1000,2026-08-06T12:39:11
OVS,0.048944999999999995,1000,2026-08-06T12:39:11
OVT,0.037122999999999996,20000,2026-08-06T12:39:11
OVTZ,0.021070000000000002,90000,2026-08-06T12:39:11
OVV,0.004081,3600000,2026-08-06T12:39:11
OWCP,0.0025,2100000,2026-08-06T12:39:11
OWDN,0.0025,900,2026-08-06T12:39:11
OWL,0.004786,4400000,2026-08-06T12:39:11
OWLS,0.11416,600000,2026-08-06T12:39:11
OWLT,0.004081,1700000,2026-08-06T12:39:11
OWN,0.09711499999999999,10000,2026-08-06T12:39:11
OWNB,0.040670000000000005,15000,2026-08-06T12:39:11
OWPC,0.048804,7000,2026-08-06T12:39:11
OWRDF,0.0025,1100000,2026-08-06T12:39:11
OWUV,0.0025,1000000,2026-08-06T12:39:11
OWVI,0.0025,15000,2026-08-06T12:39:11
OXBC,0.17463499999999998,7000,2026-08-06T12:39:11
OXBR,0.048164,750000,2026-08-06T12:39:11
OXDG,0.0025,35000,2026-08-06T12:39:11
OXFYY,0.0033239999999999997,600,2026-08-06T12:39:11
OXIHF,0.0025,600000,2026-08-06T12:39:11
OXLC,0.053075000000000004,6500000,2026-08-06T12:39:11
OXLCG,0.14621399999999998,60000,2026-08-06T12:39:11
OXLCI,0.068494,100000,2026-08-06T12:39:11
OXLCL,0.10347300000000001,50000,2026-08-06T12:39:11
OXLCM,0.054932,35000,2026-08-06T12:39:11
OXLCN,0.134035,30000,2026-08-06T12:39:11
OXLCO,0.134788,60000,2026-08-06T12:39:11
OXLCZ,0.22709900000000002,65000,2026-08-06T12:39:11
OXM,0.00329,250000,2026-08-06T12:39:11
OXSQ,0.13391999999999998,750000,2026-08-06T12:39:11
OXSQG,0.044756,95000,2026-08-06T12:39:11
OXSQH,0.08738,20000,2026-08-06T12:39:11
OXY,0.002553,10000000,2026-08-06T12:39:11
OYA1,0.004,4000,2026-08-06T12:39:11
OYCO,0.0025,3000,2026-08-06T12:39:11
OYSE,0.21209399999999998,1600000,2026-08-06T12:39:11
OYSEU,1.018338,100,2026-08-06T12:39:11
OYSM,0.0025,50000,2026-08-06T12:39:11
OZ,0.002865,200000,2026-08-06T12:39:11
OZBKF,0.09078599999999999,30000,2026-08-06T12:39:11
OZEM,0.14355600000000002,30000,2026-08-06T12:39:11
OZFRY,0.0025,8000,2026-08-06T12:39:11
OZK,0.004081,1100000,2026-08-06T12:39:11
OZKAP,0.046632,100000,2026-08-06T12:39:11
OZSC,0.027694999999999997,400000,2026-08-06T12:39:11
OZVN,0.0025,400,2026-08-06T12:39:11
P,0.0025,4500000,2026-08-06T12:39:11
PAA,0.0025,10000000,2026-08-06T12:39:11
PAAA,0.011543000000000001,7400000,2026-08-06T12:39:11
PAAC,0.311295,350000,2026-08-06T12:39:11
PAACU,0.012199999999999999,5000,2026-08-06T12:39:11
PAANF,0.064893,75000,2026-08-06T12:39:11
PAAS,0.0025,6600000,2026-08-06T12:39:11
PAB,2.571766,4000,2026-08-06T12:39:11
PABD,0.675737,500,2026-08-06T12:39:11
PABL,0.004406,600,2026-08-06T12:39:11
PABU,0.06459,10000,2026-08-06T12:39:11
PAC,0.004095,75000,2026-08-06T12:39:11
PACB,0.003125,7100000,2026-08-06T12:39:11
PACH,0.018719,1200000,2026-08-06T12:39:11
PACHU,0.16470600000000002,6000,2026-08-06T12:39:11
PACK,0.005162,1800000,2026-08-06T12:39:11
PACS,0.003124,650000,2026-08-06T12:39:11
PACV,0.0025,2900000,2026-08-06T12:39:11
PAEGF,0.0025,60000,2026-08-06T12:39:11
PAEKY,0.110924,1000,2026-08-06T12:39:11
PAG,0.004227,65000,2026-08-06T12:39:11
PAGFF,0.017952,250000,2026-08-06T12:39:11
PAGP,0.023677,900000,2026-08-06T12:39:11
PAGS,0.002782,3000000,2026-08-06T12:39:11
PAHC,0.0041530000000000004,250000,2026-08-06T12:39:11
PAI,0.089441,15000,2026-08-06T12:39:11
PAII,0.012199999999999999,1200000,2026-08-06T12:39:11
PAIYY,0.44640300000000005,300000,2026-08-06T12:39:11
PAL,0.00559,650000,2026-08-06T12:39:11
PALAF,0.005474,200000,2026-08-06T12:39:11
PALC,0.041858000000000006,100000,2026-08-06T12:39:11
PALD,0.242285,80000,2026-08-06T12:39:11
PALI,0.005277,8800000,2026-08-06T12:39:11
PALL,0.025512,800000,2026-08-06T12:39:11
PALO,0.311159,500000,2026-08-06T12:39:11
PALOU,0.012199999999999999,400,2026-08-06T12:39:11
PALU,0.11143900000000001,80000,2026-08-06T12:39:11
PAM,0.002782,300000,2026-08-06T12:39:11
PAMC,0.092089,20000,2026-08-06T12:39:11
PAMT,0.007724999999999999,75000,2026-08-06T12:39:11
PANG,0.159975,8000,2026-08-06T12:39:11
PANL,0.010532999999999999,1700000,2026-08-06T12:39:11
PANW,0.0025,3400000,2026-08-06T12:39:11
PANXF,0.016813,650000,2026-08-06T12:39:11
PAOG,0.0025,9700000,2026-08-06T12:39:11
PAPA.OLD,0.0025,75000,2026-08-06T12:39:11
PAPI,0.232804,5000,2026-08-06T12:39:11
PAPL,0.777116,100000,2026-08-06T12:39:11
PAPR,0.018955,200000,2026-08-06T12:39:11
PAR,0.0036680000000000003,300000,2026-08-06T12:39:11
PARD,0.0025,15000,2026-08-06T12:39:11
PARK,0.058339999999999996,200000,2026-08-06T12:39:11
PARR,0.004081,1200000,2026-08-06T12:39:11
PASG,0.004135,250000,2026-08-06T12:39:11
PASO,0.0025,10000000,2026-08-06T12:39:11
PASW,0.016851,1200000,2026-08-06T12:39:11
PATH,0.0037419999999999997,5200000,2026-08-06T12:39:11
PATK,0.004166,200000,2026-08-06T12:39:11
PATN,0.572449,10000,2026-08-06T12:39:11
PATX,0.17057,20000,2026-08-06T12:39:11
PAUG,0.004141000000000001,45000,2026-08-06T12:39:11
PAUIF,0.063727,150000,2026-08-06T12:39:11
PAVE,0.0041589999999999995,600000,2026-08-06T12:39:11
PAVM,0.271511,550000,2026-08-06T12:39:11
PAWZ,0.017242,10000,2026-08-06T12:39:11
PAX,0.002788,7100000,2026-08-06T12:39:11
PAXS,0.016164,300000,2026-08-06T12:39:11
PAY,0.004135,1400000,2026-08-06T12:39:11
PAYC,0.002688,800000,2026-08-06T12:39:11
PAYD,0.0025,6000,2026-08-06T12:39:11
PAYH,0.300751,300,2026-08-06T12:39:11
PAYI,0.0025,950000,2026-08-06T12:39:11
PAYM,0.19136,1000,2026-08-06T12:39:11
PAYO,0.004163,6600000,2026-08-06T12:39:11
PAYP,0.025036999999999997,250000,2026-08-06T12:39:11
PAYR,0.067732,20000,2026-08-06T12:39:11
PAYS,0.004105,5300000,2026-08-06T12:39:11
PAYX,0.004135,2000000,2026-08-06T12:39:11
PB,0.004005,2500000,2026-08-06T12:39:11
PBA,0.002874,3600000,2026-08-06T12:39:11
PBAM,0.044729,200000,2026-08-06T12:39:11
PBAP,0.007556,9000,2026-08-06T12:39:11
PBAU,0.48810299999999995,200,2026-08-06T12:39:11
PBCO,0.109679,15000,2026-08-06T12:39:11
PBCRY,0.035193,450000,2026-08-06T12:39:11
PBD,0.033875999999999996,300000,2026-08-06T12:39:11
PBDC,0.031865000000000004,100000,2026-08-06T12:39:11
PBDE,0.10291399999999999,25000,2026-08-06T12:39:11
PBE,0.040555,15000,2026-08-06T12:39:11
PBEGF,0.009802,30000,2026-08-06T12:39:11
PBEU,1.204847,10000,2026-08-06T12:39:11
PBF,0.004091,1900000,2026-08-06T12:39:11
PBFB,0.399248,4000,2026-08-06T12:39:11
PBFFF,0.006122,20000,2026-08-06T12:39:11
PBFR,0.96375,10000,2026-08-06T12:39:11
PBFS,0.010969,100000,2026-08-06T12:39:11
PBGC,0.0025,100000,2026-08-06T12:39:11
PBH,0.004298,1400000,2026-08-06T12:39:11
PBHC,0.007399,60000,2026-08-06T12:39:11
PBHG,0.0025,10000000,2026-08-06T12:39:11
PBI,0.004084,3500000,2026-08-06T12:39:11
PBI PRB,0.030647999999999998,150000,2026-08-06T12:39:11
PBIO,0.0025,3000,2026-08-06T12:39:11
PBJ,0.089382,25000,2026-08-06T12:39:11
PBJA,0.038601,80000,2026-08-06T12:39:11
PBJN,0.017505,2000,2026-08-06T12:39:11
PBK,0.571815,100000,2026-08-06T12:39:11
PBKC,0.0025,400,2026-08-06T12:39:11
PBL,0.147007,10000,2026-08-06T12:39:11
PBLA,1.797907,100000,2026-08-06T12:39:11
PBLS,0.046143,55000,2026-08-06T12:39:11
PBLSQ,0.0025,10000000,2026-08-06T12:39:11
PBM,0.8170090000000001,200000,2026-08-06T12:39:11
PBMLF,0.22904,4000,2026-08-06T12:39:11
PBMR,0.23552,10000,2026-08-06T12:39:11
PBMRY,0.0025,500,2026-08-06T12:39:11
PBMY,0.042039999999999994,5000,2026-08-06T12:39:11
PBNC,0.20981000000000002,4000,2026-08-06T12:39:11
PBNK,0.0025,3000,2026-08-06T12:39:11
PBNV,0.650929,15000,2026-08-06T12:39:11
PBOC,1.6806569999999998,4000,2026-08-06T12:39:11
PBOG,0.347829,10000,2026-08-06T12:39:11
PBP,0.09216300000000001,30000,2026-08-06T12:39:11
PBPH,0.182394,3000,2026-08-06T12:39:11
PBR,0.004081,10000000,2026-08-06T12:39:11
PBR A,0.004081,10000000,2026-08-06T12:39:11
PBRG,0.094795,10000,2026-08-06T12:39:11
PBSE,0.293704,30000,2026-08-06T12:39:11
PBSOQ,0.022535,650000,2026-08-06T12:39:11
PBSV,0.0025,100000,2026-08-06T12:39:11
PBT,0.012466999999999999,500000,2026-08-06T12:39:11
PBTP,0.042944,700,2026-08-06T12:39:11
PBUS,0.045139,15000,2026-08-06T12:39:11
PBW,0.023851,1100000,2026-08-06T12:39:11
PBYA,0.0025,10000000,2026-08-06T12:39:11
PBYI,0.003721,1400000,2026-08-06T12:39:11
PC,0.19328,450000,2026-08-06T12:39:11
PCAP,0.054201,300000,2026-08-06T12:39:11
PCAPU,0.014240999999999998,45000,2026-08-06T12:39:11
PCAR,0.0025,3600000,2026-08-06T12:39:11
PCB,0.007792,100000,2026-08-06T12:39:11
PCCE,0.002782,2000,2026-08-06T12:39:11
PCCWY,0.0025,1000,2026-08-06T12:39:11
PCEB,0.438489,15000,2026-08-06T12:39:11
PCEF,0.004505,200000,2026-08-06T12:39:11
PCF,0.013283,100000,2026-08-06T12:39:11
PCFBY,0.043376,2000,2026-08-06T12:39:11
PCFG,0.0025,10000000,2026-08-06T12:39:11
PCFI,0.0039829999999999996,25000,2026-08-06T12:39:11
PCG,0.0028039999999999996,10000000,2026-08-06T12:39:11
PCG PRA,0.32212,40000,2026-08-06T12:39:11
PCG PRB,0.265965,5000,2026-08-06T12:39:11
PCG PRC,1.0626170000000001,1000,2026-08-06T12:39:11
PCG PRD,0.470127,10000,2026-08-06T12:39:11
PCG PRE,0.12185700000000001,60000,2026-08-06T12:39:11
PCG PRG,0.636045,1000,2026-08-06T12:39:11
PCG PRH,0.24702100000000002,7000,2026-08-06T12:39:11
PCG PRI,0.093795,5000,2026-08-06T12:39:11
PCG PRX,0.011238999999999999,1000000,2026-08-06T12:39:11
PCGC,0.0025,6000,2026-08-06T12:39:11
PCGG,0.09286799999999999,2000,2026-08-06T12:39:11
PCHI,0.06637900000000001,8000,2026-08-06T12:39:11
PCHK,0.0025,600,2026-08-06T12:39:11
PCHUY,0.0025,400,2026-08-06T12:39:11
PCIG,0.09721199999999999,800,2026-08-06T12:39:11
PCIVF,0.007236,1000,2026-08-06T12:39:11
PCLA,10.704001,400,2026-08-06T12:39:11
PCLG,0.048789,150000,2026-08-06T12:39:11
PCLI,0.0025,100000,2026-08-06T12:39:11
PCLO,0.094903,55000,2026-08-06T12:39:11
PCLO.OLD1,0.0025,10000000,2026-08-06T12:39:11
PCLOF,0.016329,1000,2026-08-06T12:39:11
PCM,0.0051080000000000006,70000,2026-08-06T12:39:11
PCMC,0.0025,7000,2026-08-06T12:39:11
PCMM,0.064688,150000,2026-08-06T12:39:11
PCN,0.004636,1800000,2026-08-06T12:39:11
PCOR,0.002823,950000,2026-08-06T12:39:11
PCPJ,0.0025,100000,2026-08-06T12:39:11
PCPP,0.141703,1000,2026-08-06T12:39:11
PCPZ,0.0025,350000,2026-08-06T12:39:11
PCQ,0.062799,100000,2026-08-06T12:39:11
PCQRF,0.088786,200000,2026-08-06T12:39:11
PCR,0.040670000000000005,1000,2026-08-06T12:39:11
PCRCF,0.05122,6,2026-08-06T12:39:11
PCRHY,0.043183,750000,2026-08-06T12:39:11
PCRX,0.004128,200000,2026-08-06T12:39:11
PCSA,0.433176,200000,2026-08-06T12:39:11
PCST,0.0025,300,2026-08-06T12:39:11
PCSTQ,0.0025,15000,2026-08-06T12:39:11
PCSV,0.048804,75000,2026-08-06T12:39:11
PCT,0.025594000000000002,700000,2026-08-06T12:39:11
PCTL,0.0025,4000000,2026-08-06T12:39:11
PCTTU,0.240932,100,2026-08-06T12:39:11
PCTY,0.004097,1700000,2026-08-06T12:39:11
PCUUF,0.019185,100000,2026-08-06T12:39:11
PCVX,0.004029,1200000,2026-08-06T12:39:11
PCWLF,0.004047,200,2026-08-06T12:39:11
PCWT,0.0025,2200000,2026-08-06T12:39:11
PCY,0.056907,100000,2026-08-06T12:39:11
PCYN,0.0025,300000,2026-08-06T12:39:11
PCYO,0.003849,800000,2026-08-06T12:39:11
PD,0.005084,3300000,2026-08-06T12:39:11
PDBA,0.017648999999999998,100000,2026-08-06T12:39:11
PDBC,0.004135,3500000,2026-08-06T12:39:11
PDC,0.07508,70000,2026-08-06T12:39:11
PDCC,0.044053,250000,2026-08-06T12:39:11
PDD,0.0033450000000000003,10000000,2026-08-06T12:39:11
PDDL,0.640502,250000,2026-08-06T12:39:11
PDEC,0.0025,250000,2026-08-06T12:39:11
PDER,0.0025,1000,2026-08-06T12:39:11
PDEX,0.008156,70000,2026-08-06T12:39:11
PDFS,0.004131,1000000,2026-08-06T12:39:11
PDGO,0.0025,10000000,2026-08-06T12:39:11
PDI,0.003415,6200000,2026-08-06T12:39:11
PDIV,0.099465,300000,2026-08-06T12:39:11
PDIYF,0.024176000000000003,20000,2026-08-06T12:39:11
PDLB,0.003172,350000,2026-08-06T12:39:11
PDLI,0.08890100000000001,7300000,2026-08-06T12:39:11
PDM,0.004157,1800000,2026-08-06T12:39:11
PDMI,0.0025,10000000,2026-08-06T12:39:11
PDN,0.216724,150000,2026-08-06T12:39:11
PDNLA,0.0025,1000,2026-08-06T12:39:11
PDNLB,0.0025,100000,2026-08-06T12:39:11
PDO,0.0034820000000000003,1000000,2026-08-06T12:39:11
PDOS,0.0025,3000000,2026-08-06T12:39:11
PDP,0.014755,60000,2026-08-06T12:39:11
PDPA,0.177335,25000,2026-08-06T12:39:11
PDPR,0.0025,10000000,2026-08-06T12:39:11
PDRX,0.0025,35000,2026-08-06T12:39:11
PDS,0.005139,200000,2026-08-06T12:39:11
PDSB,0.0042049999999999995,2100000,2026-08-06T12:39:11
PDT,0.016314,95000,2026-08-06T12:39:11
PDX,0.00414,1300000,2026-08-06T12:39:11
PDXP,0.0025,3300000,2026-08-06T12:39:11
PDYN,0.137834,400000,2026-08-06T12:39:11
PEB,0.004135,750000,2026-08-06T12:39:11
PEB PRE,0.246706,25000,2026-08-06T12:39:11
PEB PRF,0.152043,70000,2026-08-06T12:39:11
PEB PRG,0.092667,25000,2026-08-06T12:39:11
PEB PRH,0.087353,40000,2026-08-06T12:39:11
PEBK,0.004348,80000,2026-08-06T12:39:11
PEBO,0.004114,650000,2026-08-06T12:39:11
PECE,1.112345,20000,2026-08-06T12:39:11
PECEU,0.012199999999999999,200,2026-08-06T12:39:11
PECO,0.0025,1700000,2026-08-06T12:39:11
PED,0.018182,85000,2026-08-06T12:39:11
PEDH,0.0025,2000,2026-08-06T12:39:11
PEDI,0.0025,600000,2026-08-06T12:39:11
PEDU,0.0025,40000,2026-08-06T12:39:11
PEFF,0.0025,150000,2026-08-06T12:39:11
PEG,0.0025,4500000,2026-08-06T12:39:11
PEGA,0.004136,150000,2026-08-06T12:39:11
PEGRY,0.051845,20000,2026-08-06T12:39:11
PEHD,0.0025,3000,2026-08-06T12:39:11
PEII,0.0025,10000000,2026-08-06T12:39:11
PEJ,0.039352,10000,2026-08-06T12:39:11
PEMC,0.0025,9000,2026-08-06T12:39:11
PEMIF,0.004135,350000,2026-08-06T12:39:11
PEMSF,0.006842,1400000,2026-08-06T12:39:11
PEMTF,0.023473,45000,2026-08-06T12:39:11
PEMX,0.04292,1000,2026-08-06T12:39:11
PEN,0.007246,1400000,2026-08-06T12:39:11
PENG,0.002782,1500000,2026-08-06T12:39:11
PENN,0.003205,2800000,2026-08-06T12:39:11
PEO,0.029505,400000,2026-08-06T12:39:11
PEP,0.0025,8200000,2026-08-06T12:39:11
PEPG,0.004439,800000,2026-08-06T12:39:11
PERF,0.027139000000000003,7400000,2026-08-06T12:39:11
PERI,0.009474,650000,2026-08-06T12:39:11
PERT,0.0025,35000,2026-08-06T12:39:11
PESI,0.005356,1400000,2026-08-06T12:39:11
PETS,0.003916,950000,2026-08-06T12:39:11
PETV,0.10596,200000,2026-08-06T12:39:11
PETXQ,0.64424,1500000,2026-08-06T12:39:11
PETZ,0.403307,450000,2026-08-06T12:39:11
PEVC,0.050142,2000,2026-08-06T12:39:11
PEVM,0.0025,8000,2026-08-06T12:39:11
PEW,0.005039,800000,2026-08-06T12:39:11
PEX,0.107424,10000,2026-08-06T12:39:11
PEXNY,0.0025,4000,2026-08-06T12:39:11
PEY,0.013607000000000001,300000,2026-08-06T12:39:11
PEYUF,0.0040100000000000005,2900000,2026-08-06T12:39:11
PEZ,0.217956,900,2026-08-06T12:39:11
PFAI,0.293436,15000,2026-08-06T12:39:11
PFBC,0.004173,200000,2026-08-06T12:39:11
PFBX,0.0033239999999999997,2000,2026-08-06T12:39:11
PFD,0.12321,100000,2026-08-06T12:39:11
PFDDC,0.0025,600,2026-08-06T12:39:11
PFDM,0.0025,1200000,2026-08-06T12:39:11
PFE,0.004135,10000000,2026-08-06T12:39:11
PFEB,0.014296,65000,2026-08-06T12:39:11
PFEH,0.0025,10000000,2026-08-06T12:39:11
PFF,0.011746000000000001,2300000,2026-08-06T12:39:11
PFFA,0.017667,2700000,2026-08-06T12:39:11
PFFD,0.009243,800000,2026-08-06T12:39:11
PFFL,0.067732,35000,2026-08-06T12:39:11
PFFOF,0.004812,100000,2026-08-06T12:39:11
PFFR,0.09888400000000001,150000,2026-08-06T12:39:11
PFFV,0.041267,150000,2026-08-06T12:39:11
PFG,0.003006,1300000,2026-08-06T12:39:11
PFGC,0.004085,1900000,2026-08-06T12:39:11
PFH,0.012555,100000,2026-08-06T12:39:11
PFHO,0.191694,250000,2026-08-06T12:39:11
PFI,0.043376,8000,2026-08-06T12:39:11
PFIG,0.089382,150000,2026-08-06T12:39:11
PFIS,0.005051,60000,2026-08-06T12:39:11
PFIX,0.027853,25000,2026-08-06T12:39:11
PFL,0.0033179999999999998,450000,2026-08-06T12:39:11
PFLA,0.037798,75000,2026-08-06T12:39:11
PFLC,0.046368,150000,2026-08-06T12:39:11
PFLD,0.205751,100000,2026-08-06T12:39:11
PFLT,0.024228,850000,2026-08-06T12:39:11
PFM,0.074498,40000,2026-08-06T12:39:11
PFN,0.00502,750000,2026-08-06T12:39:11
PFND,0.0025,250000,2026-08-06T12:39:11
PFNO,0.0025,10000000,2026-08-06T12:39:11
PFO,0.041752000000000004,100000,2026-08-06T12:39:11
PFOB,0.0025,7000,2026-08-06T12:39:11
PFOE,2.012503,2000,2026-08-06T12:39:11
PFRL,0.048611,25000,2026-08-06T12:39:11
PFS,0.005993000000000001,1500000,2026-08-06T12:39:11
PFSA,0.179256,100000,2026-08-06T12:39:11
PFSB,0.0212,50000,2026-08-06T12:39:11
PFSD,0.0025,6800000,2026-08-06T12:39:11
PFSI,0.00409,350000,2026-08-06T12:39:11
PFTI,0.0025,150000,2026-08-06T12:39:11
PFWIQ,0.0025,10000000,2026-08-06T12:39:11
PFX,0.021726000000000002,20000,2026-08-06T12:39:11
PFXF,0.035257000000000004,650000,2026-08-06T12:39:11
PFXNZ,0.05625,100000,2026-08-06T12:39:11
PG,0.0025,10000000,2026-08-06T12:39:11
PGAI,0.0025,10000,2026-08-06T12:39:11
PGAS.OLD,0.0025,450000,2026-08-06T12:39:11
PGC,0.004499,250000,2026-08-06T12:39:11
PGCG,0.0025,15000,2026-08-06T12:39:11
PGCX,0.0025,3300000,2026-08-06T12:39:11
PGEN,0.005375,4100000,2026-08-06T12:39:11
PGENY,0.010901000000000001,2000,2026-08-06T12:39:11
PGEZF,0.019576,4500000,2026-08-06T12:39:11
PGF,0.008369,200000,2026-08-06T12:39:11
PGFY,0.013413999999999999,9000,2026-08-06T12:39:11
PGGG,0.0025,5000,2026-08-06T12:39:11
PGHY,0.097501,250000,2026-08-06T12:39:11
PGIE,0.0025,8500000,2026-08-06T12:39:11
PGLDF,0.03376,1200000,2026-08-06T12:39:11
PGNE,0.0025,400000,2026-08-06T12:39:11
PGNN,0.004135,800,2026-08-06T12:39:11
PGNPQ,0.113739,650000,2026-08-06T12:39:11
PGNT,0.0025,200000,2026-08-06T12:39:11
PGNY,0.0039900000000000005,1400000,2026-08-06T12:39:11
PGOG,0.0025,300000,2026-08-06T12:39:11
PGOL,0.0025,100000,2026-08-06T12:39:11
PGP,0.016314,70000,2026-08-06T12:39:11
PGPM,0.0025,7500000,2026-08-06T12:39:11
PGR,0.004081,4200000,2026-08-06T12:39:11
PGRO,0.0858,50000,2026-08-06T12:39:11
PGRX,0.0025,25000,2026-08-06T12:39:11
PGSC,0.0025,1000,2026-08-06T12:39:11
PGSI,0.0025,150000,2026-08-06T12:39:11
PGTK,0.0025,400000,2026-08-06T12:39:11
PGUS,0.0025,4200000,2026-08-06T12:39:11
PGVI,0.0025,15000,2026-08-06T12:39:11
PGX,0.0060550000000000005,4300000,2026-08-06T12:39:11
PGXFF,0.041969000000000006,100000,2026-08-06T12:39:11
PGXPF,0.0029110000000000004,200000,2026-08-06T12:39:11
PGY,0.004244,4600000,2026-08-06T12:39:11
PGYC,0.0025,4300000,2026-08-06T12:39:11
PGZ,0.026753999999999997,100000,2026-08-06T12:39:11
PGZFF,0.00299,850000,2026-08-06T12:39:11
PH,0.0025,1000000,2026-08-06T12:39:11
PHAR,0.022618,15000,2026-08-06T12:39:11
PHAT,0.00416,500000,2026-08-06T12:39:11
PHBI,0.0025,5100000,2026-08-06T12:39:11
PHCFF,0.26289999999999997,20000,2026-08-06T12:39:11
PHCI,0.0025,4000,2026-08-06T12:39:11
PHCP,0.0025,700,2026-08-06T12:39:11
PHDG,0.0029709999999999997,45000,2026-08-06T12:39:11
PHEQ,0.11940200000000001,10000,2026-08-06T12:39:11
PHG,0.007856,550000,2026-08-06T12:39:11
PHGE,1.2747199999999999,1200000,2026-08-06T12:39:11
PHI,0.014924,250000,2026-08-06T12:39:11
PHIG,0.133109,60000,2026-08-06T12:39:11
PHIL,0.0025,10000000,2026-08-06T12:39:11
PHIN,0.003771,200000,2026-08-06T12:39:11
PHIO,0.411607,250000,2026-08-06T12:39:11
PHK,0.0062450000000000006,1100000,2026-08-06T12:39:11
PHM,0.0025,1700000,2026-08-06T12:39:11
PHNMF,0.016014,550000,2026-08-06T12:39:11
PHO,0.009126,95000,2026-08-06T12:39:11
PHOE,2.386087,400000,2026-08-06T12:39:11
PHPPY,0.0033239999999999997,200,2026-08-06T12:39:11
PHR,0.0065390000000000005,10000000,2026-08-06T12:39:11
PHRRF,0.204619,1100000,2026-08-06T12:39:11
PHSE,0.0025,1300000,2026-08-06T12:39:11
PHUN,0.01113,3200000,2026-08-06T12:39:11
PHUN.OLD1,0.0025,1000000,2026-08-06T12:39:11
PHVS,0.0038529999999999997,850000,2026-08-06T12:39:11
PHXE PR,0.074071,2000,2026-08-06T12:39:11
PHYH,0.0025,550000,2026-08-06T12:39:11
PHYL,0.021617,100000,2026-08-06T12:39:11
PHYS,0.006289,7300000,2026-08-06T12:39:11
PHYTF,0.01464,100,2026-08-06T12:39:11
PHYUF,0.01464,200,2026-08-06T12:39:11
PI,0.003626,100000,2026-08-06T12:39:11
PIAHY,0.086676,3000,2026-08-06T12:39:11
PICB,0.082763,100000,2026-08-06T12:39:11
PICK,0.035952000000000005,150000,2026-08-06T12:39:11
PICS,0.016319,200000,2026-08-06T12:39:11
PID,0.021366,150000,2026-08-06T12:39:11
PIE,0.028512,150000,2026-08-06T12:39:11
PIEQ,0.40753799999999996,35000,2026-08-06T12:39:11
PIEX,0.0025,550000,2026-08-06T12:39:11
PIFFY,0.0025,100,2026-08-06T12:39:11
PIFI,0.149279,800000,2026-08-06T12:39:11
PIFMY,0.063881,5000,2026-08-06T12:39:11
PIFR,0.0025,200000,2026-08-06T12:39:11
PIFYF,0.044408,100000,2026-08-06T12:39:11
PIHN,0.0025,4200000,2026-08-06T12:39:11
PII,0.0025,1800000,2026-08-06T12:39:11
PIII,0.104116,100000,2026-08-06T12:39:11
PIKM,1.112613,100000,2026-08-06T12:39:11
PILL,0.033535,100000,2026-08-06T12:39:11
PIM,0.041491,200000,2026-08-06T12:39:11
PINE,0.006842,250000,2026-08-06T12:39:11
PINE PRA,0.067172,10000,2026-08-06T12:39:11
PINK,0.018569,150000,2026-08-06T12:39:11
PINS,0.002565,10000000,2026-08-06T12:39:11
PIO,0.102476,15000,2026-08-06T12:39:11
PIPR,0.0036420000000000003,950000,2026-08-06T12:39:11
PIT,0.203045,6000,2026-08-06T12:39:11
PITEF,1.006816,200000,2026-08-06T12:39:11
PITPY,0.132682,10000,2026-08-06T12:39:11
PIXY,0.0,20000,2026-08-06T12:39:11
PIZ,0.040978,400000,2026-08-06T12:39:11
PJAN,0.002726,350000,2026-08-06T12:39:11
PJET,0.0025,750000,2026-08-06T12:39:11
PJFG,0.17598199999999997,10000,2026-08-06T12:39:11
PJIO,0.010754,2000,2026-08-06T12:39:11
PJP,0.027366,15000,2026-08-06T12:39:11
PJT,0.0025,300000,2026-08-06T12:39:11
PJUL,0.193436,400000,2026-08-06T12:39:11
PJUN,0.012142,100000,2026-08-06T12:39:11
PK,0.003459,2300000,2026-08-06T12:39:11
PKB,0.031107,80000,2026-08-06T12:39:11
PKBK,0.009655,450000,2026-08-06T12:39:11
PKE,0.002782,1000000,2026-08-06T12:39:11
PKG,0.0025,800000,2026-08-06T12:39:11
PKIN,0.0025,100,2026-08-06T12:39:11
PKKFF,0.018132,350000,2026-08-06T12:39:11
PKLBF,0.0025,700000,2026-08-06T12:39:11
PKLE,0.014705,500000,2026-08-06T12:39:11
PKOH,0.005533,200000,2026-08-06T12:39:11
PKTEF,0.017888,10000,2026-08-06T12:39:11
PKTX,0.107259,650000,2026-08-06T12:39:11
PKW,0.04001299999999999,55000,2026-08-06T12:39:11
PKX,0.005607999999999999,400000,2026-08-06T12:39:11
PL,0.0032140000000000003,8100000,2026-08-06T12:39:11
PLA,0.8566039999999999,100,2026-08-06T12:39:11
PLAB,0.002782,1400000,2026-08-06T12:39:11
PLAG,1.282226,850000,2026-08-06T12:39:11
PLAY,0.004789,850000,2026-08-06T12:39:11
PLBC,0.0032879999999999997,50000,2026-08-06T12:39:11
PLBL,0.6343,150000,2026-08-06T12:39:11
PLBY,0.004144999999999999,2300000,2026-08-06T12:39:11
PLCE,0.039529999999999996,15000,2026-08-06T12:39:11
PLCIU,0.0025,150000,2026-08-06T12:39:11
PLCKF,0.02763,350000,2026-08-06T12:39:11
PLD,0.002711,6200000,2026-08-06T12:39:11
PLDGP,0.79842,1000,2026-08-06T12:39:11
PLFF,0.0025,4000,2026-08-06T12:39:11
PLFLF,0.0025,300000,2026-08-06T12:39:11
PLFX,0.0025,55000,2026-08-06T12:39:11
PLG,0.006529,2500000,2026-08-06T12:39:11
PLGI,0.07125,5000,2026-08-06T12:39:11
PLGNF,0.066665,800000,2026-08-06T12:39:11
PLGO,0.006721,1700000,2026-08-06T12:39:11
PLKT,0.0025,3000,2026-08-06T12:39:11
PLLAF,0.0025,2000,2026-08-06T12:39:11
PLMK,0.016303,150000,2026-08-06T12:39:11
PLMNF,0.065041,4000,2026-08-06T12:39:11
PLMO,0.0025,700000,2026-08-06T12:39:11
PLMR,0.002782,350000,2026-08-06T12:39:11
PLMUF,0.01464,500,2026-08-06T12:39:11
PLNH,0.013081,7000000,2026-08-06T12:39:11
PLNT,0.004157,3400000,2026-08-06T12:39:11
PLOW,0.0051400000000000005,1000000,2026-08-06T12:39:11
PLPC,0.005083,20000,2026-08-06T12:39:11
PLPL,0.0025,10000000,2026-08-06T12:39:11
PLQC,0.11118299999999999,3000,2026-08-06T12:39:11
PLRX,0.025297999999999998,3800000,2026-08-06T12:39:11
PLRZ,0.6873279999999999,200000,2026-08-06T12:39:11
PLSB,0.0025,10000000,2026-08-06T12:39:11
PLSDF,0.040229999999999995,100000,2026-08-06T12:39:11
PLSE,0.044016,100000,2026-08-06T12:39:11
PLSH,0.004027,15000,2026-08-06T12:39:11
PLSM,3.4072449999999996,40000,2026-08-06T12:39:11
PLTA,0.044169,65000,2026-08-06T12:39:11
PLTD,0.57786,350000,2026-08-06T12:39:11
PLTG,0.04933,200000,2026-08-06T12:39:11
PLTK,0.005263,2500000,2026-08-06T12:39:11
PLTL,0.0025,200,2026-08-06T12:39:11
PLTM,0.0040939999999999995,450000,2026-08-06T12:39:11
PLTR,0.003432,10000000,2026-08-06T12:39:11
PLTS,0.438075,45000,2026-08-06T12:39:11
PLTU,0.04856,450000,2026-08-06T12:39:11
PLTW,0.022477999999999998,65000,2026-08-06T12:39:11
PLTXF,0.069912,3000,2026-08-06T12:39:11
PLTY,0.060229,95000,2026-08-06T12:39:11
PLTYF,0.0025,500,2026-08-06T12:39:11
PLTZ,0.265658,150000,2026-08-06T12:39:11
PLU,0.114733,25000,2026-08-06T12:39:11
PLUG,0.005940999999999999,2500000,2026-08-06T12:39:11
PLUL,0.459366,10000,2026-08-06T12:39:11
PLUN,0.22101400000000002,200000,2026-08-06T12:39:11
PLUR,0.004842,65000,2026-08-06T12:39:11
PLUS,0.0025,400000,2026-08-06T12:39:11
PLUT,0.09474600000000001,100000,2026-08-06T12:39:11
PLVFF,0.0025,15000,2026-08-06T12:39:11
PLWY,0.0025,100000,2026-08-06T12:39:11
PLX,0.004135,2700000,2026-08-06T12:39:11
PLXPQ,0.076391,1600000,2026-08-06T12:39:11
PLXS,0.004099,550000,2026-08-06T12:39:11
PLYN.OLD,0.0025,2300000,2026-08-06T12:39:11
PLYR,0.0025,100,2026-08-06T12:39:11
PLYX,0.095761,150000,2026-08-06T12:39:11
PLYY,0.046369999999999995,10000,2026-08-06T12:39:11
PLYZ,0.0025,10000000,2026-08-06T12:39:11
PM,0.0025,7600000,2026-08-06T12:39:11
PMA,1.01258,100000,2026-08-06T12:39:11
PMAH,0.0025,300000,2026-08-06T12:39:11
PMAR,0.0034860000000000004,150000,2026-08-06T12:39:11
PMAX,1.4398009999999999,150000,2026-08-06T12:39:11
PMAY,0.005489000000000001,100000,2026-08-06T12:39:11
PMBS,0.031156000000000003,200000,2026-08-06T12:39:11
PMBS.OLD,0.0025,300000,2026-08-06T12:39:11
PMCB,0.460895,750000,2026-08-06T12:39:11
PMCM,0.0025,5800000,2026-08-06T12:39:11
PMCOF,0.042497,600000,2026-08-06T12:39:11
PMCY,0.0025,15000,2026-08-06T12:39:11
PMDI,0.005052,350000,2026-08-06T12:39:11
PMDIY,0.14885500000000002,700,2026-08-06T12:39:11
PMDP,0.0025,10000000,2026-08-06T12:39:11
PMEC,0.322949,1700000,2026-08-06T12:39:11
PMEDF,0.019875,450000,2026-08-06T12:39:11
PMI,0.23845400000000003,30000,2026-08-06T12:39:11
PMIO,0.006842,3000,2026-08-06T12:39:11
PMJN,1.10152,5000,2026-08-06T12:39:11
PMKY,0.0025,70000,2026-08-06T12:39:11
PML,0.004309,250000,2026-08-06T12:39:11
PMM,0.10561999999999999,20000,2026-08-06T12:39:11
PMMCF,0.018313,250000,2026-08-06T12:39:11
PMMF,0.008549,450000,2026-08-06T12:39:11
PMMY,0.078557,1000,2026-08-06T12:39:11
PMN,0.454639,150000,2026-08-06T12:39:11
PMNT,0.09808,700000,2026-08-06T12:39:11
PMO,0.040670000000000005,9000,2026-08-06T12:39:11
PMOMF,0.002862,150000,2026-08-06T12:39:11
PMOZ.OLD,0.0025,1000,2026-08-06T12:39:11
PMPG,0.0025,15000,2026-08-06T12:39:11
PMREF,0.007371,800000,2026-08-06T12:39:11
PMRTY,0.175064,100000,2026-08-06T12:39:11
PMT,0.004132,1500000,2026-08-06T12:39:11
PMT PRA,0.12145500000000001,60000,2026-08-06T12:39:11
PMT PRB,0.212103,100000,2026-08-06T12:39:11
PMT PRC,0.14441700000000002,200000,2026-08-06T12:39:11
PMTR,0.0033239999999999997,2500000,2026-08-06T12:39:11
PMTRU,0.816687,4000,2026-08-06T12:39:11
PMTS,0.004135,300000,2026-08-06T12:39:11
PMTU,0.12727,75000,2026-08-06T12:39:11
PMTV,1.031157,200000,2026-08-06T12:39:11
PMTW,0.05024,500000,2026-08-06T12:39:11
PMVP,0.009032,2600000,2026-08-06T12:39:11
PMXO,0.0025,350000,2026-08-06T12:39:11
PMXX,0.0025,1100000,2026-08-06T12:39:11
PN,2.1507169999999998,1000,2026-08-06T12:39:11
PNBI,0.148087,2000,2026-08-06T12:39:11
PNBK,0.008017999999999999,850000,2026-08-06T12:39:11
PNC,0.0025280000000000003,3900000,2026-08-06T12:39:11
PNDHF,0.0025,200000,2026-08-06T12:39:11
PNDRY,0.021994,400000,2026-08-06T12:39:11
PNFP,0.0025,1300000,2026-08-06T12:39:11
PNFP PRA,0.093063,100000,2026-08-06T12:39:11
PNFP PRB,0.070303,150000,2026-08-06T12:39:11
PNFP PRC,0.607496,30000,2026-08-06T12:39:11
PNGAF,0.011399999999999999,10000,2026-08-06T12:39:11
PNGAY,0.004135,650000,2026-08-06T12:39:11
PNGM,0.0025,400000,2026-08-06T12:39:11
PNI,0.139266,500000,2026-08-06T12:39:11
PNMXO,0.0025,700,2026-08-06T12:39:11
PNNT,0.014847999999999998,500000,2026-08-06T12:39:11
PNNX,0.0025,1000,2026-08-06T12:39:11
PNOV,0.032551000000000004,100000,2026-08-06T12:39:11
PNPFF,0.055298999999999994,20000,2026-08-06T12:39:11
PNPL,0.0025,800,2026-08-06T12:39:11
PNPNF,0.088437,750000,2026-08-06T12:39:11
PNQI,0.013281000000000001,200000,2026-08-06T12:39:11
PNR,0.004135,1500000,2026-08-06T12:39:11
PNRG,0.0066159999999999995,3000,2026-08-06T12:39:11
PNSB,0.22546500000000003,100000,2026-08-06T12:39:11
PNSTQ,0.04899200000000001,1200000,2026-08-06T12:39:11
PNTG,0.003246,950000,2026-08-06T12:39:11
PNTV,0.0025,1200000,2026-08-06T12:39:11
PNTZF,0.14460499999999998,10000,2026-08-06T12:39:11
PNW,0.003005,100000,2026-08-06T12:39:11
PNXP,0.178704,25000,2026-08-06T12:39:11
PNXPF,0.19007000000000002,150000,2026-08-06T12:39:11
PNYG,0.0025,100000,2026-08-06T12:39:11
POAHY,0.010964,400000,2026-08-06T12:39:11
POAS,0.415485,250000,2026-08-06T12:39:11
POCI,0.004361,250000,2026-08-06T12:39:11
POCT,0.013996,450000,2026-08-06T12:39:11
PODC,0.057727,1300000,2026-08-06T12:39:11
PODD,0.004778,1800000,2026-08-06T12:39:11
POET,0.004689,2200000,2026-08-06T12:39:11
POFCY,0.0025,150000,2026-08-06T12:39:11
POGS,0.0025,6000,2026-08-06T12:39:11
POLA,1.0267709999999999,85000,2026-08-06T12:39:11
POLCQ,1.890136,70000,2026-08-06T12:39:11
POLE,0.10291399999999999,1100000,2026-08-06T12:39:11
POLR,0.002782,10000,2026-08-06T12:39:11
POM,0.304139,65000,2026-08-06T12:39:11
PONO,0.032551000000000004,70000,2026-08-06T12:39:11
PONOU,0.012199999999999999,200,2026-08-06T12:39:11
PONX,0.19222,50000,2026-08-06T12:39:11
PONY,0.004307,6500000,2026-08-06T12:39:11
POOL,0.004133,400000,2026-08-06T12:39:11
POOSF,0.045556,400000,2026-08-06T12:39:11
POR,0.002782,1700000,2026-08-06T12:39:11
PORMF,0.0025,6000,2026-08-06T12:39:11
POSC,0.0033239999999999997,150000,2026-08-06T12:39:11
POST,0.003994,100000,2026-08-06T12:39:11
POTN.OLD,0.0025,600,2026-08-06T12:39:11
POTRF,0.0025,10000,2026-08-06T12:39:11
POW,0.042099000000000004,200000,2026-08-06T12:39:11
POWA,0.0223,50000,2026-08-06T12:39:11
POWI,0.004148,450000,2026-08-06T12:39:11
POWL,0.002737,150000,2026-08-06T12:39:11
POWR,0.030347,200000,2026-08-06T12:39:11
POWT,0.0025,250000,2026-08-06T12:39:11
POWW,0.0031509999999999997,1600000,2026-08-06T12:39:11
POWWP,0.253105,60000,2026-08-06T12:39:11
PPA,0.005215,100000,2026-08-06T12:39:11
PPAAY,0.0025,5000,2026-08-06T12:39:11
PPBN,0.15155,7000,2026-08-06T12:39:11
PPBT,0.286828,85000,2026-08-06T12:39:11
PPBV,0.0025,1600000,2026-08-06T12:39:11
PPC,0.003313,300000,2026-08-06T12:39:11
PPCB,3.7955919999999996,15000,2026-08-06T12:39:11
PPCCY,0.14892,20000,2026-08-06T12:39:11
PPCLY,0.0025,4000,2026-08-06T12:39:11
PPDC,0.0025,10000,2026-08-06T12:39:11
PPERY,0.002782,150000,2026-08-06T12:39:11
PPFP,0.0025,2700000,2026-08-06T12:39:11
PPG,0.004081,1700000,2026-08-06T12:39:11
PPH,0.028492000000000003,100000,2026-08-06T12:39:11
PPHC,0.109287,10000,2026-08-06T12:39:11
PPI,0.08320999999999999,15000,2026-08-06T12:39:11
PPIH,0.004577,450000,2026-08-06T12:39:11
PPII,0.0025,400,2026-08-06T12:39:11
PPJE,0.0025,10000000,2026-08-06T12:39:11
PPL,0.004618,7600000,2026-08-06T12:39:11
PPLC,0.019819,600000,2026-08-06T12:39:11
PPLI,0.0032379999999999996,1300000,2026-08-06T12:39:11
PPLT,0.056896,2500000,2026-08-06T12:39:11
PPMH,0.0025,3300000,2026-08-06T12:39:11
PPML,0.0025,100000,2026-08-06T12:39:11
PPMT,0.0025,1000,2026-08-06T12:39:11
PPRG,0.0025,10000,2026-08-06T12:39:11
PPRTF.OL1,0.0025,600000,2026-08-06T12:39:11
PPRUY,0.039699,300000,2026-08-06T12:39:11
PPRW,0.0025,100000,2026-08-06T12:39:11
PPSI,0.009548,350000,2026-08-06T12:39:11
PPT,0.009548,200000,2026-08-06T12:39:11
PPTA,0.0028179999999999998,1500000,2026-08-06T12:39:11
PPTL,0.0025,15000,2026-08-06T12:39:11
PPTO,0.0025,1600000,2026-08-06T12:39:11
PPTY,0.040670000000000005,100000,2026-08-06T12:39:11
PPWE,0.0025,95000,2026-08-06T12:39:11
PPYA,0.01464,800,2026-08-06T12:39:11
PPYAU,0.01464,100,2026-08-06T12:39:11
PQAP,0.006788,2000,2026-08-06T12:39:11
PQDI,0.007894,8000,2026-08-06T12:39:11
PQEFF,0.104661,10000000,2026-08-06T12:39:11
PQJA,0.24905100000000002,250000,2026-08-06T12:39:11
PQJL,0.121525,9000,2026-08-06T12:39:11
PQNT,0.040670000000000005,3000,2026-08-06T12:39:11
PQRJ,0.0025,25000,2026-08-06T12:39:11
PQUS,0.098906,100,2026-08-06T12:39:11
PR,0.002782,10000000,2026-08-06T12:39:11
PRAA,0.020373000000000002,7700000,2026-08-06T12:39:11
PRAC,0.004027,200000,2026-08-06T12:39:11
PRAE,0.008195000000000001,4000,2026-08-06T12:39:11
PRAX,0.004081,150000,2026-08-06T12:39:11
PRAY,0.040670000000000005,9000,2026-08-06T12:39:11
PRBI,0.0025,500000,2026-08-06T12:39:11
PRBKY,0.040239000000000004,60000,2026-08-06T12:39:11
PRCF,0.0025,300000,2026-08-06T12:39:11
PRCH,0.004081,1300000,2026-08-06T12:39:11
PRCK,0.0025,6000,2026-08-06T12:39:11
PRCNF,0.0025,750000,2026-08-06T12:39:11
PRCS,0.101114,15000,2026-08-06T12:39:11
PRCT,0.0025,300000,2026-08-06T12:39:11
PRCX,0.0025,1400000,2026-08-06T12:39:11
PRDL,0.0025,10000000,2026-08-06T12:39:11
PRDO,0.003,1100000,2026-08-06T12:39:11
PRDSY,0.043376,55000,2026-08-06T12:39:11
PRE,0.007197,1100000,2026-08-06T12:39:11
PREA,0.0025,550000,2026-08-06T12:39:11
PREDQ,0.10076399999999999,300000,2026-08-06T12:39:11
PREF,0.026578,250000,2026-08-06T12:39:11
PREIF,0.011065,1000000,2026-08-06T12:39:11
PREJF,0.12024900000000001,300000,2026-08-06T12:39:11
PREM,0.0025,200000,2026-08-06T12:39:11
PRF,0.128936,1400000,2026-08-06T12:39:11
PRFD,0.038288,1000,2026-08-06T12:39:11
PRFX,2.371558,100000,2026-08-06T12:39:11
PRFZ,0.01805,900000,2026-08-06T12:39:11
PRG,0.003896,800000,2026-08-06T12:39:11
PRGBQ,0.0025,500,2026-08-06T12:39:11
PRGJ,0.0025,1300000,2026-08-06T12:39:11
PRGNF,0.0025,350000,2026-08-06T12:39:11
PRGO,0.004135,400000,2026-08-06T12:39:11
PRGS,0.0025,550000,2026-08-06T12:39:11
PRH,0.100884,65000,2026-08-06T12:39:11
PRHB,0.0025,10000000,2026-08-06T12:39:11
PRHI,0.088284,40000,2026-08-06T12:39:11
PRHIZ,0.159745,6000,2026-08-06T12:39:11
PRHRQ,0.0025,750000,2026-08-06T12:39:11
PRI,0.0032819999999999998,450000,2026-08-06T12:39:11
PRIF PRD,0.21001,10000,2026-08-06T12:39:11
PRIF PRK,0.189514,15000,2026-08-06T12:39:11
PRIF PRL,0.362069,10000,2026-08-06T12:39:11
PRIM,0.0029049999999999996,500000,2026-08-06T12:39:11
PRIV,0.045134999999999995,40000,2026-08-06T12:39:11
PRK,0.0041589999999999995,70000,2026-08-06T12:39:11
PRKA,0.136486,6000,2026-08-06T12:39:11
PRKR,0.0025,1400000,2026-08-06T12:39:11
PRKS,0.004144,250000,2026-08-06T12:39:11
PRKV,0.0025,90000,2026-08-06T12:39:11
PRLB,0.004081,400000,2026-08-06T12:39:11
PRLD,0.009707,1300000,2026-08-06T12:39:11
PRLEQ,0.0025,66,2026-08-06T12:39:11
PRM,0.002811,1000000,2026-08-06T12:39:11
PRMB,0.0028399999999999996,1600000,2026-08-06T12:39:11
PRMD,0.0025,500,2026-08-06T12:39:11
PRME,0.003792,1800000,2026-08-06T12:39:11
PRMO,0.0025,35000,2026-08-06T12:39:11
PRMRF,0.0037619999999999997,850000,2026-08-06T12:39:11
PRMY,0.178704,2000,2026-08-06T12:39:11
PRN,0.080181,30000,2026-08-06T12:39:11
PRNCF,0.187396,850000,2026-08-06T12:39:11
PRNDY,0.051755,500000,2026-08-06T12:39:11
PRNI,0.0025,90000,2026-08-06T12:39:11
PRNT,0.03385,70000,2026-08-06T12:39:11
PROCF,0.283269,25000,2026-08-06T12:39:11
PROD,0.0025,200,2026-08-06T12:39:11
PROF,0.0141,1500000,2026-08-06T12:39:11
PROK,0.109544,3900000,2026-08-06T12:39:11
PROP,0.040635000000000004,7900000,2026-08-06T12:39:11
PROP.OLD1,0.0025,1300000,2026-08-06T12:39:11
PROSY,0.007833,2400000,2026-08-06T12:39:11
PROT,0.0025,5000,2026-08-06T12:39:11
PROV,0.017651,55000,2026-08-06T12:39:11
PRPH,0.098622,500000,2026-08-06T12:39:11
PRPI,0.0025,50000,2026-08-06T12:39:11
PRPL,0.004396,100000,2026-08-06T12:39:11
PRPM,0.0025,10000000,2026-08-06T12:39:11
PRPO,0.013694999999999999,25000,2026-08-06T12:39:11
PRPRF,0.055423,10000,2026-08-06T12:39:11
PRPS,0.131073,9000,2026-08-06T12:39:11
PRQR,0.032601,2800000,2026-08-06T12:39:11
PRRE,0.0025,150000,2026-08-06T12:39:11
PRRSF,0.003709,50000,2026-08-06T12:39:11
PRS,0.035257000000000004,150000,2026-08-06T12:39:11
PRSD,0.28412400000000004,2000,2026-08-06T12:39:11
PRSI,0.0025,2000,2026-08-06T12:39:11
PRSO,0.06976399999999999,700000,2026-08-06T12:39:11
PRST,0.105676,6500000,2026-08-06T12:39:11
PRSU,0.0025,200000,2026-08-06T12:39:11
PRT,0.043753,550000,2026-08-06T12:39:11
PRTA,0.006782,2300000,2026-08-06T12:39:11
PRTCY,0.154758,85000,2026-08-06T12:39:11
PRTH,0.004135,3600000,2026-08-06T12:39:11
PRTO,0.036610000000000004,200,2026-08-06T12:39:11
PRTR,0.0025,500000,2026-08-06T12:39:11
PRTS,0.005622,750000,2026-08-06T12:39:11
PRU,0.002872,3000000,2026-08-06T12:39:11
PRVA,0.003602,1400000,2026-08-06T12:39:11
PRVCF,0.004961999999999999,700000,2026-08-06T12:39:11
PRVT,0.158392,700,2026-08-06T12:39:11
PRXIQ,0.0025,35000,2026-08-06T12:39:11
PRXM,0.0025,700,2026-08-06T12:39:11
PRYMY,0.019825,200000,2026-08-06T12:39:11
PRZM,0.0025,350000,2026-08-06T12:39:11
PRZO,0.08558299999999999,1100000,2026-08-06T12:39:11
PS,0.9549030000000001,100000,2026-08-06T12:39:11
PSA,0.0025,1300000,2026-08-06T12:39:11
PSA PRF,0.029185,30000,2026-08-06T12:39:11
PSA PRG,0.066453,10000,2026-08-06T12:39:11
PSA PRH,0.033904000000000004,25000,2026-08-06T12:39:11
PSA PRJ,0.022177,75000,2026-08-06T12:39:11
PSA PRK,0.07457799999999999,70000,2026-08-06T12:39:11
PSA PRL,0.029525000000000003,100000,2026-08-06T12:39:11
PSA PRM,0.024432,85000,2026-08-06T12:39:11
PSA PRN,0.022707,250000,2026-08-06T12:39:11
PSA PRO,0.032254,200000,2026-08-06T12:39:11
PSA PRP,0.042455,350000,2026-08-06T12:39:11
PSA PRQ,0.076406,250000,2026-08-06T12:39:11
PSA PRR,0.012254000000000001,100000,2026-08-06T12:39:11
PSA PRS,0.031316000000000004,250000,2026-08-06T12:39:11
PSA PRT,0.5638409999999999,300000,2026-08-06T12:39:11
PSA PRU,1.067975,7000,2026-08-06T12:39:11
PSAI,1.161057,400,2026-08-06T12:39:11
PSBD,0.029862000000000003,500000,2026-08-06T12:39:11
PSBQ,0.0025,25000,2026-08-06T12:39:11
PSBXP,0.31509899999999996,25000,2026-08-06T12:39:11
PSBYP,0.045556,40000,2026-08-06T12:39:11
PSBZP,0.042309,80000,2026-08-06T12:39:11
PSC,0.477842,70000,2026-08-06T12:39:11
PSCC,0.103286,10000,2026-08-06T12:39:11
PSCD,0.021726000000000002,4000,2026-08-06T12:39:11
PSCE,0.018037,25000,2026-08-06T12:39:11
PSCF,0.086676,7000,2026-08-06T12:39:11
PSCH,0.020161,20000,2026-08-06T12:39:11
PSCI,0.054201,2000,2026-08-06T12:39:11
PSCM,0.264467,3000,2026-08-06T12:39:11
PSCO,0.0025,1000,2026-08-06T12:39:11
PSCQ,0.097501,3000,2026-08-06T12:39:11
PSCR,0.0025,35000,2026-08-06T12:39:11
PSCT,0.006116,45000,2026-08-06T12:39:11
PSCU,0.12867800000000001,300,2026-08-06T12:39:11
PSCW,0.11782500000000001,100,2026-08-06T12:39:11
PSDM,0.017191,50000,2026-08-06T12:39:11
PSEC,0.03205,10000000,2026-08-06T12:39:11
PSEC PRA,0.106644,150000,2026-08-06T12:39:11
PSED,0.0025,1000000,2026-08-06T12:39:11
PSEP,0.00313,150000,2026-08-06T12:39:11
PSF,0.010637,20000,2026-08-06T12:39:11
PSFD,0.072058,20000,2026-08-06T12:39:11
PSFE,0.004511,700000,2026-08-06T12:39:11
PSFF,0.027139000000000003,200000,2026-08-06T12:39:11
PSFM,0.203045,1000,2026-08-06T12:39:11
PSFO,0.09739300000000001,60000,2026-08-06T12:39:11
PSGCF,0.0025,600000,2026-08-06T12:39:11
PSGI.OLD1,0.002782,50000,2026-08-06T12:39:11
PSGR,0.0025,150000,2026-08-06T12:39:11
PSH,0.060270000000000004,15000,2026-08-06T12:39:11
PSHG,0.10797000000000001,450000,2026-08-06T12:39:11
PSI,0.024597,300000,2026-08-06T12:39:11
PSID,0.0025,10000000,2026-08-06T12:39:11
PSIG,0.6147659999999999,15000,2026-08-06T12:39:11
PSII,0.0025,50000,2026-08-06T12:39:11
PSIL,0.025926,60000,2026-08-06T12:39:11
PSIQ,0.0025,10000,2026-08-06T12:39:11
PSIX,0.004095,600000,2026-08-06T12:39:11
PSK,0.016307000000000002,100000,2026-08-06T12:39:11
PSKY,0.009454,500000,2026-08-06T12:39:11
PSL,0.031649,20000,2026-08-06T12:39:11
PSLV,0.003758,10000000,2026-08-06T12:39:11
PSMD,0.040632,5000,2026-08-06T12:39:11
PSMH,0.0025,100000,2026-08-06T12:39:11
PSMJ,0.067562,25000,2026-08-06T12:39:11
PSMMY,0.052848,15000,2026-08-06T12:39:11
PSMO,0.27882,40000,2026-08-06T12:39:11
PSMR,0.082833,3000,2026-08-06T12:39:11
PSMT,0.0042,250000,2026-08-06T12:39:11
PSN,0.004144999999999999,700000,2026-08-06T12:39:11
PSNL,0.004139,1400000,2026-08-06T12:39:11
PSNY,0.142523,100000,2026-08-06T12:39:11
PSO,0.00703,30000,2026-08-06T12:39:11
PSON,0.0025,600000,2026-08-06T12:39:11
PSP,0.499773,10000,2026-08-06T12:39:11
PSPW,0.0025,300000,2026-08-06T12:39:11
PSQ,0.017581,650000,2026-08-06T12:39:11
PSQA,0.216395,55000,2026-08-06T12:39:11
PSQH,0.08008599999999999,75000,2026-08-06T12:39:11
PSQO,0.210427,20000,2026-08-06T12:39:11
PSR,0.044789,8000,2026-08-06T12:39:11
PSRHF,0.13322699999999998,1100000,2026-08-06T12:39:11
PSRU,0.0025,10000000,2026-08-06T12:39:11
PSSR,0.0025,55000,2026-08-06T12:39:11
PSSS,0.0025,150000,2026-08-06T12:39:11
PST,0.078557,1000,2026-08-06T12:39:11
PSTL,0.004172,450000,2026-08-06T12:39:11
PSTNY,0.0025,5000,2026-08-06T12:39:11
PSTO,0.0025,10000,2026-08-06T12:39:11
PSTP,0.034589,100000,2026-08-06T12:39:11
PSTVY,0.116445,6000,2026-08-06T12:39:11
PSUD,0.0025,350000,2026-08-06T12:39:11
PSUS,0.013897,500000,2026-08-06T12:39:11
PSWD,0.049042,1000,2026-08-06T12:39:11
PSWR,0.0025,750000,2026-08-06T12:39:11
PSWS,0.0025,10000000,2026-08-06T12:39:11
PSX,0.0025,4100000,2026-08-06T12:39:11
PSYBF,0.060083000000000004,100000,2026-08-06T12:39:11
PSYC,0.0033239999999999997,10000000,2026-08-06T12:39:11
PSYCF,0.011393,300000,2026-08-06T12:39:11
PSYGF,0.005063,3000,2026-08-06T12:39:11
PSYTF,0.010901000000000001,1000,2026-08-06T12:39:11
PTA,0.024367,100000,2026-08-06T12:39:11
PTAC,0.040670000000000005,800000,2026-08-06T12:39:11
PTACU,0.311295,100,2026-08-06T12:39:11
PTAH,0.0025,10000000,2026-08-06T12:39:11
PTAIY,0.027062,650000,2026-08-06T12:39:11
PTALF,0.015766,4500000,2026-08-06T12:39:11
PTAM,0.0025,2800000,2026-08-06T12:39:11
PTBRY,0.133927,35000,2026-08-06T12:39:11
PTC,0.002782,700000,2026-08-06T12:39:11
PTCO,0.0025,40000,2026-08-06T12:39:11
PTCT,0.004097,2300000,2026-08-06T12:39:11
PTEEF,0.0025,20000,2026-08-06T12:39:11
PTEL,0.0025,50000,2026-08-06T12:39:11
PTEN,0.0025109999999999998,6100000,2026-08-06T12:39:11
PTEU,0.040670000000000005,25000,2026-08-06T12:39:11
PTF,0.045107,100000,2026-08-06T12:39:11
PTGX,0.003387,750000,2026-08-06T12:39:11
PTH,0.035832,20000,2026-08-06T12:39:11
PTHM,0.0025,400,2026-08-06T12:39:11
PTHS,0.014085,30000,2026-08-06T12:39:11
PTIN,0.01738,150000,2026-08-06T12:39:11
PTIR,0.025022000000000003,1100000,2026-08-06T12:39:11
PTIX,0.23674800000000001,80000,2026-08-06T12:39:11
PTKFY,0.123165,700,2026-08-06T12:39:11
PTKN,0.133239,10000000,2026-08-06T12:39:11
PTL,0.051946000000000006,100000,2026-08-06T12:39:11
PTLC,0.007324000000000001,200000,2026-08-06T12:39:11
PTLE,0.258015,10000,2026-08-06T12:39:11
PTLF,0.0025,1100000,2026-08-06T12:39:11
PTLO,0.003962,1800000,2026-08-06T12:39:11
PTMC,0.038202,80000,2026-08-06T12:39:11
PTN,0.13811500000000002,35000,2026-08-06T12:39:11
PTNDY,0.0025,1000,2026-08-06T12:39:11
PTNQ,0.012254000000000001,100000,2026-08-06T12:39:11
PTNYF,0.071536,15000,2026-08-06T12:39:11
PTOG,0.0025,500000,2026-08-06T12:39:11
PTOI,0.0025,850000,2026-08-06T12:39:11
PTON,0.0025380000000000003,10000000,2026-08-06T12:39:11
PTOP,0.004027,350000,2026-08-06T12:39:11
PTOR,0.27611399999999997,350000,2026-08-06T12:39:11
PTORU,0.065026,2000,2026-08-06T12:39:11
PTOS,0.0025,100,2026-08-06T12:39:11
PTPF,0.0025,40000,2026-08-06T12:39:11
PTPI,0.0033239999999999997,2100000,2026-08-06T12:39:11
PTQMF,0.0025,3400000,2026-08-06T12:39:11
PTRB,0.043376,1000000,2026-08-06T12:39:11
PTRC,0.0025,100000,2026-08-06T12:39:11
PTRN,0.00356,1500000,2026-08-06T12:39:11
PTRN.OLD,0.0025,4000,2026-08-06T12:39:11
PTRRY,0.05218,40000,2026-08-06T12:39:11
PTRUF,0.17144500000000001,40000,2026-08-06T12:39:11
PTSH,0.0025,100,2026-08-06T12:39:11
PTSXQ,0.0025,50000,2026-08-06T12:39:11
PTTL,0.0025,2000,2026-08-06T12:39:11
PTTN,0.0025,10000000,2026-08-06T12:39:11
PTTTS,0.0025,100,2026-08-06T12:39:11
PTUUF,0.022295,100000,2026-08-06T12:39:11
PTXKY,0.0025,25000,2026-08-06T12:39:11
PTY,0.008064,6200000,2026-08-06T12:39:11
PTYA,0.0025,45000,2026-08-06T12:39:11
PUBC,0.0025,2000000,2026-08-06T12:39:11
PUBGY,0.05178,35000,2026-08-06T12:39:11
PUBM,0.004103,1500000,2026-08-06T12:39:11
PUBQQ,0.0025,850000,2026-08-06T12:39:11
PUCCF,0.18064800000000003,15000,2026-08-06T12:39:11
PUCK,0.016329,100,2026-08-06T12:39:11
PUDA,0.095892,800000,2026-08-06T12:39:11
PUGBY,0.159637,150000,2026-08-06T12:39:11
PUGE,0.0025,10000000,2026-08-06T12:39:11
PUI,0.045974,7000,2026-08-06T12:39:11
PUK,0.012294000000000001,600000,2026-08-06T12:39:11
PUL,0.269905,25000,2026-08-06T12:39:11
PULM,0.04456,150000,2026-08-06T12:39:11
PULS,0.0034360000000000003,1500000,2026-08-06T12:39:11
PUMD,0.0025,1400000,2026-08-06T12:39:11
PUMP,0.003185,3100000,2026-08-06T12:39:11
PUMSY,0.043376,80000,2026-08-06T12:39:11
PUODY,0.0025,1000,2026-08-06T12:39:11
PUPS,0.0025,1300000,2026-08-06T12:39:11
PUR,0.09906000000000001,500,2026-08-06T12:39:11
PURA,0.091021,10000000,2026-08-06T12:39:11
PURE,0.061794,350000,2026-08-06T12:39:11
PURR,0.003287,8600000,2026-08-06T12:39:11
PURY,0.0025,20000,2026-08-06T12:39:11
PUSA,0.055751,550000,2026-08-06T12:39:11
PUSH,0.04128999999999999,10000,2026-08-06T12:39:11
PUTKY,0.008257,150000,2026-08-06T12:39:11
PUTRY,0.0025,2000,2026-08-06T12:39:11
PVAL,0.029112,550000,2026-08-06T12:39:11
PVBK,0.17857399999999998,55000,2026-08-06T12:39:11
PVCT,0.136486,4400000,2026-08-06T12:39:11
PVEG,0.0025,100000,2026-08-06T12:39:11
PVGDF,0.0033239999999999997,2100000,2026-08-06T12:39:11
PVH,0.004093,450000,2026-08-06T12:39:11
PVHO,0.0025,7900000,2026-08-06T12:39:11
PVL,0.033904000000000004,3600000,2026-08-06T12:39:11
PVLA,0.004298,65000,2026-08-06T12:39:11
PVRE,0.0025,1000,2026-08-06T12:39:11
PVRS,0.0025,2000,2026-08-06T12:39:11
PVSP,0.004108,10000000,2026-08-06T12:39:11
PVTA,0.0025,10000000,2026-08-06T12:39:11
PW,0.158053,15000,2026-08-06T12:39:11
PW PRA,0.11522700000000001,20000,2026-08-06T12:39:11
PWAZQ,0.0025,200000,2026-08-06T12:39:11
PWB,0.039317000000000005,100000,2026-08-06T12:39:11
PWBK,0.0025,10000,2026-08-06T12:39:11
PWCDF,0.00738,7200000,2026-08-06T12:39:11
PWCM,0.046665,35000,2026-08-06T12:39:11
PWCO,0.0025,300,2026-08-06T12:39:11
PWCRF,0.082838,1500000,2026-08-06T12:39:11
PWDY,0.0033239999999999997,3200000,2026-08-06T12:39:11
PWER,0.104534,1000,2026-08-06T12:39:11
PWLK,0.0025,10000000,2026-08-06T12:39:11
PWMXF,0.38412399999999997,150000,2026-08-06T12:39:11
PWNX,0.0025,45000,2026-08-06T12:39:11
PWP,0.004135,400000,2026-08-06T12:39:11
PWR,0.0039629999999999995,1900000,2026-08-06T12:39:11
PWRD,0.040345000000000006,150000,2026-08-06T12:39:11
PWREQ,0.0025,500,2026-08-06T12:39:11
PWRL,0.036405,850000,2026-08-06T12:39:11
PWRLF,0.224084,45000,2026-08-06T12:39:11
PWRMF,0.004313,550000,2026-08-06T12:39:11
PWRV,0.0025,750000,2026-08-06T12:39:11
PWRZ,0.0025,7000,2026-08-06T12:39:11
PWS,0.094795,800,2026-08-06T12:39:11
PWV,0.210172,85000,2026-08-06T12:39:11
PWWRF,0.0025,65000,2026-08-06T12:39:11
PWZ,0.056162000000000004,20000,2026-08-06T12:39:11
PXCLY,0.035257000000000004,1000,2026-08-06T12:39:11
PXE,0.017872,60000,2026-08-06T12:39:11
PXED,0.007064,150000,2026-08-06T12:39:11
PXF,0.0077859999999999995,65000,2026-08-06T12:39:11
PXFG,0.0025,100000,2026-08-06T12:39:11
PXH,0.010919000000000002,450000,2026-08-06T12:39:11
PXHI,0.0025,250000,2026-08-06T12:39:11
PXI,0.06637900000000001,75000,2026-08-06T12:39:11
PXJ,0.004298,40000,2026-08-06T12:39:11
PXLW,0.024548,100000,2026-08-06T12:39:11
PXMD,0.065041,200000,2026-08-06T12:39:11
PXPP,0.0025,7000,2026-08-06T12:39:11
PXPT,0.0025,20000,2026-08-06T12:39:11
PXS,0.045097,1000000,2026-08-06T12:39:11
PXYN,0.0025,7000000,2026-08-06T12:39:11
PY,0.06705599999999999,500,2026-08-06T12:39:11
PYCT,0.0025,10000000,2026-08-06T12:39:11
PYLD,0.00512,2400000,2026-08-06T12:39:11
PYNKF,0.171364,250000,2026-08-06T12:39:11
PYPD,0.078666,550000,2026-08-06T12:39:11
PYPG,0.099994,150000,2026-08-06T12:39:11
PYPL,0.0025,10000000,2026-08-06T12:39:11
PYPU,0.05826,10000,2026-08-06T12:39:11
PYPY,0.119692,1000,2026-08-06T12:39:11
PYRGF,0.419932,250000,2026-08-06T12:39:11
PYTCY,0.07991,7000,2026-08-06T12:39:11
PYXS,0.0036509999999999997,750000,2026-08-06T12:39:11
PYYX,0.010078,45000,2026-08-06T12:39:11
PYZ,0.06232,20000,2026-08-06T12:39:11
PZA,0.14892,450000,2026-08-06T12:39:11
PZG,0.004135,1600000,2026-08-06T12:39:11
PZIV,1.863811,700,2026-08-06T12:39:11
PZOO,0.0025,10000000,2026-08-06T12:39:11
PZRXQ,0.0025,10000,2026-08-06T12:39:11
PZT,0.495929,10000,2026-08-06T12:39:11
PZZA,0.010539,550000,2026-08-06T12:39:11
Q,0.002782,4000000,2026-08-06T12:39:11
QABA,0.10561999999999999,60000,2026-08-06T12:39:11
QABSY,0.044729,100000,2026-08-06T12:39:11
QADR,0.05826,250000,2026-08-06T12:39:11
QADRU,0.012199999999999999,200,2026-08-06T12:39:11
QAI,0.032786,150000,2026-08-06T12:39:11
QALT,0.0025,4000,2026-08-06T12:39:11
QARP,0.236765,65000,2026-08-06T12:39:11
QAT,0.13045400000000001,50000,2026-08-06T12:39:11
QATSF,0.0025,1900000,2026-08-06T12:39:11
QBAK,0.0025,40000,2026-08-06T12:39:11
QBCRF,0.0065639999999999995,2600000,2026-08-06T12:39:11
QBER,0.51253,700,2026-08-06T12:39:11
QBF,0.042023000000000005,80000,2026-08-06T12:39:11
QBIEY,0.021968,250000,2026-08-06T12:39:11
QBIG,0.002566,10000,2026-08-06T12:39:11
QBIO,0.0025,1200000,2026-08-06T12:39:11
QBIV,0.053389,40000,2026-08-06T12:39:11
QBKV,0.10561999999999999,40000,2026-08-06T12:39:11
QBQF,0.25717,2000,2026-08-06T12:39:11
QBQV,0.050954,85000,2026-08-06T12:39:11
QBSV,0.7053919999999999,150000,2026-08-06T12:39:11
QBTQF,0.025139,70000,2026-08-06T12:39:11
QBTS,0.004261,700000,2026-08-06T12:39:11
QBTX,0.242043,500000,2026-08-06T12:39:11
QBTZ,0.258523,100000,2026-08-06T12:39:11
QBUF,0.030192999999999998,85000,2026-08-06T12:39:11
QBY,0.203092,2000,2026-08-06T12:39:11
QCAP,0.030521,75000,2026-08-06T12:39:11
QCCUF,0.191629,650000,2026-08-06T12:39:11
QCJA,0.14892,85000,2026-08-06T12:39:11
QCJL,0.067713,5000,2026-08-06T12:39:11
QCLN,0.020006,150000,2026-08-06T12:39:11
QCLR,0.026311,3000,2026-08-06T12:39:11
QCLS,0.115405,300000,2026-08-06T12:39:11
QCMD,0.16651,50000,2026-08-06T12:39:11
QCML,0.063386,600000,2026-08-06T12:39:11
QCMU,0.051637,200000,2026-08-06T12:39:11
QCOC,0.22334199999999998,10000,2026-08-06T12:39:11
QCOM,0.0025,9900000,2026-08-06T12:39:11
QCRH,0.003896,300000,2026-08-06T12:39:11
QCXGF,0.069507,10000,2026-08-06T12:39:11
QDEC,0.052322,20000,2026-08-06T12:39:11
QDEF,0.005489000000000001,55000,2026-08-06T12:39:11
QDEL,0.004135,450000,2026-08-06T12:39:11
QDF,0.026930999999999997,150000,2026-08-06T12:39:11
QDIV,0.022158999999999998,20000,2026-08-06T12:39:11
QDMI,0.131615,300,2026-08-06T12:39:11
QDPL,0.039024,250000,2026-08-06T12:39:11
QDROF,0.0025,55000,2026-08-06T12:39:11
QDTE,0.008912,200000,2026-08-06T12:39:11
QDTY,1.04278,80000,2026-08-06T12:39:11
QDVO,0.005539,250000,2026-08-06T12:39:11
QEBR,0.0025,1000000,2026-08-06T12:39:11
QEDN,0.0025,10000000,2026-08-06T12:39:11
QEFA,0.027139000000000003,80000,2026-08-06T12:39:11
QEMM,0.059635,6000,2026-08-06T12:39:11
QEPC,0.06232,10000,2026-08-06T12:39:11
QESSF,0.014513,1500000,2026-08-06T12:39:11
QETA,0.013607000000000001,95000,2026-08-06T12:39:11
QETAU,0.012199999999999999,100,2026-08-06T12:39:11
QETH,0.313864,75,2026-08-06T12:39:11
QEW,0.242834,100000,2026-08-06T12:39:11
QFHD,0.10561999999999999,100,2026-08-06T12:39:11
QFIN,0.004135,6300000,2026-08-06T12:39:11
QFLR,0.022381,400000,2026-08-06T12:39:11
QFORQ,0.0025,1200000,2026-08-06T12:39:11
QGEN,0.003285,1400000,2026-08-06T12:39:11
QGLDF,0.014705,250000,2026-08-06T12:39:11
QGRO,0.010901000000000001,35000,2026-08-06T12:39:11
QGRW,0.017667,45000,2026-08-06T12:39:11
QGSI,0.0025,550000,2026-08-06T12:39:11
QH,1.47535,100000,2026-08-06T12:39:11
QHY,0.027546,25000,2026-08-06T12:39:11
QIAN,0.0025,200,2026-08-06T12:39:11
QID,0.050159,60000,2026-08-06T12:39:11
QIDX,0.007935,200,2026-08-06T12:39:11
QIG,0.165608,700,2026-08-06T12:39:11
QIII,0.0025,350000,2026-08-06T12:39:11
QIMCF,0.086895,250000,2026-08-06T12:39:11
QIMGF,0.004028,300000,2026-08-06T12:39:11
QIND,0.030400999999999997,250000,2026-08-06T12:39:11
QING,0.0025,100000,2026-08-06T12:39:11
QINT,0.435782,1000,2026-08-06T12:39:11
QIS,0.06903100000000001,6000,2026-08-06T12:39:11
QJUN,0.099801,35000,2026-08-06T12:39:11
QKIE,0.0025,10000,2026-08-06T12:39:11
QKLS,0.0025,20000,2026-08-06T12:39:11
QLC,0.188004,65000,2026-08-06T12:39:11
QLD,0.009291,2700000,2026-08-06T12:39:11
QLDY,0.171923,50000,2026-08-06T12:39:11
QLEP,0.427664,1300000,2026-08-06T12:39:11
QLNXF,0.0025,7000,2026-08-06T12:39:11
QLTA,0.002903,65000,2026-08-06T12:39:11
QLTI,0.104267,50000,2026-08-06T12:39:11
QLTS,0.0025,200000,2026-08-06T12:39:11
QLTY,0.039023,90000,2026-08-06T12:39:11
QLV,0.040670000000000005,6000,2026-08-06T12:39:11
QLVD,0.040670000000000005,65000,2026-08-06T12:39:11
QLVE,0.010901000000000001,3000,2026-08-06T12:39:11
QLYS,0.004135,700000,2026-08-06T12:39:11
QMAG,0.01859,95000,2026-08-06T12:39:11
QMAR,0.051406,10000,2026-08-06T12:39:11
QMCI,0.11011100000000001,300000,2026-08-06T12:39:11
QMCO,0.028502,200000,2026-08-06T12:39:11
QMCQF,0.0025,150000,2026-08-06T12:39:11
QMEI,0.0025,600,2026-08-06T12:39:11
QMFE,0.016253,45000,2026-08-06T12:39:11
QMID,0.18139500000000003,200,2026-08-06T12:39:11
QMLS,0.140294,450000,2026-08-06T12:39:11
QMMM,0.087821,6600000,2026-08-06T12:39:11
QMMY,0.242227,20000,2026-08-06T12:39:11
QMNDQ,0.0025,25000,2026-08-06T12:39:11
QMNV,0.0035399999999999997,1000,2026-08-06T12:39:11
QMOM,0.034519,550000,2026-08-06T12:39:11
QNBC,0.0025,15000,2026-08-06T12:39:11
QNC,0.12195399999999999,35000,2026-08-06T12:39:11
QNCX,0.456488,20000,2026-08-06T12:39:11
QNDX,0.042999,200000,2026-08-06T12:39:11
QNICF,0.009419,1000,2026-08-06T12:39:11
QNME,1.188531,7000,2026-08-06T12:39:11
QNRX,0.651891,25000,2026-08-06T12:39:11
QNST,0.002738,1300000,2026-08-06T12:39:11
QNT,0.006213,60000,2026-08-06T12:39:11
QNTM,0.15533,100000,2026-08-06T12:39:11
QNTO,0.016198999999999998,9000,2026-08-06T12:39:11
QNTQY,0.046192000000000004,5000,2026-08-06T12:39:11
QNTU,0.135389,4000,2026-08-06T12:39:11
QNXC,0.0025,100000,2026-08-06T12:39:11
QNXT,0.22740100000000002,15000,2026-08-06T12:39:11
QOEG,0.0025,600000,2026-08-06T12:39:11
QOIL,0.0025,10000000,2026-08-06T12:39:11
QPRC,0.004135,15000,2026-08-06T12:39:11
QPUX,0.291461,75000,2026-08-06T12:39:11
QPX,0.128623,400,2026-08-06T12:39:11
QQA,0.13719,70000,2026-08-06T12:39:11
QQCMF,0.006987999999999999,350000,2026-08-06T12:39:11
QQDN,0.105847,800,2026-08-06T12:39:11
QQEW,0.048756,55000,2026-08-06T12:39:11
QQH,0.035257000000000004,100000,2026-08-06T12:39:11
QQLV,0.12456400000000001,6000,2026-08-06T12:39:11
QQMG,0.037868,100000,2026-08-06T12:39:11
QQMY,0.177335,4000,2026-08-06T12:39:11
QQQ,0.002526,10000000,2026-08-06T12:39:11
QQQA,0.052701000000000005,25000,2026-08-06T12:39:11
QQQD,0.028832,100000,2026-08-06T12:39:11
QQQE,0.03072,150000,2026-08-06T12:39:11
QQQFF,0.17708,45000,2026-08-06T12:39:11
QQQG,0.09840299999999999,4000,2026-08-06T12:39:11
QQQH,0.024432,150000,2026-08-06T12:39:11
QQQI,0.003589,7000000,2026-08-06T12:39:11
QQQJ,0.008345,200000,2026-08-06T12:39:11
QQQM,0.005489000000000001,6700000,2026-08-06T12:39:11
QQQP,0.17369099999999998,100,2026-08-06T12:39:11
QQQS,0.043376,10000,2026-08-06T12:39:11
QQQT,0.054666,75000,2026-08-06T12:39:11
QQQU,0.077204,65000,2026-08-06T12:39:11
QQQX,0.010901000000000001,150000,2026-08-06T12:39:11
QQQY,0.056142000000000004,20000,2026-08-06T12:39:11
QQREF,0.068289,8000,2026-08-06T12:39:11
QQUP,0.14892,8000,2026-08-06T12:39:11
QQWZ,0.076711,400,2026-08-06T12:39:11
QQXL,0.22451100000000002,2000,2026-08-06T12:39:11
QQXT,0.005072,100000,2026-08-06T12:39:11
QRED,0.069184,100000,2026-08-06T12:39:11
QRED U,0.01496,2000,2026-08-06T12:39:11
QREE,0.0025,4000,2026-08-06T12:39:11
QRHC,0.013448,400000,2026-08-06T12:39:11
QRMI,0.021726000000000002,35000,2026-08-06T12:39:11
QRON,0.0025,700,2026-08-06T12:39:11
QRVO,0.004162,2100000,2026-08-06T12:39:11
QS,0.004748,5100000,2026-08-06T12:39:11
QSEA,0.311295,150000,2026-08-06T12:39:11
QSEAU,0.09468700000000001,100,2026-08-06T12:39:11
QSEGF,0.141357,350000,2026-08-06T12:39:11
QSEP,0.0033239999999999997,2700000,2026-08-06T12:39:11
QSI,0.008223000000000001,2900000,2026-08-06T12:39:11
QSIG,0.043376,9000,2026-08-06T12:39:11
QSIM,0.0025,10000000,2026-08-06T12:39:11
QSIX,0.143507,2000,2026-08-06T12:39:11
QSML,0.10832599999999999,100,2026-08-06T12:39:11
QSND,0.0025,700000,2026-08-06T12:39:11
QSOL,0.104267,9000,2026-08-06T12:39:11
QSPT,0.092089,75000,2026-08-06T12:39:11
QSPW,0.0025,60000,2026-08-06T12:39:11
QSR,0.002966,1400000,2026-08-06T12:39:11
QSU,0.23423100000000002,25000,2026-08-06T12:39:11
QTAC,1.023039,1000,2026-08-06T12:39:11
QTAP,0.018016,80000,2026-08-06T12:39:11
QTCI,0.0025,1000,2026-08-06T12:39:11
QTCN,0.0025,20000,2026-08-06T12:39:11
QTEC,0.0262,100000,2026-08-06T12:39:11
QTEK.OLD1,0.0025,2800000,2026-08-06T12:39:11
QTEX,0.502645,600000,2026-08-06T12:39:11
QTI,0.008013,600000,2026-08-06T12:39:11
QTJA,0.05588,6000,2026-08-06T12:39:11
QTJL,0.037287,25000,2026-08-06T12:39:11
QTMM,0.0025,10000000,2026-08-06T12:39:11
QTOC,0.043376,90000,2026-08-06T12:39:11
QTOP,0.003063,250000,2026-08-06T12:39:11
QTPI,0.11353400000000001,15000,2026-08-06T12:39:11
QTR,0.17487200000000003,3000,2026-08-06T12:39:11
QTRHF,0.053303,50000,2026-08-06T12:39:11
QTRX,0.004688,700000,2026-08-06T12:39:11
QTTB,0.026556000000000003,200000,2026-08-06T12:39:11
QTTOY,0.036610000000000004,2300000,2026-08-06T12:39:11
QTUM,0.006734,100000,2026-08-06T12:39:11
QTUP,0.067094,1000,2026-08-06T12:39:11
QTWO,0.0026989999999999996,1400000,2026-08-06T12:39:11
QTXB,0.0025,100000,2026-08-06T12:39:11
QUAD,0.020619000000000002,1100000,2026-08-06T12:39:11
QUAL,0.0025,650000,2026-08-06T12:39:11
QUAN,0.0025,1100000,2026-08-06T12:39:11
QUBT,0.108873,200000,2026-08-06T12:39:11
QUBX,0.14486000000000002,350000,2026-08-06T12:39:11
QUCY,0.512858,100000,2026-08-06T12:39:11
QUEXF,0.117653,100000,2026-08-06T12:39:11
QUIK,0.012766999999999999,700000,2026-08-06T12:39:11
QUIZ,0.08482300000000001,150000,2026-08-06T12:39:11
QUMS,0.012199999999999999,150000,2026-08-06T12:39:11
QUMSU,0.012199999999999999,300,2026-08-06T12:39:11
QURE,0.004135,2000000,2026-08-06T12:39:11
QURS,0.0025,100,2026-08-06T12:39:11
QURT,0.0025,600,2026-08-06T12:39:11
QUS,0.012254000000000001,100000,2026-08-06T12:39:11
QUSA,0.031509,60000,2026-08-06T12:39:11
QVAL,0.037848,950000,2026-08-06T12:39:11
QVCAQ,0.183879,200000,2026-08-06T12:39:11
QVCCQ,0.032440000000000004,15000,2026-08-06T12:39:11
QVCDQ,0.31076899999999996,25000,2026-08-06T12:39:11
QVCGQ,0.303412,600,2026-08-06T12:39:11
QVMM,0.004201,4000,2026-08-06T12:39:11
QVMT,0.04009,35000,2026-08-06T12:39:11
QVOL,0.114397,7000,2026-08-06T12:39:11
QVOY,0.100884,900,2026-08-06T12:39:11
QWLD,0.044729,70000,2026-08-06T12:39:11
QWST.N,0.0025,3000,2026-08-06T12:39:11
QWTR,0.0025,100000,2026-08-06T12:39:11
QXL,0.220416,200000,2026-08-06T12:39:11
QXMCF,0.002999,300000,2026-08-06T12:39:11
QXO,0.0048720000000000005,10000000,2026-08-06T12:39:11
QXO PRB,0.040647,250000,2026-08-06T12:39:11
QXQ,0.15151799999999999,10000,2026-08-06T12:39:11
QXU,0.043376,500,2026-08-06T12:39:11
QYBX,0.0025,100000,2026-08-06T12:39:11
QYLD,0.008112000000000001,2900000,2026-08-06T12:39:11
QYLG,0.00651,75000,2026-08-06T12:39:11
QYOUF,0.065041,20000,2026-08-06T12:39:11
QZMRF,0.060716,100000,2026-08-06T12:39:11
R,0.004081,650000,2026-08-06T12:39:11
RA,0.027660999999999998,800000,2026-08-06T12:39:11
RAA,0.09614800000000001,20000,2026-08-06T12:39:11
RAAA,0.004884,55000,2026-08-06T12:39:11
RAAR,0.626573,75000,2026-08-06T12:39:11
RAASY,0.039234,1200000,2026-08-06T12:39:11
RAAX,0.045022,35000,2026-08-06T12:39:11
RAC,0.043376,750000,2026-08-06T12:39:11
RAC U,0.5171779999999999,100,2026-08-06T12:39:11
RACC,0.28785,90000,2026-08-06T12:39:11
RACD,1.112345,450000,2026-08-06T12:39:11
RACE,0.005299000000000001,15000,2026-08-06T12:39:11
RACK,0.13449,30000,2026-08-06T12:39:11
RADLF,0.175161,7000,2026-08-06T12:39:11
RADLY,0.45657899999999996,15000,2026-08-06T12:39:11
RADX,0.30946999999999997,60000,2026-08-06T12:39:11
RAFA,0.0025,350000,2026-08-06T12:39:11
RAFE,0.039317000000000005,350000,2026-08-06T12:39:11
RAFI,0.0025,3000,2026-08-06T12:39:11
RAGL,0.0025,900000,2026-08-06T12:39:11
RAHGF,0.06763899999999999,75000,2026-08-06T12:39:11
RAIFY,0.009911999999999999,20000,2026-08-06T12:39:11
RAIL,0.012705,600000,2026-08-06T12:39:11
RAIO,0.0025,100,2026-08-06T12:39:11
RAKR,0.0025,100000,2026-08-06T12:39:11
RAL,0.0027960000000000003,1400000,2026-08-06T12:39:11
RAM,0.095432,3800000,2026-08-06T12:39:11
RAML,0.028218999999999998,900,2026-08-06T12:39:11
RAMP,0.004081,1500000,2026-08-06T12:39:11
RAMPF,0.005286999999999999,100000,2026-08-06T12:39:11
RAMZ,0.123764,5000,2026-08-06T12:39:11
RAND,0.016314,40000,2026-08-06T12:39:11
RANG,0.208457,35000,2026-08-06T12:39:11
RANGU,0.012199999999999999,400,2026-08-06T12:39:11
RANGY,0.0069440000000000005,65000,2026-08-06T12:39:11
RANI,0.026730999999999998,850000,2026-08-06T12:39:11
RANJY,0.157945,250000,2026-08-06T12:39:11
RANK,0.019426000000000002,40000,2026-08-06T12:39:11
RAPH,0.0025,200,2026-08-06T12:39:11
RAPI,0.0025,9000,2026-08-06T12:39:11
RAPP,0.004128,200000,2026-08-06T12:39:11
RAPT.OLD1,0.0025,2000,2026-08-06T12:39:11
RARE,0.004057,3600000,2026-08-06T12:39:11
RASFQ,0.013392,150000,2026-08-06T12:39:11
RASGQ,0.0025,350000,2026-08-06T12:39:11
RASJQ,0.0025,100000,2026-08-06T12:39:11
RASLQ,0.0025,90000,2026-08-06T12:39:11
RAUS,0.215525,1200000,2026-08-06T12:39:11
RAVE,0.022132,1100000,2026-08-06T12:39:11
RAVI,0.017847,45000,2026-08-06T12:39:11
RAY,0.18816,300000,2026-08-06T12:39:11
RAYA,0.8633700000000001,25000,2026-08-06T12:39:11
RAYS.OLD1,0.0025,1300000,2026-08-06T12:39:11
RAYT,0.0025,50000,2026-08-06T12:39:11
RB,0.06908500000000001,2000,2026-08-06T12:39:11
RBA,0.003156,550000,2026-08-06T12:39:11
RBB,0.004135,750000,2026-08-06T12:39:11
RBBN,0.004135,1400000,2026-08-06T12:39:11
RBC,0.004081,500000,2026-08-06T12:39:11
RBCAA,0.004188,100000,2026-08-06T12:39:11
RBCC,0.0025,10000,2026-08-06T12:39:11
RBCF,0.0025,1000000,2026-08-06T12:39:11
RBCL,0.0025,500,2026-08-06T12:39:11
RBCN,0.0033239999999999997,75000,2026-08-06T12:39:11
RBGLY,0.00527,65000,2026-08-06T12:39:11
RBII,0.0025,2800000,2026-08-06T12:39:11
RBIL,0.238953,250000,2026-08-06T12:39:11
RBKB,0.006523,100000,2026-08-06T12:39:11
RBLD,0.028530000000000003,2000,2026-08-06T12:39:11
RBLK,0.0025,7000,2026-08-06T12:39:11
RBLU,0.10484299999999999,450000,2026-08-06T12:39:11
RBLX,0.004135,10000000,2026-08-06T12:39:11
RBLY,0.486977,6000,2026-08-06T12:39:11
RBNE,0.43706,100000,2026-08-06T12:39:11
RBNK,0.0025,600,2026-08-06T12:39:11
RBNW,0.0025,10000000,2026-08-06T12:39:11
RBOHF,0.056858000000000006,100000,2026-08-06T12:39:11
RBOR,0.0025,7000,2026-08-06T12:39:11
RBOT,0.009777000000000001,550000,2026-08-06T12:39:11
RBRK,0.003993,4400000,2026-08-06T12:39:11
RBRXF.OLD,0.0025,10000,2026-08-06T12:39:11
RBSFY,0.136013,4000,2026-08-06T12:39:11
RBSH,0.0025,450000,2026-08-06T12:39:11
RBSY,0.0025,9000,2026-08-06T12:39:11
RBTI,0.0025,45000,2026-08-06T12:39:11
RBUF,0.006326000000000001,35000,2026-08-06T12:39:11
RBYC,0.0025,200000,2026-08-06T12:39:11
RBZHF,0.0025,150000,2026-08-06T12:39:11
RC,0.005063,4700000,2026-08-06T12:39:11
RC PRC,0.174968,35000,2026-08-06T12:39:11
RC PRE,0.11836600000000001,150000,2026-08-06T12:39:11
RCAR,0.0025,20000,2026-08-06T12:39:11
RCAT,0.012524,200000,2026-08-06T12:39:11
RCAX,0.157039,55000,2026-08-06T12:39:11
RCBC,0.021564,25000,2026-08-06T12:39:11
RCCB,0.0025,31,2026-08-06T12:39:11
RCCH,0.0025,7700000,2026-08-06T12:39:11
RCD,0.063391,35000,2026-08-06T12:39:11
RCEL,0.102561,250000,2026-08-06T12:39:11
RCG,0.043376,650000,2026-08-06T12:39:11
RCGCF,0.015939000000000002,750000,2026-08-06T12:39:11
RCHA.OLD,0.0025,17,2026-08-06T12:39:11
RCHN,0.0025,250000,2026-08-06T12:39:11
RCI,0.004768,6300000,2026-08-06T12:39:11
RCIT,0.0025,400000,2026-08-06T12:39:11
RCKE,0.0025,1100000,2026-08-06T12:39:11
RCKT,0.004665,6100000,2026-08-06T12:39:11
RCKTF,0.061071,20000,2026-08-06T12:39:11
RCKY,0.023079000000000002,200000,2026-08-06T12:39:11
RCL,0.004081,800000,2026-08-06T12:39:11
RCLL,0.0025,250000,2026-08-06T12:39:11
RCLO,0.14892,2000,2026-08-06T12:39:11
RCLR,0.68611,600,2026-08-06T12:39:11
RCMH,0.0025,10000000,2026-08-06T12:39:11
RCMT,0.00419,200000,2026-08-06T12:39:11
RCMW.OLD,0.0025,5,2026-08-06T12:39:11
RCON,0.09408699999999999,15000,2026-08-06T12:39:11
RCPIQ.OLD,0.221989,200,2026-08-06T12:39:11
RCRUY,0.006202999999999999,950000,2026-08-06T12:39:11
RCS,0.004051,100000,2026-08-06T12:39:11
RCT,0.537472,1000000,2026-08-06T12:39:11
RCTFF,0.002859,15000,2026-08-06T12:39:11
RCTR,0.21531099999999997,25000,2026-08-06T12:39:11
RCTY,0.0025,250000,2026-08-06T12:39:11
RCUS,0.002782,1000000,2026-08-06T12:39:11
RDAC,0.47367,10000,2026-08-06T12:39:11
RDACU,0.013607000000000001,100,2026-08-06T12:39:11
RDAG,0.030341,4500000,2026-08-06T12:39:11
RDAGU,0.472317,10000,2026-08-06T12:39:11
RDAR,0.0025,10000000,2026-08-06T12:39:11
RDBO,0.0025,95000,2026-08-06T12:39:11
RDCM,0.005579,1700000,2026-08-06T12:39:11
RDCO,0.0025,100,2026-08-06T12:39:11
RDCT,0.0025,200000,2026-08-06T12:39:11
RDDC,0.08397,1000,2026-08-06T12:39:11
RDDT,0.004081,3100000,2026-08-06T12:39:11
RDDTF,0.0025,700000,2026-08-06T12:39:11
RDEIY,0.046082,100000,2026-08-06T12:39:11
RDEXF,0.013455,450000,2026-08-06T12:39:11
RDFI,0.052848,30000,2026-08-06T12:39:11
RDFY,0.0025,5,2026-08-06T12:39:11
RDGL,0.16510100000000003,5900000,2026-08-06T12:39:11
RDGMF,0.0075780000000000005,500000,2026-08-06T12:39:11
RDGT,0.321588,350000,2026-08-06T12:39:11
RDHL,0.25306999999999996,200000,2026-08-06T12:39:11
RDI,0.006285,1000000,2026-08-06T12:39:11
RDIB,0.117325,5000,2026-08-06T12:39:11
RDIV,0.041326,10000,2026-08-06T12:39:11
RDN,0.004025,1900000,2026-08-06T12:39:11
RDNT,0.004087,900000,2026-08-06T12:39:11
RDNW,0.007372999999999999,10000000,2026-08-06T12:39:11
RDOG,0.021618,1000,2026-08-06T12:39:11
RDTE,0.015493,100000,2026-08-06T12:39:11
RDTK,0.0025,200000,2026-08-06T12:39:11
RDTL,0.197562,200000,2026-08-06T12:39:11
RDTY,0.04325300000000001,15000,2026-08-06T12:39:11
RDUFF,0.20955500000000002,200000,2026-08-06T12:39:11
RDVI,0.046007,350000,2026-08-06T12:39:11
RDVT,0.00437,300000,2026-08-06T12:39:11
RDVWF,0.0025,1100000,2026-08-06T12:39:11
RDVY,0.028492000000000003,850000,2026-08-06T12:39:11
RDW,0.002774,4500000,2026-08-06T12:39:11
RDWD,0.0025,10000000,2026-08-06T12:39:11
RDWR,0.004197,300000,2026-08-06T12:39:11
RDWU,0.6712260000000001,500000,2026-08-06T12:39:11
RDXM,0.0025,100000,2026-08-06T12:39:11
RDY,0.006812,550000,2026-08-06T12:39:11
RDYFF,0.014705,10000,2026-08-06T12:39:11
RDYY,0.047108,3000,2026-08-06T12:39:11
RDZN,0.012099,300000,2026-08-06T12:39:11
REA,0.085523,150000,2026-08-06T12:39:11
REAC,0.0025,200,2026-08-06T12:39:11
REAI,0.094838,1000,2026-08-06T12:39:11
REAL,0.004139,4500000,2026-08-06T12:39:11
REAX,0.017969,1200000,2026-08-06T12:39:11
REBN,0.17705400000000002,70000,2026-08-06T12:39:11
RECAF,0.068082,7100000,2026-08-06T12:39:11
RECS,0.044572,100000,2026-08-06T12:39:11
RECT,0.30328900000000003,25000,2026-08-06T12:39:11
RECX,0.185069,7600000,2026-08-06T12:39:11
REDFY,0.0025,3000,2026-08-06T12:39:11
REDG,0.0025,10000000,2026-08-06T12:39:11
REDRF,0.050347,90000,2026-08-06T12:39:11
REEAF,0.005489000000000001,800000,2026-08-06T12:39:11
REED,0.11271,450000,2026-08-06T12:39:11
REEMF,0.076407,3100000,2026-08-06T12:39:11
REER,0.0025,800000,2026-08-06T12:39:11
REET,0.004227,500000,2026-08-06T12:39:11
REF,0.034417,800000,2026-08-06T12:39:11
REFA,0.097366,10000,2026-08-06T12:39:11
REFG,0.0025,6200000,2026-08-06T12:39:11
REFI,0.00391,400000,2026-08-06T12:39:11
REFR,0.0039310000000000005,250000,2026-08-06T12:39:11
REG,0.0025,2200000,2026-08-06T12:39:11
REGCO,0.120008,70000,2026-08-06T12:39:11
REGCP,0.291178,100000,2026-08-06T12:39:11
REGL,0.029754,90000,2026-08-06T12:39:11
REGN,0.0025819999999999997,1200000,2026-08-06T12:39:11
REGRF,0.071536,60000,2026-08-06T12:39:11
REGS,0.040670000000000005,35000,2026-08-06T12:39:11
REI,0.003959,10000000,2026-08-06T12:39:11
REII.OLD,0.0025,35000,2026-08-06T12:39:11
REIT,0.03902,10000,2026-08-06T12:39:11
REK,0.036934999999999996,35000,2026-08-06T12:39:11
REKR,0.014971000000000002,850000,2026-08-06T12:39:11
RELL,0.004073,60000,2026-08-06T12:39:11
RELM,0.0025,10000000,2026-08-06T12:39:11
RELV,0.0025,1000,2026-08-06T12:39:11
RELX,0.004177,100000,2026-08-06T12:39:11
RELY,0.002782,9000000,2026-08-06T12:39:11
REM,0.037115999999999996,20000,2026-08-06T12:39:11
REMI,0.0033239999999999997,100000,2026-08-06T12:39:11
REMX,0.006624,250000,2026-08-06T12:39:11
REMYY,0.367688,100000,2026-08-06T12:39:11
RENEF,0.01464,10000,2026-08-06T12:39:11
RENGF,0.007434,55000,2026-08-06T12:39:11
RENO,0.004135,200000,2026-08-06T12:39:11
RENT,0.008789,150000,2026-08-06T12:39:11
RENU,0.0025,300000,2026-08-06T12:39:11
RENX,0.6381560000000001,45000,2026-08-06T12:39:11
REOP,0.129976,1000,2026-08-06T12:39:11
REOS,0.0025,450000,2026-08-06T12:39:11
REPCF,0.0666,7000,2026-08-06T12:39:11
REPL,0.010107999999999999,4400000,2026-08-06T12:39:11
REPX,0.010731,950000,2026-08-06T12:39:11
REPYY,0.044146,850000,2026-08-06T12:39:11
RERE,0.0025,10000000,2026-08-06T12:39:11
RES,0.004135,150000,2026-08-06T12:39:11
RESCU,0.0025,150000,2026-08-06T12:39:11
RETC,0.0025,10000000,2026-08-06T12:39:11
RETL,0.259876,100000,2026-08-06T12:39:11
RETO,0.8111740000000001,100000,2026-08-06T12:39:11
REVB,0.39285600000000004,200000,2026-08-06T12:39:11
REVL.WAR,0.0025,35000,2026-08-06T12:39:11
REVO,0.0025,2900000,2026-08-06T12:39:11
REVS,0.095214,55000,2026-08-06T12:39:11
REVUQ,0.052821999999999994,850000,2026-08-06T12:39:11
REVVF,0.004081,5000,2026-08-06T12:39:11
REW,0.05444499999999999,9000,2026-08-06T12:39:11
REX,0.004593,400000,2026-08-06T12:39:11
REXC,0.160381,15000,2026-08-06T12:39:11
REXR,0.002782,4300000,2026-08-06T12:39:11
REXR PRB,0.30020199999999997,100000,2026-08-06T12:39:11
REXR PRC,0.27340699999999996,45000,2026-08-06T12:39:11
REYN,0.002717,800000,2026-08-06T12:39:11
REZ,0.009548,100000,2026-08-06T12:39:11
REZI,0.002782,2100000,2026-08-06T12:39:11
REZNF,0.0025,750000,2026-08-06T12:39:11
REZZF,0.095351,100000,2026-08-06T12:39:11
RF,0.003786,6600000,2026-08-06T12:39:11
RF PRC,0.013745,45000,2026-08-06T12:39:11
RF PRE,0.044729,85000,2026-08-06T12:39:11
RF PRF,0.032551000000000004,15000,2026-08-06T12:39:11
RFAI,0.17057,20000,2026-08-06T12:39:11
RFAIU,0.203045,100,2026-08-06T12:39:11
RFAM,0.311187,40000,2026-08-06T12:39:11
RFAMU,0.012199999999999999,100,2026-08-06T12:39:11
RFBC,0.0025,60000,2026-08-06T12:39:11
RFCS.OLD,0.0025,34,2026-08-06T12:39:11
RFDA,0.12456400000000001,900,2026-08-06T12:39:11
RFDI,0.053598,9000,2026-08-06T12:39:11
RFEM,0.0025,900,2026-08-06T12:39:11
RFG,0.028275,50000,2026-08-06T12:39:11
RFHRF,0.0025,450000,2026-08-06T12:39:11
RFI,0.023703,550000,2026-08-06T12:39:11
RFII,0.0025,400000,2026-08-06T12:39:11
RFIL,0.004091,200000,2026-08-06T12:39:11
RFIX,0.125196,100000,2026-08-06T12:39:11
RFL,0.003961,700000,2026-08-06T12:39:11
RFLR,0.024432,200000,2026-08-06T12:39:11
RFLXF,0.056922,20000,2026-08-06T12:39:11
RFM,0.02619,15000,2026-08-06T12:39:11
RFMK,0.0025,900,2026-08-06T12:39:11
RFMZ,0.004298,15000,2026-08-06T12:39:11
RFNS,0.0025,1700000,2026-08-06T12:39:11
RFV,0.044391,10000,2026-08-06T12:39:11
RFXRF,0.131615,4000,2026-08-06T12:39:11
RGA,0.004081,1300000,2026-08-06T12:39:11
RGBP,0.0025,10000000,2026-08-06T12:39:11
RGC,2.384531,15000,2026-08-06T12:39:11
RGCCF,0.009834,65000,2026-08-06T12:39:11
RGCO,0.0052190000000000005,55000,2026-08-06T12:39:11
RGEF,0.040670000000000005,15000,2026-08-06T12:39:11
RGEN,0.004135,250000,2026-08-06T12:39:11
RGFC,0.066665,100000,2026-08-06T12:39:11
RGFR,0.0025,150000,2026-08-06T12:39:11
RGGI,0.0025,300000,2026-08-06T12:39:11
RGIN,0.0025,10000,2026-08-06T12:39:11
RGLD,0.0025,1100000,2026-08-06T12:39:11
RGLSF,0.139916,95000,2026-08-06T12:39:11
RGLXY,0.0025,5000,2026-08-06T12:39:11
RGNA,0.0025,1500000,2026-08-06T12:39:11
RGNT,5.712924,100000,2026-08-06T12:39:11
RGNX,0.004083,3900000,2026-08-06T12:39:11
RGP,0.021889,1600000,2026-08-06T12:39:11
RGR,0.002782,400000,2026-08-06T12:39:11
RGRLF,0.00393,450000,2026-08-06T12:39:11
RGRX,0.0025,8000,2026-08-06T12:39:11
RGS,0.036823999999999996,250000,2026-08-06T12:39:11
RGSEQ,0.0025,1300000,2026-08-06T12:39:11
RGSG,0.0025,2000,2026-08-06T12:39:11
RGT,0.032966999999999996,25000,2026-08-06T12:39:11
RGTI,0.006764,1300000,2026-08-06T12:39:11
RGTU,0.56027,60000,2026-08-06T12:39:11
RGTX,0.26152000000000003,200000,2026-08-06T12:39:11
RGTZ,1.134103,200000,2026-08-06T12:39:11
RGUS,0.0025,100000,2026-08-06T12:39:11
RGXTF,0.002782,300000,2026-08-06T12:39:11
RGYY,1.086635,4000,2026-08-06T12:39:11
RH,0.00418,90000,2026-08-06T12:39:11
RHCO,0.0025,2200000,2026-08-06T12:39:11
RHEP,0.062739,450000,2026-08-06T12:39:11
RHEPA,0.0025,10000,2026-08-06T12:39:11
RHEPB,0.018277,250000,2026-08-06T12:39:11
RHEPZ,0.076929,200000,2026-08-06T12:39:11
RHHBY,0.0025,1100000,2026-08-06T12:39:11
RHI,0.004135,2200000,2026-08-06T12:39:11
RHLD,0.005863,10000,2026-08-06T12:39:11
RHNO,0.048674,2000,2026-08-06T12:39:11
RHP,0.002782,950000,2026-08-06T12:39:11
RHRX,0.045414,3000,2026-08-06T12:39:11
RHSC,0.0025,25000,2026-08-06T12:39:11
RHTX,0.0025,20000,2026-08-06T12:39:11
RIBB,0.012816000000000001,60000,2026-08-06T12:39:11
RIBBU,0.012199999999999999,200,2026-08-06T12:39:11
RIBT,0.269501,30000,2026-08-06T12:39:11
RICK,0.005221,1200000,2026-08-06T12:39:11
RICOY,0.0025,5000,2026-08-06T12:39:11
RIET,0.072513,150000,2026-08-06T12:39:11
RIG,0.003009,10000000,2026-08-06T12:39:11
RIGG,0.0025,200,2026-08-06T12:39:11
RIGH,0.0025,10000000,2026-08-06T12:39:11
RIGL,0.003023,400000,2026-08-06T12:39:11
RIGMF,0.0025,20000,2026-08-06T12:39:11
RIGS,0.104267,35000,2026-08-06T12:39:11
RIHC,0.0025,1000,2026-08-06T12:39:11
RIHT,0.0025,350000,2026-08-06T12:39:11
RIIC,0.0025,15000,2026-08-06T12:39:11
RIINF,0.0025,400000,2026-08-06T12:39:11
RILA,0.09885400000000001,300,2026-08-06T12:39:11
RILY,0.010755999999999998,750000,2026-08-06T12:39:11
RILYG,0.439842,90000,2026-08-06T12:39:11
RILYL,0.054842,85000,2026-08-06T12:39:11
RILYN,0.260746,200000,2026-08-06T12:39:11
RILYP,0.063122,100000,2026-08-06T12:39:11
RILYT,0.08574999999999999,200000,2026-08-06T12:39:11
RILYZ,0.135958,45000,2026-08-06T12:39:11
RIME,0.07395299999999999,750000,2026-08-06T12:39:11
RINF,0.07991,7000,2026-08-06T12:39:11
RING,0.004562,500000,2026-08-06T12:39:11
RINO,0.0025,50000,2026-08-06T12:39:11
RINT,0.772623,30000,2026-08-06T12:39:11
RIO,0.0025,2100000,2026-08-06T12:39:11
RIOB,0.0025,90000,2026-08-06T12:39:11
RIOCF,0.003754,600000,2026-08-06T12:39:11
RIOFF,0.006521,6500000,2026-08-06T12:39:11
RIOT,0.002784,6200000,2026-08-06T12:39:11
RIOX,0.219418,75000,2026-08-06T12:39:11
RISE,1.66442,300,2026-08-06T12:39:11
RISN,0.035755,1200000,2026-08-06T12:39:11
RISR,0.047466999999999995,85000,2026-08-06T12:39:11
RITA,0.09186299999999999,20000,2026-08-06T12:39:11
RITE,0.004027,10000000,2026-08-06T12:39:11
RITM,0.002782,6600000,2026-08-06T12:39:11
RITM PRA,0.141381,150000,2026-08-06T12:39:11
RITM PRB,0.060967,600000,2026-08-06T12:39:11
RITM PRC,0.048223,300000,2026-08-06T12:39:11
RITM PRD,0.025947,450000,2026-08-06T12:39:11
RITM PRE,0.063013,200000,2026-08-06T12:39:11
RITM PRF,0.203624,300000,2026-08-06T12:39:11
RITR,2.718109,1900000,2026-08-06T12:39:11
RIV,0.01496,500000,2026-08-06T12:39:11
RIV PRA,0.044493,200000,2026-08-06T12:39:11
RIVN,0.004082,5500000,2026-08-06T12:39:11
RIVU.OLD,0.0025,100000,2026-08-06T12:39:11
RIZE,1.112345,100,2026-08-06T12:39:11
RJCA,0.073521,2000,2026-08-06T12:39:11
RJDG,0.003196,5500000,2026-08-06T12:39:11
RJDI,1.533302,4000,2026-08-06T12:39:11
RJET,0.010589999999999999,300000,2026-08-06T12:39:11
RJF,0.004298,1700000,2026-08-06T12:39:11
RJMI,0.841858,60000,2026-08-06T12:39:11
RKDA,1.235179,250000,2026-08-06T12:39:11
RKLB,0.004081,10000000,2026-08-06T12:39:11
RKLC,0.0025,10000000,2026-08-06T12:39:11
RKLX,0.133691,300000,2026-08-06T12:39:11
RKLZ,0.516413,150000,2026-08-06T12:39:11
RKMSF,0.059692999999999996,250000,2026-08-06T12:39:11
RKNG,0.14892,5000,2026-08-06T12:39:11
RKOS,0.0025,1000,2026-08-06T12:39:11
RKT,0.002782,3400000,2026-08-06T12:39:11
RKTL,0.06637900000000001,55000,2026-08-06T12:39:11
RKTO,0.56015,200000,2026-08-06T12:39:11
RKUNY,0.120388,50000,2026-08-06T12:39:11
RKVTF,0.064268,6000,2026-08-06T12:39:11
RKX,0.105544,5000,2026-08-06T12:39:11
RL,0.004081,550000,2026-08-06T12:39:11
RLAIF,0.008218,250000,2026-08-06T12:39:11
RLAY,0.0025169999999999997,2900000,2026-08-06T12:39:11
RLBD,0.0025,1100000,2026-08-06T12:39:11
RLBY,0.101059,250000,2026-08-06T12:39:11
RLEA,0.162209,10000,2026-08-06T12:39:11
RLFTY,0.035257000000000004,70000,2026-08-06T12:39:11
RLGT,0.004568,400000,2026-08-06T12:39:11
RLI,0.004298,1100000,2026-08-06T12:39:11
RLIA,0.0025,300000,2026-08-06T12:39:11
RLJ,0.004443,1300000,2026-08-06T12:39:11
RLJ PRA,0.015078000000000001,200000,2026-08-06T12:39:11
RLLY,0.0025,5000,2026-08-06T12:39:11
RLMD,0.004135,1600000,2026-08-06T12:39:11
RLTR,0.069912,1400000,2026-08-06T12:39:11
RLTY,0.023079000000000002,80000,2026-08-06T12:39:11
RLX,0.004277,10000000,2026-08-06T12:39:11
RLY,0.04003999999999999,200000,2026-08-06T12:39:11
RLYB,0.16470600000000002,250000,2026-08-06T12:39:11
RLYC,0.0025,650000,2026-08-06T12:39:11
RLYGF,0.178704,10000,2026-08-06T12:39:11
RM,0.004031,200000,2026-08-06T12:39:11
RMAX,0.0048270000000000006,30000,2026-08-06T12:39:11
RMBC,0.202937,300,2026-08-06T12:39:11
RMBI,0.004081,100000,2026-08-06T12:39:11
RMBS,0.002567,1800000,2026-08-06T12:39:11
RMBX,0.096141,600,2026-08-06T12:39:11
RMCA,0.097501,90000,2026-08-06T12:39:11
RMCF,0.020316,150000,2026-08-06T12:39:11
RMCO,0.104549,250000,2026-08-06T12:39:11
RMD,0.004097,850000,2026-08-06T12:39:11
RMESF,0.033726,15000,2026-08-06T12:39:11
RMHB,0.0025,200000,2026-08-06T12:39:11
RMHI,0.0033239999999999997,800,2026-08-06T12:39:11
RMHY,0.06232,200,2026-08-06T12:39:11
RMI,0.495616,4000,2026-08-06T12:39:11
RMIX,0.030352,200000,2026-08-06T12:39:11
RMLFF,0.042937,3000000,2026-08-06T12:39:11
RMM,0.052848,85000,2026-08-06T12:39:11
RMME,0.347829,150000,2026-08-06T12:39:11
RMMZ,0.47515700000000005,25000,2026-08-06T12:39:11
RMNI,0.0045379999999999995,900000,2026-08-06T12:39:11
RMOP,0.590039,1300000,2026-08-06T12:39:11
RMR,0.0041270000000000005,950000,2026-08-06T12:39:11
RMRK,0.0025,10000000,2026-08-06T12:39:11
RMRYF,0.011255,45000,2026-08-06T12:39:11
RMSG,0.5247310000000001,200000,2026-08-06T12:39:11
RMSL,0.011457,10000000,2026-08-06T12:39:11
RMT,0.010424,400000,2026-08-06T12:39:11
RMTD,0.0025,10000000,2026-08-06T12:39:11
RMTG,0.20468399999999998,45000,2026-08-06T12:39:11
RMTI,0.006891,95000,2026-08-06T12:39:11
RMTN,0.0025,500,2026-08-06T12:39:11
RMTO,0.0025,30000,2026-08-06T12:39:11
RMVEY,0.073145,85000,2026-08-06T12:39:11
RMXID,0.165714,40000,2026-08-06T12:39:11
RNA,0.014656,650000,2026-08-06T12:39:11
RNAC,0.010506,750000,2026-08-06T12:39:11
RNAZ,0.10738500000000001,60000,2026-08-06T12:39:11
RNBI,0.0025,150000,2026-08-06T12:39:11
RNCP,0.0025,9000,2026-08-06T12:39:11
RNECY,0.020034,650000,2026-08-06T12:39:11
RNEM,0.073145,500,2026-08-06T12:39:11
RNG,0.00416,300000,2026-08-06T12:39:11
RNGC,0.0025,200000,2026-08-06T12:39:11
RNGE,0.003101,1400000,2026-08-06T12:39:11
RNGG,0.0025,150000,2026-08-06T12:39:11
RNGR,0.004406,1100000,2026-08-06T12:39:11
RNGT,0.012199999999999999,700000,2026-08-06T12:39:11
RNGTU,0.192688,5000,2026-08-06T12:39:11
RNIN,0.11159599999999999,150000,2026-08-06T12:39:11
RNLSY,0.048628,150000,2026-08-06T12:39:11
RNLXY,0.51697,55000,2026-08-06T12:39:11
RNMBY,0.031101,55000,2026-08-06T12:39:11
RNMN,0.048789,40000,2026-08-06T12:39:11
RNP,0.004298,250000,2026-08-06T12:39:11
RNR,0.002782,500000,2026-08-06T12:39:11
RNR PRF,0.11237899999999999,95000,2026-08-06T12:39:11
RNR PRG,0.045648999999999995,800000,2026-08-06T12:39:11
RNRG,0.042592,6000,2026-08-06T12:39:11
RNST,0.0037099999999999998,2600000,2026-08-06T12:39:11
RNTL,0.0025,10000,2026-08-06T12:39:11
RNTX,0.025207,8900000,2026-08-06T12:39:11
RNTY,0.08847200000000001,15000,2026-08-06T12:39:11
RNVA,0.0025,10000000,2026-08-06T12:39:11
RNVT,0.133109,90000,2026-08-06T12:39:11
RNW,0.00391,4800000,2026-08-06T12:39:11
RNXT,0.029393,1400000,2026-08-06T12:39:11
ROAD,0.0025,250000,2026-08-06T12:39:11
ROAG,0.002782,1100000,2026-08-06T12:39:11
ROAM,0.026253000000000002,150000,2026-08-06T12:39:11
ROBK,0.0025,550000,2026-08-06T12:39:11
ROBN,0.108995,30000,2026-08-06T12:39:11
ROBO,0.005793,150000,2026-08-06T12:39:11
ROBOF,0.0025,5000,2026-08-06T12:39:11
ROBT,0.004135,85000,2026-08-06T12:39:11
ROC,0.10237199999999999,300000,2026-08-06T12:39:11
ROCK,0.004135,850000,2026-08-06T12:39:11
ROCQ,0.10561999999999999,80000,2026-08-06T12:39:11
ROCY,0.07847900000000001,1000,2026-08-06T12:39:11
RODM,0.082395,300000,2026-08-06T12:39:11
ROE,0.061406999999999996,100000,2026-08-06T12:39:11
ROG,0.004089,250000,2026-08-06T12:39:11
ROGI,0.0025,250000,2026-08-06T12:39:11
ROGP,0.0025,35000,2026-08-06T12:39:11
ROHCY,0.048493,20000,2026-08-06T12:39:11
ROII,0.878865,1700000,2026-08-06T12:39:11
ROIUF,0.029319,3000,2026-08-06T12:39:11
ROIV,0.0025,8200000,2026-08-06T12:39:11
ROK,0.004081,900000,2026-08-06T12:39:11
ROKRF,0.004961999999999999,9400000,2026-08-06T12:39:11
ROKT,0.052564,30000,2026-08-06T12:39:11
ROKU,0.0033589999999999996,5100000,2026-08-06T12:39:11
ROL,0.0025,4200000,2026-08-06T12:39:11
ROLR,0.182922,150000,2026-08-06T12:39:11
ROM,0.008195000000000001,100000,2026-08-06T12:39:11
ROMA,0.6657519999999999,550000,2026-08-06T12:39:11
ROMJF,0.013832,300000,2026-08-06T12:39:11
ROMO,0.04688,55000,2026-08-06T12:39:11
RONB,0.005694,300000,2026-08-06T12:39:11
ROOOF,0.020745,90000,2026-08-06T12:39:11
ROOT,0.004118,750000,2026-08-06T12:39:11
ROP,0.0025,650000,2026-08-06T12:39:11
ROPE,0.086913,400,2026-08-06T12:39:11
ROSC,0.165157,1000,2026-08-06T12:39:11
ROSGQ,0.0025,150000,2026-08-06T12:39:11
ROSN,0.004573,35000,2026-08-06T12:39:11
ROST,0.0025,3400000,2026-08-06T12:39:11
ROTH,0.0025,2700000,2026-08-06T12:39:11
ROUS,0.113739,85000,2026-08-06T12:39:11
ROVMF,0.009509,9000,2026-08-06T12:39:11
ROWC,0.0025,10000,2026-08-06T12:39:11
ROYE,0.0025,700,2026-08-06T12:39:11
ROYIF,0.0033239999999999997,900000,2026-08-06T12:39:11
ROYL,0.0025,1600000,2026-08-06T12:39:11
ROYTL,0.0025,1600000,2026-08-06T12:39:11
RPAR,0.09622700000000001,850000,2026-08-06T12:39:11
RPAY,0.00991,1000000,2026-08-06T12:39:11
RPBC,0.0025,550000,2026-08-06T12:39:11
RPC,0.004135,550000,2026-08-06T12:39:11
RPD,0.002751,3700000,2026-08-06T12:39:11
RPDL,0.0025,20000,2026-08-06T12:39:11
RPG,0.01821,250000,2026-08-06T12:39:11
RPGL,1.8233959999999998,2000,2026-08-06T12:39:11
RPID,0.009288999999999999,5900000,2026-08-06T12:39:11
RPID.OLD1,0.0025,65000,2026-08-06T12:39:11
RPM,0.0028179999999999998,1100000,2026-08-06T12:39:11
RPMM,0.0025,1000000,2026-08-06T12:39:11
RPMT,0.009834,850000,2026-08-06T12:39:11
RPRX,0.004144999999999999,6300000,2026-08-06T12:39:11
RPT,0.013182000000000001,350000,2026-08-06T12:39:11
RPT PRC,0.1039,100000,2026-08-06T12:39:11
RPV,0.005527,60000,2026-08-06T12:39:11
RQI,0.027682000000000002,1100000,2026-08-06T12:39:11
RQI.FRAC,0.0025,60000,2026-08-06T12:39:11
RR,0.015648,500000,2026-08-06T12:39:11
RRBI,0.003101,65000,2026-08-06T12:39:11
RRC,0.004135,1400000,2026-08-06T12:39:11
RREE,0.0025,10000,2026-08-06T12:39:11
RREV,0.032345,400000,2026-08-06T12:39:11
RREVU,0.672579,6000,2026-08-06T12:39:11
RRGB,0.010524,650000,2026-08-06T12:39:11
RRGI,0.0025,350000,2026-08-06T12:39:11
RRHI,0.0025,2400000,2026-08-06T12:39:11
RRIC,0.0025,1800000,2026-08-06T12:39:11
RRIF,0.0025,10000,2026-08-06T12:39:11
RRR,0.0025700000000000002,600000,2026-08-06T12:39:11
RRTS,0.026109,250000,2026-08-06T12:39:11
RRUUF,0.03419,55000,2026-08-06T12:39:11
RRX,0.002782,1100000,2026-08-06T12:39:11
RS,0.0025,650000,2026-08-06T12:39:11
RSASF,0.050363,50000,2026-08-06T12:39:11
RSAU,0.0025,20000,2026-08-06T12:39:11
RSBA,0.14892,100000,2026-08-06T12:39:11
RSBT,0.009376,250000,2026-08-06T12:39:11
RSBY,0.065114,70000,2026-08-06T12:39:11
RSCF,0.0025,400000,2026-08-06T12:39:11
RSCI,0.0025,3000,2026-08-06T12:39:11
RSDE,0.040670000000000005,45000,2026-08-06T12:39:11
RSEE,0.043004,350000,2026-08-06T12:39:11
RSF,0.06475500000000001,15000,2026-08-06T12:39:11
RSG,0.002957,1900000,2026-08-06T12:39:11
RSGC,0.0025,200000,2026-08-06T12:39:11
RSGOF,0.056858000000000006,60000,2026-08-06T12:39:11
RSGR,0.0025,10000000,2026-08-06T12:39:11
RSGUF,0.015366999999999999,100000,2026-08-06T12:39:11
RSHGY,0.088561,65000,2026-08-06T12:39:11
RSHN,0.0025,10000000,2026-08-06T12:39:11
RSI,0.002782,1900000,2026-08-06T12:39:11
RSIT,0.271134,100000,2026-08-06T12:39:11
RSJN,0.140312,45000,2026-08-06T12:39:11
RSKD,0.004057,2200000,2026-08-06T12:39:11
RSKIA,0.0033239999999999997,15000,2026-08-06T12:39:11
RSLT,0.0025,1000,2026-08-06T12:39:11
RSMC,0.049558,100000,2026-08-06T12:39:11
RSMV,0.0025,300,2026-08-06T12:39:11
RSMXF,0.05964800000000001,200000,2026-08-06T12:39:11
RSP,0.0029130000000000002,1200000,2026-08-06T12:39:11
RSPA,0.21749600000000002,70000,2026-08-06T12:39:11
RSPC,0.012177,30000,2026-08-06T12:39:11
RSPD,0.295057,150000,2026-08-06T12:39:11
RSPE,0.076679,65000,2026-08-06T12:39:11
RSPF,0.02229,35000,2026-08-06T12:39:11
RSPG,0.042023000000000005,7000,2026-08-06T12:39:11
RSPH,0.038002,45000,2026-08-06T12:39:11
RSPM,0.025387,4000,2026-08-06T12:39:11
RSPN,0.090366,80000,2026-08-06T12:39:11
RSPNQ,0.0025,50000,2026-08-06T12:39:11
RSPR,0.01828,150000,2026-08-06T12:39:11
RSPS,0.037964000000000005,250000,2026-08-06T12:39:11
RSPT,0.009426,450000,2026-08-06T12:39:11
RSPU,0.081588,75000,2026-08-06T12:39:11
RSSB,0.009638,650000,2026-08-06T12:39:11
RSSE,0.109679,10000,2026-08-06T12:39:11
RSSFF,0.0025,100000,2026-08-06T12:39:11
RSSL,0.615026,10000,2026-08-06T12:39:11
RSSS,0.042901999999999996,2300000,2026-08-06T12:39:11
RSST,0.009959,600000,2026-08-06T12:39:11
RSSX,0.010159,80000,2026-08-06T12:39:11
RSSY,0.01902,150000,2026-08-06T12:39:11
RSTRF,0.1208,10000,2026-08-06T12:39:11
RSVR,0.004135,400000,2026-08-06T12:39:11
RTAC,0.044675,2700000,2026-08-06T12:39:11
RTACU,0.01496,85000,2026-08-06T12:39:11
RTB,0.377455,35000,2026-08-06T12:39:11
RTBC,0.0025,55000,2026-08-06T12:39:11
RTCJF,0.39008499999999996,70000,2026-08-06T12:39:11
RTH,0.0245,7000,2026-08-06T12:39:11
RTKHQ,0.027018,1000000,2026-08-06T12:39:11
RTMNF,0.20243099999999997,1000,2026-08-06T12:39:11
RTNB,0.0025,20000,2026-08-06T12:39:11
RTO,0.005504,1000000,2026-08-06T12:39:11
RTON,0.0025,1000000,2026-08-06T12:39:11
RTOO,0.081972,100,2026-08-06T12:39:11
RTRE,0.016314,1000,2026-08-06T12:39:11
RTSL,0.0025,150000,2026-08-06T12:39:11
RTSO,0.0025,500,2026-08-06T12:39:11
RTWW,0.0025,400000,2026-08-06T12:39:11
RTX,0.0025,5800000,2026-08-06T12:39:11
RTXG,0.049162,20000,2026-08-06T12:39:11
RTYY,0.081524,900,2026-08-06T12:39:11
RUBLF,0.006209,350000,2026-08-06T12:39:11
RUBY.OLD,0.114911,1700000,2026-08-06T12:39:11
RUDN,0.0025,800,2026-08-06T12:39:11
RUM,0.058456,900000,2026-08-06T12:39:11
RUN,0.002782,2500000,2026-08-06T12:39:11
RUNI,0.0025,300,2026-08-06T12:39:11
RUNN,0.0025,55000,2026-08-06T12:39:11
RUSC,0.19409700000000002,600,2026-08-06T12:39:11
RUSHA,0.004116,800000,2026-08-06T12:39:11
RUSHB,0.006842,30000,2026-08-06T12:39:11
RUSMF,0.004243,300000,2026-08-06T12:39:11
RUSOE,0.0025,75000,2026-08-06T12:39:11
RVBFE.OLD,0.0025,100,2026-08-06T12:39:11
RVCB,0.0033239999999999997,10000,2026-08-06T12:39:11
RVER,0.053377999999999995,2000,2026-08-06T12:39:11
RVI,0.10045899999999999,250000,2026-08-06T12:39:11
RVLCF,0.141293,700000,2026-08-06T12:39:11
RVLGF,0.021979000000000002,1700000,2026-08-06T12:39:11
RVLPQ,0.20630700000000002,3400000,2026-08-06T12:39:11
RVLT,0.0,900000,2026-08-06T12:39:11
RVLV,0.0029509999999999996,2500000,2026-08-06T12:39:11
RVLWF,0.0025,100000,2026-08-06T12:39:11
RVMD,0.004244,2400000,2026-08-06T12:39:11
RVNL,0.367585,10000,2026-08-06T12:39:11
RVNU,0.08816700000000001,75000,2026-08-06T12:39:11
RVP,0.032551000000000004,1100000,2026-08-06T12:39:11
RVPH,0.06517400000000001,850000,2026-08-06T12:39:11
RVRVF,0.0025,10000,2026-08-06T12:39:11
RVSB,0.015666,200000,2026-08-06T12:39:11
RVSDF,0.011026000000000001,1700000,2026-08-06T12:39:11
RVSN,0.034361,60000,2026-08-06T12:39:11
RVT,0.016959,400000,2026-08-06T12:39:11
RVTY,0.004137,250000,2026-08-06T12:39:11
RVVQF,0.23547,1100000,2026-08-06T12:39:11
RVVTF,0.060105000000000006,3200000,2026-08-06T12:39:11
RVXCF,0.003648,850000,2026-08-06T12:39:11
RW,0.0025,45000,2026-08-06T12:39:11
RWAX,0.011328,10000000,2026-08-06T12:39:11
RWAY,0.03221,2300000,2026-08-06T12:39:11
RWAYI,0.054836,70000,2026-08-06T12:39:11
RWAYL,0.067841,25000,2026-08-06T12:39:11
RWBYF.OLD,0.0025,3300000,2026-08-06T12:39:11
RWCB,0.041724,2000,2026-08-06T12:39:11
RWCI,0.0025,100,2026-08-06T12:39:11
RWCRF,0.026323,10000,2026-08-06T12:39:11
RWEM,0.211164,6000,2026-08-06T12:39:11
RWEOY,0.015064,35000,2026-08-06T12:39:11
RWJ,0.028543,100000,2026-08-06T12:39:11
RWK,0.018231999999999998,30000,2026-08-06T12:39:11
RWL,0.010703,450000,2026-08-06T12:39:11
RWLC,0.104267,2000,2026-08-06T12:39:11
RWM,0.046047000000000005,45000,2026-08-06T12:39:11
RWMI,0.0025,4000,2026-08-06T12:39:11
RWO,0.006842,1200000,2026-08-06T12:39:11
RWR,0.004171,25000,2026-08-06T12:39:11
RWRD,0.0025,6000,2026-08-06T12:39:11
RWRDP,0.12024900000000001,65000,2026-08-06T12:39:11
RWT,0.004295,2000000,2026-08-06T12:39:11
RWT PRA,0.22442499999999999,75000,2026-08-06T12:39:11
RWTN,0.124276,90000,2026-08-06T12:39:11
RWTO,0.107908,75000,2026-08-06T12:39:11
RWTP,0.092765,200000,2026-08-06T12:39:11
RWTQ,0.110581,100000,2026-08-06T12:39:11
RWTS,0.07630200000000001,30000,2026-08-06T12:39:11
RWWI,0.0025,7100000,2026-08-06T12:39:11
RWX,0.013806,35000,2026-08-06T12:39:11
RXAF,0.0025,400000,2026-08-06T12:39:11
RXD,0.106973,10000,2026-08-06T12:39:11
RXEEY,0.12532,35000,2026-08-06T12:39:11
RXEI,0.0025,450000,2026-08-06T12:39:11
RXI,0.337004,10000,2026-08-06T12:39:11
RXL,0.105933,35000,2026-08-06T12:39:11
RXO,0.0025,1000000,2026-08-06T12:39:11
RXPC,0.0025,10000000,2026-08-06T12:39:11
RXRX,0.004656,3500000,2026-08-06T12:39:11
RXST,0.003491,2500000,2026-08-06T12:39:11
RXT,0.020277,6600000,2026-08-06T12:39:11
RY,0.0025,10000000,2026-08-06T12:39:11
RYAAY,0.002503,2400000,2026-08-06T12:39:11
RYAM,0.002949,10000000,2026-08-06T12:39:11
RYAN,0.004222,500000,2026-08-06T12:39:11
RYCEY,0.0025,1300000,2026-08-06T12:39:11
RYDE,0.201298,4600000,2026-08-06T12:39:11
RYES,0.046826999999999994,600000,2026-08-06T12:39:11
RYET,0.17427299999999998,400000,2026-08-06T12:39:11
RYHTY,0.0025,200,2026-08-06T12:39:11
RYKKY,0.01496,15000,2026-08-06T12:39:11
RYLD,0.040538,350000,2026-08-06T12:39:11
RYLG,0.040446,5000,2026-08-06T12:39:11
RYM,0.048184,100000,2026-08-06T12:39:11
RYMM,0.0025,500000,2026-08-06T12:39:11
RYN,0.002855,6900000,2026-08-06T12:39:11
RYOJ,5.399332,1000,2026-08-06T12:39:11
RYPE,0.0025,600000,2026-08-06T12:39:11
RYPPF,0.0025,700000,2026-08-06T12:39:11
RYTM,0.004135,750000,2026-08-06T12:39:11
RYZ,0.004081,900000,2026-08-06T12:39:11
RZC,0.038235,55000,2026-08-06T12:39:11
RZG,0.058163,20000,2026-08-06T12:39:11
RZLT,0.003584,1200000,2026-08-06T12:39:11
RZLV,0.45826,600000,2026-08-06T12:39:11
RZV,0.0305,4000,2026-08-06T12:39:11
S,0.0025109999999999998,8800000,2026-08-06T12:39:11
SA,0.003846,450000,2026-08-06T12:39:11
SAA,0.002832,45000,2026-08-06T12:39:11
SAABY,0.042126000000000004,300000,2026-08-06T12:39:11
SAAQ,1.192179,900000,2026-08-06T12:39:11
SAAQU,0.017667,20000,2026-08-06T12:39:11
SABA,0.025785,100000,2026-08-06T12:39:11
SABK,0.058545999999999994,35000,2026-08-06T12:39:11
SABOF,0.052051,25000,2026-08-06T12:39:11
SABR,0.0041270000000000005,4400000,2026-08-06T12:39:11
SABS,0.162443,2700000,2026-08-06T12:39:11
SAC,0.012199999999999999,1200000,2026-08-06T12:39:11
SAC U,0.012199999999999999,1000,2026-08-06T12:39:11
SACH,0.0036959999999999996,2700000,2026-08-06T12:39:11
SACH PRA,0.43058599999999997,40000,2026-08-06T12:39:11
SAEI,0.0025,450000,2026-08-06T12:39:11
SAEYY,0.0033239999999999997,3000,2026-08-06T12:39:11
SAFE,0.003321,500000,2026-08-06T12:39:11
SAFRY,0.01902,350000,2026-08-06T12:39:11
SAFS,0.0025,10000000,2026-08-06T12:39:11
SAFT,0.007049,350000,2026-08-06T12:39:11
SAFX,0.381685,650000,2026-08-06T12:39:11
SAGD,0.0025,10000000,2026-08-06T12:39:11
SAGGF,0.011375,35000,2026-08-06T12:39:11
SAGMF,0.067557,750000,2026-08-06T12:39:11
SAGP,0.026732999999999996,40000,2026-08-06T12:39:11
SAGT,0.739382,350000,2026-08-06T12:39:11
SAGU,0.073145,150000,2026-08-06T12:39:11
SAGU U,0.012199999999999999,400,2026-08-06T12:39:11
SAH,0.004125,100000,2026-08-06T12:39:11
SAIA,0.002782,250000,2026-08-06T12:39:11
SAIC,0.004081,350000,2026-08-06T12:39:11
SAIH,0.023361999999999997,150000,2026-08-06T12:39:11
SAIL,0.005758999999999999,85000,2026-08-06T12:39:11
SAJ,0.166521,9000,2026-08-06T12:39:11
SAJFY,0.008195000000000001,1000,2026-08-06T12:39:11
SAKL,0.0025,500000,2026-08-06T12:39:11
SALM,0.040685,500000,2026-08-06T12:39:11
SALN,0.0025,600000,2026-08-06T12:39:11
SALQF,0.054579,750000,2026-08-06T12:39:11
SALRY,0.028300000000000002,35000,2026-08-06T12:39:11
SAM,0.0025,250000,2026-08-06T12:39:11
SAMG,0.014406,250000,2026-08-06T12:39:11
SAML,0.0025,4300000,2026-08-06T12:39:11
SAMM,0.075863,3000,2026-08-06T12:39:11
SAMO U,0.572448,1700000,2026-08-06T12:39:11
SAMT,0.044284,100000,2026-08-06T12:39:11
SAN,0.013442,750000,2026-08-06T12:39:11
SANA,0.0038390000000000004,1800000,2026-08-06T12:39:11
SANG,0.023079000000000002,250000,2026-08-06T12:39:11
SANM,0.003215,850000,2026-08-06T12:39:11
SANT,0.0025,2000,2026-08-06T12:39:11
SANW,0.070254,45000,2026-08-06T12:39:11
SAP,0.011872,800000,2026-08-06T12:39:11
SAPH,0.049059,3000,2026-08-06T12:39:11
SAPIF,0.006586,2700000,2026-08-06T12:39:11
SAPMY,0.046194,100000,2026-08-06T12:39:11
SAPX,0.004135,10000000,2026-08-06T12:39:11
SAR,0.314531,200000,2026-08-06T12:39:11
SARA,0.008195000000000001,1000000,2026-08-06T12:39:11
SARK,0.039281,30000,2026-08-06T12:39:11
SARMF,0.00367,10000,2026-08-06T12:39:11
SARO,0.004135,2600000,2026-08-06T12:39:11
SASKF,0.045456,450000,2026-08-06T12:39:11
SASS,0.083293,5000,2026-08-06T12:39:11
SAT,0.214075,45000,2026-08-06T12:39:11
SATA,0.330014,100000,2026-08-06T12:39:11
SATL,0.004095,3500000,2026-08-06T12:39:11
SATO,0.009548,10000,2026-08-06T12:39:11
SATT,0.0025,35000,2026-08-06T12:39:11
SAUG,0.061491,25000,2026-08-06T12:39:11
SAUHY,0.23915,150000,2026-08-06T12:39:11
SAV,0.04549400000000001,35000,2026-08-06T12:39:11
SAVW,0.0025,1000,2026-08-06T12:39:11
SAWS,0.08399200000000001,10000,2026-08-06T12:39:11
SAXPY,0.14892,150000,2026-08-06T12:39:11
SAY,0.047649,55000,2026-08-06T12:39:11
SAYFF,0.0025,15000,2026-08-06T12:39:11
SAZ,0.021343,75000,2026-08-06T12:39:11
SB,0.006497,2000000,2026-08-06T12:39:11
SB PRC,0.157561,50000,2026-08-06T12:39:11
SB PRD,0.31160699999999997,150000,2026-08-06T12:39:11
SBAC,0.002782,1500000,2026-08-06T12:39:11
SBAR,0.041193999999999995,1700000,2026-08-06T12:39:11
SBB,0.265289,1000,2026-08-06T12:39:11
SBC,0.055146,150000,2026-08-06T12:39:11
SBCF,0.0026550000000000002,1900000,2026-08-06T12:39:11
SBCO,0.0025,10000,2026-08-06T12:39:11
SBDG,0.0025,6000,2026-08-06T12:39:11
SBDS,0.029028,65000,2026-08-06T12:39:11
SBES,0.0025,10000000,2026-08-06T12:39:11
SBET,0.003509,10000000,2026-08-06T12:39:11
SBEV,0.976254,100000,2026-08-06T12:39:11
SBFFY,0.0033239999999999997,1000,2026-08-06T12:39:11
SBFG,0.009737,55000,2026-08-06T12:39:11
SBFM,1.39996,100000,2026-08-06T12:39:11
SBGI,0.002819,150000,2026-08-06T12:39:11
SBGSY,0.017851,800000,2026-08-06T12:39:11
SBH,0.004289,700000,2026-08-06T12:39:11
SBI,0.111934,20000,2026-08-06T12:39:11
SBIG,0.509026,1100000,2026-08-06T12:39:11
SBIGY,0.0025,200,2026-08-06T12:39:11
SBIL,0.012414000000000001,500000,2026-08-06T12:39:11
SBIO,0.027495,25000,2026-08-06T12:39:11
SBIT,0.084962,100000,2026-08-06T12:39:11
SBJX,0.0025,1900000,2026-08-06T12:39:11
SBKFF,0.004886,80,2026-08-06T12:39:11
SBKO,0.046855,20000,2026-08-06T12:39:11
SBLCF,0.006586,80000,2026-08-06T12:39:11
SBLK,0.005489000000000001,5100000,2026-08-06T12:39:11
SBLRF.OLD,0.002949,1000000,2026-08-06T12:39:11
SBMT,0.275883,700000,2026-08-06T12:39:11
SBMW,0.022824,500,2026-08-06T12:39:11
SBNCM,0.0025,200,2026-08-06T12:39:11
SBND,0.500646,1000,2026-08-06T12:39:11
SBNS,0.0025,100,2026-08-06T12:39:11
SBOEY,0.0025,100,2026-08-06T12:39:11
SBR,0.021156,150000,2026-08-06T12:39:11
SBRA,0.002782,2100000,2026-08-06T12:39:11
SBS,0.008347,350000,2026-08-06T12:39:11
SBSAQ,0.004298,100000,2026-08-06T12:39:11
SBSI,0.0027429999999999998,400000,2026-08-06T12:39:11
SBSNY,0.0033239999999999997,900,2026-08-06T12:39:11
SBSW,0.004050000000000001,10000000,2026-08-06T12:39:11
SBT,0.012745,250000,2026-08-06T12:39:11
SBTU,0.20474799999999999,150000,2026-08-06T12:39:11
SBUM,0.0025,10000,2026-08-06T12:39:11
SBUX,0.004081,7000000,2026-08-06T12:39:11
SBXD,0.016516,800000,2026-08-06T12:39:11
SBXE,0.012199999999999999,2400000,2026-08-06T12:39:11
SCABY,0.0025,500,2026-08-06T12:39:11
SCAG,2.011372,100000,2026-08-06T12:39:11
SCAH,0.0025,600000,2026-08-06T12:39:11
SCAP,0.420898,6000,2026-08-06T12:39:11
SCBFY,0.027871999999999997,100000,2026-08-06T12:39:11
SCBZ,0.0025,45000,2026-08-06T12:39:11
SCC,0.041763,30000,2026-08-06T12:39:11
SCCD,0.376245,45000,2026-08-06T12:39:11
SCCE,0.053863,55000,2026-08-06T12:39:11
SCCF,0.029834999999999997,60000,2026-08-06T12:39:11
SCCG,0.039723,55000,2026-08-06T12:39:11
SCCO,0.004119,750000,2026-08-06T12:39:11
SCCR,0.167864,150000,2026-08-06T12:39:11
SCD,0.026615000000000003,1000000,2026-08-06T12:39:11
SCDA,0.0025,20000,2026-08-06T12:39:11
SCDCF,0.028902,15000,2026-08-06T12:39:11
SCE PRG,0.456079,150000,2026-08-06T12:39:11
SCE PRL,0.050056,800000,2026-08-06T12:39:11
SCE PRM,0.015076,150000,2026-08-06T12:39:11
SCE PRN,0.142742,85000,2026-08-06T12:39:11
SCEC,0.113595,10000,2026-08-06T12:39:11
SCEIQ,0.10832599999999999,1800000,2026-08-06T12:39:11
SCEP,2.1177170000000003,700,2026-08-06T12:39:11
SCEP.OLD,0.0025,75000,2026-08-06T12:39:11
SCEY,0.0025,250000,2026-08-06T12:39:11
SCGLY,0.082617,1400000,2026-08-06T12:39:11
SCGX,0.0025,200,2026-08-06T12:39:11
SCHA,0.004843,3500000,2026-08-06T12:39:11
SCHB,0.0054600000000000004,10000000,2026-08-06T12:39:11
SCHC,0.006854,250000,2026-08-06T12:39:11
SCHD,0.0027800000000000004,10000000,2026-08-06T12:39:11
SCHE,0.0041470000000000005,3700000,2026-08-06T12:39:11
SCHF,0.002832,10000000,2026-08-06T12:39:11
SCHG,0.002782,10000000,2026-08-06T12:39:11
SCHH,0.004135,2600000,2026-08-06T12:39:11
SCHI,0.026215000000000002,950000,2026-08-06T12:39:11
SCHJ,0.036610000000000004,100000,2026-08-06T12:39:11
SCHK,0.009587,800000,2026-08-06T12:39:11
SCHL,0.004475,300000,2026-08-06T12:39:11
SCHM,0.013686,9600000,2026-08-06T12:39:11
SCHO,0.00374,1900000,2026-08-06T12:39:11
SCHP,0.0025,4500000,2026-08-06T12:39:11
SCHQ,0.006842,95000,2026-08-06T12:39:11
SCHR,0.027065000000000002,1200000,2026-08-06T12:39:11
SCHV,0.0025,2600000,2026-08-06T12:39:11
SCHW,0.0025,10000000,2026-08-06T12:39:11
SCHW PRD,0.45202,15000,2026-08-06T12:39:11
SCHW PRJ,0.028561999999999997,450000,2026-08-06T12:39:11
SCHX,0.0025,10000000,2026-08-06T12:39:11
SCHY,0.009548,900000,2026-08-06T12:39:11
SCHYY,0.04939,55000,2026-08-06T12:39:11
SCHZ,0.009097,550000,2026-08-06T12:39:11
SCI,0.004135,1000000,2026-08-06T12:39:11
SCIA,0.075446,150000,2026-08-06T12:39:11
SCIE,0.0025,10000000,2026-08-06T12:39:11
SCII,0.012199999999999999,1800000,2026-08-06T12:39:11
SCIIU,0.012199999999999999,75000,2026-08-06T12:39:11
SCIO,0.249578,85000,2026-08-06T12:39:11
SCIO.OLD1,0.110924,900000,2026-08-06T12:39:11
SCIXF,0.074784,100,2026-08-06T12:39:11
SCJ,0.018448,300000,2026-08-06T12:39:11
SCKT,0.066495,100000,2026-08-06T12:39:11
SCL,0.002559,800000,2026-08-06T12:39:11
SCLD,0.0025,400000,2026-08-06T12:39:11
SCLF,0.0025,55000,2026-08-06T12:39:11
SCLTF,0.013081,200000,2026-08-06T12:39:11
SCLX,0.01468,250000,2026-08-06T12:39:11
SCLZ,0.040670000000000005,50000,2026-08-06T12:39:11
SCM,0.011356,100000,2026-08-06T12:39:11
SCMB,0.046336,150000,2026-08-06T12:39:11
SCMC,0.032551000000000004,3000,2026-08-06T12:39:11
SCMI,0.0025,2900000,2026-08-06T12:39:11
SCMWY,0.159745,65000,2026-08-06T12:39:11
SCNA,0.0025,500000,2026-08-06T12:39:11
SCND,0.0025,1000,2026-08-06T12:39:11
SCNG,0.0025,600000,2026-08-06T12:39:11
SCNI,0.511678,250000,2026-08-06T12:39:11
SCNX,0.12572,1300000,2026-08-06T12:39:11
SCO,0.004853,550000,2026-08-06T12:39:11
SCOO,0.0025,20000,2026-08-06T12:39:11
SCOP,0.006828,550000,2026-08-06T12:39:11
SCOR,0.00621,250000,2026-08-06T12:39:11
SCOW,0.055108,10000,2026-08-06T12:39:11
SCPJ,0.0025,1000,2026-08-06T12:39:11
SCPNA,0.0025,10000,2026-08-06T12:39:11
SCPQ,0.330195,550000,2026-08-06T12:39:11
SCPQU,0.012199999999999999,100,2026-08-06T12:39:11
SCPS,0.409276,100000,2026-08-06T12:39:11
SCPV,0.0025,10000,2026-08-06T12:39:11
SCPX,0.0025,250000,2026-08-06T12:39:11
SCRCQ,0.0025,2600000,2026-08-06T12:39:11
SCRH,0.0025,250000,2026-08-06T12:39:11
SCRSF,0.0025,250000,2026-08-06T12:39:11
SCRYY,0.005417,2000,2026-08-06T12:39:11
SCSB,0.040670000000000005,10000,2026-08-06T12:39:11
SCSC,0.002782,400000,2026-08-06T12:39:11
SCTH,0.046173,500,2026-08-06T12:39:11
SCTX,0.328885,300000,2026-08-06T12:39:11
SCUB,0.7361759999999999,100,2026-08-06T12:39:11
SCUS,0.031509999999999996,9000,2026-08-06T12:39:11
SCVFF,0.0031929999999999997,85000,2026-08-06T12:39:11
SCVM,0.0025,350000,2026-08-06T12:39:11
SCWO,0.019988,400000,2026-08-06T12:39:11
SCXN,0.0025,1100000,2026-08-06T12:39:11
SCYB,0.005489000000000001,350000,2026-08-06T12:39:11
SCYRF,0.002996,1000,2026-08-06T12:39:11
SCYT,0.040561999999999994,300,2026-08-06T12:39:11
SCYX,0.025809000000000002,200000,2026-08-06T12:39:11
SCZ,0.012435,650000,2026-08-06T12:39:11
SCZM,0.01478,300000,2026-08-06T12:39:11
SD,0.004608999999999999,1300000,2026-08-06T12:39:11
SDA,0.20345300000000002,5700000,2026-08-06T12:39:11
SDAD,0.0025,4000,2026-08-06T12:39:11
SDCCQ,0.060181,1600000,2026-08-06T12:39:11
SDCH,0.0033239999999999997,10000,2026-08-06T12:39:11
SDCI,0.008688,250000,2026-08-06T12:39:11
SDD,0.051645,1000,2026-08-06T12:39:11
SDEC,0.0025,7200000,2026-08-06T12:39:11
SDEM,0.042699,35000,2026-08-06T12:39:11
SDEV,0.078086,1100000,2026-08-06T12:39:11
SDFI,0.148578,55000,2026-08-06T12:39:11
SDG,0.015598,30000,2026-08-06T12:39:11
SDGR,0.002782,5100000,2026-08-06T12:39:11
SDHC,0.003995,650000,2026-08-06T12:39:11
SDHI,0.231137,1700000,2026-08-06T12:39:11
SDHIU,0.012199999999999999,100,2026-08-06T12:39:11
SDHY,0.0068189999999999995,10000,2026-08-06T12:39:11
SDIG.OLD1,0.0025,800000,2026-08-06T12:39:11
SDIR,0.0025,10000000,2026-08-06T12:39:11
SDIV,0.02932,350000,2026-08-06T12:39:11
SDMF,0.010942,90000,2026-08-06T12:39:11
SDNA,0.0025,650000,2026-08-06T12:39:11
SDNI,0.11700100000000001,30000,2026-08-06T12:39:11
SDOG,0.020644,150000,2026-08-06T12:39:11
SDOT,6.521616,15000,2026-08-06T12:39:11
SDOW,0.06637900000000001,300000,2026-08-06T12:39:11
SDP,0.020137000000000002,5000,2026-08-06T12:39:11
SDRC,0.052051,1900000,2026-08-06T12:39:11
SDRG,0.12456400000000001,100000,2026-08-06T12:39:11
SDRL,0.010369,1900000,2026-08-06T12:39:11
SDS,0.039888,150000,2026-08-06T12:39:11
SDSI,0.051495,25000,2026-08-06T12:39:11
SDSS,0.0025,550000,2026-08-06T12:39:11
SDST,0.237729,75000,2026-08-06T12:39:11
SDTHQ,0.055075000000000006,100000,2026-08-06T12:39:11
SDTY,0.05973,10000,2026-08-06T12:39:11
SDVD,0.15162599999999998,300000,2026-08-06T12:39:11
SDVI,0.0025,10000000,2026-08-06T12:39:11
SDVKY,0.047958999999999995,200000,2026-08-06T12:39:11
SDVY,0.064022,350000,2026-08-06T12:39:11
SDXAY,0.140358,40000,2026-08-06T12:39:11
SDY,0.004933,300000,2026-08-06T12:39:11
SDZNY,0.058609,150000,2026-08-06T12:39:11
SE,0.002782,8600000,2026-08-06T12:39:11
SEA,0.18038,60000,2026-08-06T12:39:11
SEAC,0.164332,25000,2026-08-06T12:39:11
SEAL PRA,0.071018,100000,2026-08-06T12:39:11
SEAL PRB,0.188222,100000,2026-08-06T12:39:11
SEAOF,0.0025,4600000,2026-08-06T12:39:11
SEAT,0.15393700000000002,100000,2026-08-06T12:39:11
SEB,0.005102,3000,2026-08-06T12:39:11
SECOY,0.132606,150000,2026-08-06T12:39:11
SECR,0.023291,2000,2026-08-06T12:39:11
SECT,0.021055,150000,2026-08-06T12:39:11
SECU,0.0043219999999999995,10000,2026-08-06T12:39:11
SECUF,0.031143999999999998,6000,2026-08-06T12:39:11
SECYF,0.00821,2800000,2026-08-06T12:39:11
SECZ,0.109523,500000,2026-08-06T12:39:11
SEDG,0.004239,300000,2026-08-06T12:39:11
SEED,0.047552000000000004,350000,2026-08-06T12:39:11
SEEK,0.0025,10000000,2026-08-06T12:39:11
SEELQ,3.3233159999999997,75000,2026-08-06T12:39:11
SEEM,0.272012,20000,2026-08-06T12:39:11
SEER,0.00407,4700000,2026-08-06T12:39:11
SEF,0.11953799999999999,20000,2026-08-06T12:39:11
SEFE,0.0025,150000,2026-08-06T12:39:11
SEG,0.005917,1300000,2026-08-06T12:39:11
SEGG,0.13632999999999998,95000,2026-08-06T12:39:11
SEGI,0.0025,10000000,2026-08-06T12:39:11
SEGYY,0.0025,1000,2026-08-06T12:39:11
SEHI,0.0025,65000,2026-08-06T12:39:11
SEI,0.003606,1400000,2026-08-06T12:39:11
SEIC,0.003377,1000000,2026-08-06T12:39:11
SEIE,0.016314,85000,2026-08-06T12:39:11
SEII,0.003259,10000000,2026-08-06T12:39:11
SEIM,0.08464600000000001,25000,2026-08-06T12:39:11
SEIQ,0.050495,55000,2026-08-06T12:39:11
SEIV,0.060508,20000,2026-08-06T12:39:11
SEIX,0.043555,100000,2026-08-06T12:39:11
SEKEY,0.023079000000000002,35000,2026-08-06T12:39:11
SELF,0.04346,150000,2026-08-06T12:39:11
SELV,0.096951,1000,2026-08-06T12:39:11
SELXF,0.540836,300000,2026-08-06T12:39:11
SEMG,0.102705,30000,2026-08-06T12:39:11
SEMUF,0.0025,1000,2026-08-06T12:39:11
SEMY,0.240932,75000,2026-08-06T12:39:11
SENEA,0.006842,150000,2026-08-06T12:39:11
SENEB,0.004135,1000,2026-08-06T12:39:11
SENR,0.0033239999999999997,8000,2026-08-06T12:39:11
SENS,0.007643,350000,2026-08-06T12:39:11
SEOAY,0.050598000000000004,100000,2026-08-06T12:39:11
SEOVF,0.036469999999999995,250000,2026-08-06T12:39:11
SEPI,0.755915,25000,2026-08-06T12:39:11
SEPI.OLD,0.0025,20000,2026-08-06T12:39:11
SEPM,0.14892,2000,2026-08-06T12:39:11
SEPN,0.0054020000000000006,2700000,2026-08-06T12:39:11
SEPP,0.046082,3000,2026-08-06T12:39:11
SEPU,0.452395,15000,2026-08-06T12:39:11
SEPW,0.0025,10000,2026-08-06T12:39:11
SEPZ,0.272054,2000,2026-08-06T12:39:11
SER,0.479383,100000,2026-08-06T12:39:11
SERA,0.009291,40000,2026-08-06T12:39:11
SERG,0.0025,1000,2026-08-06T12:39:11
SERV,0.075571,4000,2026-08-06T12:39:11
SES,0.011581999999999999,250000,2026-08-06T12:39:11
SESI,0.0025,40000,2026-08-06T12:39:11
SETH,0.097371,8000,2026-08-06T12:39:11
SETM,0.050437,200000,2026-08-06T12:39:11
SETO,0.0025,1000,2026-08-06T12:39:11
SETY,0.0025,1300000,2026-08-06T12:39:11
SEUSF,0.071536,5100000,2026-08-06T12:39:11
SEV,0.10201700000000001,250000,2026-08-06T12:39:11
SEVM,0.0025,1,2026-08-06T12:39:11
SEVN,0.005814000000000001,100000,2026-08-06T12:39:11
SEVT,0.0025,150000,2026-08-06T12:39:11
SEZL,0.002822,350000,2026-08-06T12:39:11
SF,0.004106,2500000,2026-08-06T12:39:11
SF PRB,0.07866100000000001,15000,2026-08-06T12:39:11
SF PRC,0.358113,50000,2026-08-06T12:39:11
SF PRD,0.051723,100000,2026-08-06T12:39:11
SFAZ,0.0025,550000,2026-08-06T12:39:11
SFB,0.052799,200000,2026-08-06T12:39:11
SFBC,0.004785,90000,2026-08-06T12:39:11
SFBE,0.0025,45000,2026-08-06T12:39:11
SFBR,0.0025,500000,2026-08-06T12:39:11
SFBS,0.002737,400000,2026-08-06T12:39:11
SFCO,0.0025,100,2026-08-06T12:39:11
SFCX,0.0033239999999999997,10000,2026-08-06T12:39:11
SFD,0.004081,3600000,2026-08-06T12:39:11
SFDL,0.002782,1000,2026-08-06T12:39:11
SFEB,0.049082999999999995,15000,2026-08-06T12:39:11
SFEG,0.0025,9500000,2026-08-06T12:39:11
SFES,0.003091,450000,2026-08-06T12:39:11
SFGV,0.043122,150000,2026-08-06T12:39:11
SFGYY,0.007526000000000001,1100000,2026-08-06T12:39:11
SFHDQ,0.0025,400,2026-08-06T12:39:11
SFHG,0.036951,45000,2026-08-06T12:39:11
SFHI,0.0025,15000,2026-08-06T12:39:11
SFHOY,0.112438,75000,2026-08-06T12:39:11
SFIN,0.0025,100000,2026-08-06T12:39:11
SFIO,0.0025,4900000,2026-08-06T12:39:11
SFIX,0.003928,5400000,2026-08-06T12:39:11
SFL,0.004135,2300000,2026-08-06T12:39:11
SFLM,0.0025,10000000,2026-08-06T12:39:11
SFLO,0.047668999999999996,100000,2026-08-06T12:39:11
SFLR,0.01902,1100000,2026-08-06T12:39:11
SFM,0.0038929999999999998,700000,2026-08-06T12:39:11
SFMI,0.0025,10000000,2026-08-06T12:39:11
SFNC,0.002867,3400000,2026-08-06T12:39:11
SFPI,0.0025,100000,2026-08-06T12:39:11
SFRGY,0.0025,200,2026-08-06T12:39:11
SFRT,2.180766,1400000,2026-08-06T12:39:11
SFRX,0.004457,10000000,2026-08-06T12:39:11
SFST,0.0043630000000000006,150000,2026-08-06T12:39:11
SFTBY,0.011975,6400000,2026-08-06T12:39:11
SFTGQ,0.062861,2100000,2026-08-06T12:39:11
SFTX,0.18128699999999998,800,2026-08-06T12:39:11
SFTY,0.050994000000000005,15000,2026-08-06T12:39:11
SFUNY,0.21860600000000002,500000,2026-08-06T12:39:11
SFWJ,0.0025,6000,2026-08-06T12:39:11
SFWL,0.01921,1600000,2026-08-06T12:39:11
SFXEQ,0.03141,20000,2026-08-06T12:39:11
SFY,0.02463,55000,2026-08-06T12:39:11
SFYF,0.069665,10000,2026-08-06T12:39:11
SFYI,0.098178,1000,2026-08-06T12:39:11
SG,0.00409,4500000,2026-08-06T12:39:11
SGA,0.046322999999999996,150000,2026-08-06T12:39:11
SGAMY,0.018461,250000,2026-08-06T12:39:11
SGAPY,0.043016,200000,2026-08-06T12:39:11
SGBLY,0.005489000000000001,400000,2026-08-06T12:39:11
SGC,0.004099,150000,2026-08-06T12:39:11
SGCR,0.0025,1600000,2026-08-06T12:39:11
SGDH,0.0025,1000,2026-08-06T12:39:11
SGDJ,0.012195000000000001,50000,2026-08-06T12:39:11
SGDM,0.005207000000000001,100000,2026-08-06T12:39:11
SGER,0.0025,30000,2026-08-06T12:39:11
SGGKY,0.094903,3000,2026-08-06T12:39:11
SGGTF,0.029319,250000,2026-08-06T12:39:11
SGGV,0.0025,60000,2026-08-06T12:39:11
SGHC,0.002782,700000,2026-08-06T12:39:11
SGHT,0.0063,650000,2026-08-06T12:39:11
SGI,0.004138,500000,2026-08-06T12:39:11
SGII.OLD1,0.0025,500000,2026-08-06T12:39:11
SGIOY,0.025672,400000,2026-08-06T12:39:11
SGLC,0.031800999999999996,15000,2026-08-06T12:39:11
SGLN,0.0025,8700000,2026-08-06T12:39:11
SGLRF,0.14541700000000002,100000,2026-08-06T12:39:11
SGLS,0.0025,350000,2026-08-06T12:39:11
SGLY,1.344802,3000,2026-08-06T12:39:11
SGMD,0.0025,60000,2026-08-06T12:39:11
SGML,0.006928,6200000,2026-08-06T12:39:11
SGMOQ,0.0028100000000000004,10000000,2026-08-06T12:39:11
SGMT,0.00416,1800000,2026-08-06T12:39:11
SGMZ,0.0025,250000,2026-08-06T12:39:11
SGNI,0.022824,1,2026-08-06T12:39:11
SGOL,0.004283,2600000,2026-08-06T12:39:11
SGOO,0.0025,20000,2026-08-06T12:39:11
SGOV,0.003428,10000000,2026-08-06T12:39:11
SGP,0.0215,100000,2026-08-06T12:39:11
SGPTF,0.00707,150000,2026-08-06T12:39:11
SGPYY,0.027042999999999998,150000,2026-08-06T12:39:11
SGRB,0.0025,10000,2026-08-06T12:39:11
SGRP,0.064132,1500000,2026-08-06T12:39:11
SGRT,0.056931,20000,2026-08-06T12:39:11
SGRW,0.059614,400,2026-08-06T12:39:11
SGRY,0.004223,5100000,2026-08-06T12:39:11
SGSOY,0.027010999999999997,100000,2026-08-06T12:39:11
SGTB,0.0025,20000,2026-08-06T12:39:11
SGTM,0.0025,250000,2026-08-06T12:39:11
SGU,0.004193,150000,2026-08-06T12:39:11
SGUI,0.0025,30000,2026-08-06T12:39:11
SGVA,0.12062300000000001,100,2026-08-06T12:39:11
SGVT,0.050435,3000,2026-08-06T12:39:11
SGYEF,0.003932,2200000,2026-08-06T12:39:11
SGYI,0.0025,750000,2026-08-06T12:39:11
SGYPQ,0.027000000000000003,750000,2026-08-06T12:39:11
SGZH,0.0025,85000,2026-08-06T12:39:11
SH,0.044529,550000,2026-08-06T12:39:11
SHAG,0.097501,40000,2026-08-06T12:39:11
SHAK,0.0025,950000,2026-08-06T12:39:11
SHALY,0.0025,500,2026-08-06T12:39:11
SHAZ,0.044816,1200000,2026-08-06T12:39:11
SHBI,0.0028000000000000004,900000,2026-08-06T12:39:11
SHC,0.002561,10000000,2026-08-06T12:39:11
SHCAY,0.043376,50000,2026-08-06T12:39:11
SHCMF,0.012950999999999999,2000,2026-08-06T12:39:11
SHDG,0.097446,65000,2026-08-06T12:39:11
SHE,0.042828,7000,2026-08-06T12:39:11
SHECY,0.0025169999999999997,450000,2026-08-06T12:39:11
SHEH,0.069423,7000,2026-08-06T12:39:11
SHEL,0.004138,1600000,2026-08-06T12:39:11
SHEN,0.011051,200000,2026-08-06T12:39:11
SHFS,0.499495,750000,2026-08-06T12:39:11
SHG,0.009065,650000,2026-08-06T12:39:11
SHGDF,0.0025,150000,2026-08-06T12:39:11
SHGI,0.0025,3000,2026-08-06T12:39:11
SHGKY,0.0025,5000,2026-08-06T12:39:11
SHIFF,0.068289,400,2026-08-06T12:39:11
SHIM,0.032632,250000,2026-08-06T12:39:11
SHIP,0.004051,550000,2026-08-06T12:39:11
SHIR,0.0025,150000,2026-08-06T12:39:11
SHLD,0.009115,350000,2026-08-06T12:39:11
SHLDQ,0.052848,3900000,2026-08-06T12:39:11
SHLS,0.003007,2200000,2026-08-06T12:39:11
SHM,0.139674,60000,2026-08-06T12:39:11
SHMD,0.066284,800000,2026-08-06T12:39:11
SHMN,0.0025,10000000,2026-08-06T12:39:11
SHMP,0.0025,1300000,2026-08-06T12:39:11
SHNDY,0.198355,9000,2026-08-06T12:39:11
SHNY,0.064053,500000,2026-08-06T12:39:11
SHO,0.003461,5400000,2026-08-06T12:39:11
SHO PRH,0.096505,35000,2026-08-06T12:39:11
SHO PRI,0.120214,50000,2026-08-06T12:39:11
SHOC,0.008195000000000001,25000,2026-08-06T12:39:11
SHOE,0.004155,500000,2026-08-06T12:39:11
SHOM,0.0025,10000000,2026-08-06T12:39:11
SHOO,0.002542,2200000,2026-08-06T12:39:11
SHOP,0.0025,10000000,2026-08-06T12:39:11
SHOT,0.876927,5100000,2026-08-06T12:39:11
SHOTU,0.765945,90000,2026-08-06T12:39:11
SHPH,4.1042000000000005,50000,2026-08-06T12:39:11
SHPP,0.073145,300,2026-08-06T12:39:11
SHPU,0.083819,50000,2026-08-06T12:39:11
SHPWQ,2.6857740000000003,85000,2026-08-06T12:39:11
SHRG,0.0025,3000,2026-08-06T12:39:11
SHRK,0.0025,80000,2026-08-06T12:39:11
SHRT,0.043376,1200000,2026-08-06T12:39:11
SHRY,0.0025,45000,2026-08-06T12:39:11
SHSH,0.0025,35000,2026-08-06T12:39:11
SHTDY,0.204849,750000,2026-08-06T12:39:11
SHUS,0.10561999999999999,100,2026-08-06T12:39:11
SHV,0.004729,1900000,2026-08-06T12:39:11
SHVLF,0.022824,20000,2026-08-06T12:39:11
SHW,0.0025,2800000,2026-08-06T12:39:11
SHWGY,0.0025,2000,2026-08-06T12:39:11
SHWZ,0.0025,1400000,2026-08-06T12:39:11
SHY,0.009304,900000,2026-08-06T12:39:11
SHYD,0.025165000000000003,30000,2026-08-06T12:39:11
SHYG,0.009351,2000000,2026-08-06T12:39:11
SHYL,0.012140999999999999,100000,2026-08-06T12:39:11
SHYM,0.047629000000000005,200000,2026-08-06T12:39:11
SHZHY,0.04399,65000,2026-08-06T12:39:11
SI,0.00613,250000,2026-08-06T12:39:11
SIAF.OLD,0.0025,1100000,2026-08-06T12:39:11
SIBN,0.0056489999999999995,800000,2026-08-06T12:39:11
SIBO,0.0025,6000,2026-08-06T12:39:11
SICP,0.133917,450000,2026-08-06T12:39:11
SID,0.005417,2000000,2026-08-06T12:39:11
SIDU,0.049468,100000,2026-08-06T12:39:11
SIEB,0.012670999999999998,100000,2026-08-06T12:39:11
SIEGY,0.004135,100000,2026-08-06T12:39:11
SIELY,0.0025,300,2026-08-06T12:39:11
SIF,0.009670999999999999,550000,2026-08-06T12:39:11
SIFY,0.033618999999999996,650000,2026-08-06T12:39:11
SIG,0.004084,250000,2026-08-06T12:39:11
SIGA,0.007566000000000001,650000,2026-08-06T12:39:11
SIGCY,0.10291399999999999,150000,2026-08-06T12:39:11
SIGI,0.004151,1600000,2026-08-06T12:39:11
SIGIP,0.04105,70000,2026-08-06T12:39:11
SIGO,0.0025,7000,2026-08-06T12:39:11
SIGY,0.078031,150000,2026-08-06T12:39:11
SIHBY,0.0025,2000,2026-08-06T12:39:11
SIHI,0.005489000000000001,2000000,2026-08-06T12:39:11
SIHY,0.14892,5000,2026-08-06T12:39:11
SII,0.004633,650000,2026-08-06T12:39:11
SIJ,0.051495,100,2026-08-06T12:39:11
SIKI,0.0025,25000,2026-08-06T12:39:11
SIL,0.004298,1800000,2026-08-06T12:39:11
SILC,0.012459,700000,2026-08-06T12:39:11
SILEF,0.030878000000000003,550000,2026-08-06T12:39:11
SILJ,0.003957,5500000,2026-08-06T12:39:11
SILO,0.78486,40000,2026-08-06T12:39:11
SILS,0.0025,45000,2026-08-06T12:39:11
SILXY,0.066382,40000,2026-08-06T12:39:11
SIM,0.046082,700,2026-08-06T12:39:11
SIMA,0.593647,100000,2026-08-06T12:39:11
SIMO,0.0025,600000,2026-08-06T12:39:11
SIMPQ,0.0025,15000,2026-08-06T12:39:11
SIMS,0.040670000000000005,1000,2026-08-06T12:39:11
SIMX,0.205946,15000,2026-08-06T12:39:11
SIND,0.07558,250000,2026-08-06T12:39:11
SING,0.0042049999999999995,2200000,2026-08-06T12:39:11
SINGY,0.080207,400,2026-08-06T12:39:11
SINT,0.137163,150000,2026-08-06T12:39:11
SINX,0.0025,2500000,2026-08-06T12:39:11
SIO,2.2530289999999997,7000,2026-08-06T12:39:11
SIOLY,0.0025,700,2026-08-06T12:39:11
SION,0.005323,400000,2026-08-06T12:39:11
SIOO,1.094115,1000,2026-08-06T12:39:11
SIOR,0.0025,150000,2026-08-06T12:39:11
SIPC,0.0025,4000000,2026-08-06T12:39:11
SIRC,0.0025,10000000,2026-08-06T12:39:11
SIREF,0.004078,2000000,2026-08-06T12:39:11
SIRG,0.0025,10000000,2026-08-06T12:39:11
SIRI,0.0034620000000000002,750000,2026-08-06T12:39:11
SISI,1.289434,45000,2026-08-06T12:39:11
SITC,0.004079,2500000,2026-08-06T12:39:11
SITE,0.002815,750000,2026-08-06T12:39:11
SITIY,0.032551000000000004,1000,2026-08-06T12:39:11
SITM,0.002782,350000,2026-08-06T12:39:11
SITS,0.0025,1100000,2026-08-06T12:39:11
SIVR,0.003293,1200000,2026-08-06T12:39:11
SIXA,0.051109999999999996,2000,2026-08-06T12:39:11
SIXD,0.330182,90000,2026-08-06T12:39:11
SIXD.OLD,0.7126739999999999,6000,2026-08-06T12:39:11
SIXF,0.158392,1000,2026-08-06T12:39:11
SIXH,0.084953,50000,2026-08-06T12:39:11
SIXJ,0.024746,3000,2026-08-06T12:39:11
SIXL,0.109679,25000,2026-08-06T12:39:11
SIXO,0.104267,30000,2026-08-06T12:39:11
SIXP,0.113739,200,2026-08-06T12:39:11
SIXS,0.056150000000000005,6000,2026-08-06T12:39:11
SIXWF,0.0025,300000,2026-08-06T12:39:11
SIXZ,0.18139500000000003,15000,2026-08-06T12:39:11
SIZE,0.016862,45000,2026-08-06T12:39:11
SJ,0.009223,850000,2026-08-06T12:39:11
SJB,0.011244,150000,2026-08-06T12:39:11
SJCP,0.132682,800,2026-08-06T12:39:11
SJLD,0.384364,900,2026-08-06T12:39:11
SJM,0.0025,550000,2026-08-06T12:39:11
SJMHY,0.004514000000000001,15000,2026-08-06T12:39:11
SJNK,0.008434,250000,2026-08-06T12:39:11
SJT,0.004846,400000,2026-08-06T12:39:11
SK,0.12141199999999999,100000,2026-08-06T12:39:11
SKAS,0.002782,25000,2026-08-06T12:39:11
SKAX,0.0025,40000,2026-08-06T12:39:11
SKBI,0.0025,150000,2026-08-06T12:39:11
SKBSY,0.05222,30000,2026-08-06T12:39:11
SKDD,1.713101,200000,2026-08-06T12:39:11
SKE,0.004132,2500000,2026-08-06T12:39:11
SKF,0.037773,45000,2026-08-06T12:39:11
SKFG,0.152976,150000,2026-08-06T12:39:11
SKFRY,0.01902,250000,2026-08-06T12:39:11
SKGO,0.0025,9300000,2026-08-06T12:39:11
SKHHY,0.036537,500000,2026-08-06T12:39:11
SKHL,1.6754609999999999,100000,2026-08-06T12:39:11
SKHN,0.021022,6000,2026-08-06T12:39:11
SKHRF,0.009834,25000,2026-08-06T12:39:11
SKHSY,0.085001,100000,2026-08-06T12:39:11
SKHU,1.229954,200000,2026-08-06T12:39:11
SKHX,0.914838,1000000,2026-08-06T12:39:11
SKHY,0.005827,6400000,2026-08-06T12:39:11
SKHZ,2.028722,10000,2026-08-06T12:39:11
SKIL,0.115774,300000,2026-08-06T12:39:11
SKIN,0.012804,1900000,2026-08-06T12:39:11
SKK,1.1694339999999999,200000,2026-08-06T12:39:11
SKKY,0.003246,15000,2026-08-06T12:39:11
SKLTY,0.143507,5000,2026-08-06T12:39:11
SKM,0.007946,2200000,2026-08-06T12:39:11
SKNSP,0.09751599999999999,1000,2026-08-06T12:39:11
SKNYQ,0.0025,1900000,2026-08-06T12:39:11
SKOR,0.039812,20000,2026-08-06T12:39:11
SKPI,0.0025,90000,2026-08-06T12:39:11
SKPO,0.0025,1500000,2026-08-06T12:39:11
SKRE,0.059614,20000,2026-08-06T12:39:11
SKRKF,0.037404,6000,2026-08-06T12:39:11
SKT,0.0025,1200000,2026-08-06T12:39:11
SKTO,0.0025,10000000,2026-08-06T12:39:11
SKUU,2.736972,2400000,2026-08-06T12:39:11
SKVI,0.0025,4000,2026-08-06T12:39:11
SKVY,0.0025,200000,2026-08-06T12:39:11
SKWD,0.002986,1000000,2026-08-06T12:39:11
SKY,0.002706,850000,2026-08-06T12:39:11
SKYA,0.006647999999999999,10000000,2026-08-06T12:39:11
SKYC,0.003239,1000,2026-08-06T12:39:11
SKYE,0.038158,650000,2026-08-06T12:39:11
SKYF,0.13194,10000000,2026-08-06T12:39:11
SKYH,0.009404000000000001,350000,2026-08-06T12:39:11
SKYH.OLD1,0.0025,25000,2026-08-06T12:39:11
SKYQ,1.7511850000000002,10000,2026-08-06T12:39:11
SKYU,0.10020699999999999,5000,2026-08-06T12:39:11
SKYW,0.0029049999999999996,400000,2026-08-06T12:39:11
SKYX,0.006693,2300000,2026-08-06T12:39:11
SKYY,0.017242999999999998,65000,2026-08-06T12:39:11
SLAB,0.002835,600000,2026-08-06T12:39:11
SLAIY,0.045884,450000,2026-08-06T12:39:11
SLAMF,0.016329,200,2026-08-06T12:39:11
SLAW,0.0025,400,2026-08-06T12:39:11
SLB,0.004081,10000000,2026-08-06T12:39:11
SLBK,0.035651,55000,2026-08-06T12:39:11
SLBT,5.661792,75000,2026-08-06T12:39:11
SLCH,0.0025,200000,2026-08-06T12:39:11
SLCJY,0.357301,200000,2026-08-06T12:39:11
SLCO,0.0025,4000,2026-08-06T12:39:11
SLDB,0.0041010000000000005,1300000,2026-08-06T12:39:11
SLDC,0.00328,8500000,2026-08-06T12:39:11
SLDE,0.003162,750000,2026-08-06T12:39:11
SLDP,0.004144,3000000,2026-08-06T12:39:11
SLDR,0.040670000000000005,300000,2026-08-06T12:39:11
SLDX,0.0025,200,2026-08-06T12:39:11
SLE,0.321533,55000,2026-08-06T12:39:11
SLF,0.004374,4400000,2026-08-06T12:39:11
SLFPY,0.0025,300,2026-08-06T12:39:11
SLG,0.003964,550000,2026-08-06T12:39:11
SLG PRI,0.10615500000000001,350000,2026-08-06T12:39:11
SLGB,8.37354,10000,2026-08-06T12:39:11
SLGI,0.0025,1900000,2026-08-06T12:39:11
SLGL,0.143321,300000,2026-08-06T12:39:11
SLGN,0.004135,700000,2026-08-06T12:39:11
SLGTQ,0.0025,150000,2026-08-06T12:39:11
SLGWQ,0.159489,2600000,2026-08-06T12:39:11
SLHGF,0.265104,900000,2026-08-06T12:39:11
SLHPF,0.0025,20000,2026-08-06T12:39:11
SLI,0.009341,2500000,2026-08-06T12:39:11
SLIO,0.0025,10000000,2026-08-06T12:39:11
SLJB,0.0025,2600000,2026-08-06T12:39:11
SLJY,0.045941,45000,2026-08-06T12:39:11
SLKEF,0.138045,15000,2026-08-06T12:39:11
SLLDY,0.035741,55000,2026-08-06T12:39:11
SLLN,0.0025,10000000,2026-08-06T12:39:11
SLLV,0.0025,40000,2026-08-06T12:39:11
SLM,0.004135,1500000,2026-08-06T12:39:11
SLMBP,0.117522,450000,2026-08-06T12:39:11
SLMNP,0.012254000000000001,8000,2026-08-06T12:39:11
SLMT,0.040404,300000,2026-08-06T12:39:11
SLMU,0.0025,100000,2026-08-06T12:39:11
SLMUF,0.01464,400,2026-08-06T12:39:11
SLN,0.0041789999999999996,850000,2026-08-06T12:39:11
SLNAF,0.33263,7600000,2026-08-06T12:39:11
SLND,0.125393,350000,2026-08-06T12:39:11
SLNG,0.074444,70000,2026-08-06T12:39:11
SLNH,0.047916,7700000,2026-08-06T12:39:11
SLNHP,1.079892,100000,2026-08-06T12:39:11
SLNM,0.0025,100,2026-08-06T12:39:11
SLNR,0.0025,9000,2026-08-06T12:39:11
SLNX,0.0025,6900000,2026-08-06T12:39:11
SLNZ,0.021294,25000,2026-08-06T12:39:11
SLOIY,0.025785,15000,2026-08-06T12:39:11
SLON,0.018931,20000,2026-08-06T12:39:11
SLP,0.00432,400000,2026-08-06T12:39:11
SLQD,0.022239,300000,2026-08-06T12:39:11
SLQT,0.007616,3000000,2026-08-06T12:39:11
SLRC,0.010766,550000,2026-08-06T12:39:11
SLRE,0.0025,15000,2026-08-06T12:39:11
SLRK,0.00821,55000,2026-08-06T12:39:11
SLRRF,0.039629,300000,2026-08-06T12:39:11
SLRW,0.0025,10000000,2026-08-06T12:39:11
SLRX.OLD1,0.0025,100000,2026-08-06T12:39:11
SLS,0.128886,450000,2026-08-06T12:39:11
SLSDF,0.0025,1000000,2026-08-06T12:39:11
SLSN,0.036064,150000,2026-08-06T12:39:11
SLSR,0.004135,1200000,2026-08-06T12:39:11
SLSZQ,0.0025,50000,2026-08-06T12:39:11
SLTA,0.0025,5800000,2026-08-06T12:39:11
SLTCY,0.040670000000000005,1000,2026-08-06T12:39:11
SLTY,0.054336999999999996,20000,2026-08-06T12:39:11
SLTZ,0.0025,60000,2026-08-06T12:39:11
SLV,0.004298,10000000,2026-08-06T12:39:11
SLVA,0.0025,55000,2026-08-06T12:39:11
SLVDF,0.057602,700000,2026-08-06T12:39:11
SLVM,0.003955,750000,2026-08-06T12:39:11
SLVO,0.018092999999999998,150000,2026-08-06T12:39:11
SLVP,0.004244,500000,2026-08-06T12:39:11
SLVR,0.002652,350000,2026-08-06T12:39:11
SLVRF,0.019416,2100000,2026-08-06T12:39:11
SLVTF,0.018132,2400000,2026-08-06T12:39:11
SLVX,0.301071,1000,2026-08-06T12:39:11
SLVYY,0.11103199999999999,35000,2026-08-06T12:39:11
SLX,0.043803,3000,2026-08-06T12:39:11
SLXN,2.42217,55000,2026-08-06T12:39:11
SLYG,0.009995,150000,2026-08-06T12:39:11
SLYV,0.0059830000000000005,150000,2026-08-06T12:39:11
SM,0.0030719999999999996,5800000,2026-08-06T12:39:11
SMA,0.004081,300000,2026-08-06T12:39:11
SMAA,0.0025,10000000,2026-08-06T12:39:11
SMAGF,0.012846999999999999,150000,2026-08-06T12:39:11
SMAL,0.159637,8000,2026-08-06T12:39:11
SMAS,0.0025,10000000,2026-08-06T12:39:11
SMAX,0.14892,25000,2026-08-06T12:39:11
SMAY,0.107255,600,2026-08-06T12:39:11
SMB,0.078084,15000,2026-08-06T12:39:11
SMBC,0.004081,100000,2026-08-06T12:39:11
SMBK,0.003713,1000000,2026-08-06T12:39:11
SMBMY,0.0025,2000,2026-08-06T12:39:11
SMBS,0.015207,45000,2026-08-06T12:39:11
SMC,0.023756,500000,2026-08-06T12:39:11
SMCAY,0.017877,300000,2026-08-06T12:39:11
SMCF,0.488902,900,2026-08-06T12:39:11
SMCI,0.004095,10000000,2026-08-06T12:39:11
SMCIP,0.01268,4600000,2026-08-06T12:39:11
SMCL,0.093306,250000,2026-08-06T12:39:11
SMCO,0.036821,20000,2026-08-06T12:39:11
SMCP,0.073145,1000,2026-08-06T12:39:11
SMCX,0.12185700000000001,2500000,2026-08-06T12:39:11
SMCY,0.052211,150000,2026-08-06T12:39:11
SMCZ,7.562895,15000,2026-08-06T12:39:11
SMDD,0.043087,25000,2026-08-06T12:39:11
SMDRF,0.294745,200000,2026-08-06T12:39:11
SMDV,0.038342999999999995,100000,2026-08-06T12:39:11
SMDZF,0.007127,650000,2026-08-06T12:39:11
SMERY,0.026066,750000,2026-08-06T12:39:11
SMEV,0.0025,2100000,2026-08-06T12:39:11
SMFG,0.007952,500000,2026-08-06T12:39:11
SMFL,0.045556,100000,2026-08-06T12:39:11
SMFX,0.0025,1000,2026-08-06T12:39:11
SMG,0.004118,600000,2026-08-06T12:39:11
SMGI,0.0025,10000,2026-08-06T12:39:11
SMGZY,0.036610000000000004,45000,2026-08-06T12:39:11
SMH,0.003259,2500000,2026-08-06T12:39:11
SMHB,0.09880000000000001,250000,2026-08-06T12:39:11
SMHC,0.14892,200000,2026-08-06T12:39:11
SMHI,0.006768,2800000,2026-08-06T12:39:11
SMHI.OLD1,0.0025,20000,2026-08-06T12:39:11
SMHX,0.007485,100000,2026-08-06T12:39:11
SMID,0.005417,65000,2026-08-06T12:39:11
SMIG,0.038176999999999996,85000,2026-08-06T12:39:11
SMIN,0.058427,200000,2026-08-06T12:39:11
SMIT,0.009834,15000,2026-08-06T12:39:11
SMIZ,0.059614,200000,2026-08-06T12:39:11
SMJF,0.8095950000000001,10000,2026-08-06T12:39:11
SMKG,0.0025,400000,2026-08-06T12:39:11
SMKY.OLD1,0.0025,300000,2026-08-06T12:39:11
SMLF,0.012578,200000,2026-08-06T12:39:11
SMLK,0.0025,9800000,2026-08-06T12:39:11
SMLL,0.003886,45000,2026-08-06T12:39:11
SMLV,0.002823,45000,2026-08-06T12:39:11
SMMD,0.015031000000000001,95000,2026-08-06T12:39:11
SMME,0.0025,10000000,2026-08-06T12:39:11
SMMNY,0.070675,50000,2026-08-06T12:39:11
SMMT,0.003838,10000000,2026-08-06T12:39:11
SMMT.OLD1,0.0025,10000000,2026-08-06T12:39:11
SMMU,0.025384000000000004,1000,2026-08-06T12:39:11
SMMV,0.016279,55000,2026-08-06T12:39:11
SMMYY,0.054387,750000,2026-08-06T12:39:11
SMN,0.466904,300,2026-08-06T12:39:11
SMNG,0.0025,1600000,2026-08-06T12:39:11
SMNNY,0.08491,75000,2026-08-06T12:39:11
SMNR,0.051414999999999995,300000,2026-08-06T12:39:11
SMOFF,0.057669,1300000,2026-08-06T12:39:11
SMOG,0.008195000000000001,4000,2026-08-06T12:39:11
SMOM,0.013077,1000,2026-08-06T12:39:11
SMOT,0.002782,90000,2026-08-06T12:39:11
SMOX,0.162992,2000,2026-08-06T12:39:11
SMP,0.004341,150000,2026-08-06T12:39:11
SMPL,0.004081,2400000,2026-08-06T12:39:11
SMPNY,0.065799,250000,2026-08-06T12:39:11
SMPP,0.0025,2,2026-08-06T12:39:11
SMR,0.003723,3000000,2026-08-06T12:39:11
SMREF,0.006854,750000,2026-08-06T12:39:11
SMRF,0.134269,30000,2026-08-06T12:39:11
SMRI,0.138593,1600000,2026-08-06T12:39:11
SMRL,0.0025,750000,2026-08-06T12:39:11
SMRS,0.0025,350000,2026-08-06T12:39:11
SMRT,0.005142,10000000,2026-08-06T12:39:11
SMRTQ.OLD,0.16189399999999998,6600000,2026-08-06T12:39:11
SMRVF,0.0025,9000,2026-08-06T12:39:11
SMSGY,0.012254000000000001,300000,2026-08-06T12:39:11
SMSI,0.015682,100000,2026-08-06T12:39:11
SMSMY,0.002782,6000,2026-08-06T12:39:11
SMST,1.271074,70000,2026-08-06T12:39:11
SMTC,0.004099,4300000,2026-08-06T12:39:11
SMTG,0.10593999999999999,4000,2026-08-06T12:39:11
SMTH,0.013073999999999999,2100000,2026-08-06T12:39:11
SMTI,0.005489000000000001,650000,2026-08-06T12:39:11
SMTK,0.629327,1200000,2026-08-06T12:39:11
SMTOY,0.029173,1100000,2026-08-06T12:39:11
SMU,0.208873,7000,2026-08-06T12:39:11
SMUP,0.202684,45000,2026-08-06T12:39:11
SMVI,0.0025,10000000,2026-08-06T12:39:11
SMVR,0.0025,350000,2026-08-06T12:39:11
SMWB,0.016102,1200000,2026-08-06T12:39:11
SMX,1.706291,7000,2026-08-06T12:39:11
SMXT,0.043805,1100000,2026-08-06T12:39:11
SMYY,0.054948,10000,2026-08-06T12:39:11
SMZ,0.361597,25000,2026-08-06T12:39:11
SN,0.002567,450000,2026-08-06T12:39:11
SNA,0.002782,400000,2026-08-06T12:39:11
SNAG,0.050142,200000,2026-08-06T12:39:11
SNAL,0.238488,9000,2026-08-06T12:39:11
SNANF,0.048622,55000,2026-08-06T12:39:11
SNAP,0.004082,10000000,2026-08-06T12:39:11
SNAVF,0.009877,1300000,2026-08-06T12:39:11
SNAX,0.07726,25000,2026-08-06T12:39:11
SNBH,0.0025,3000,2026-08-06T12:39:11
SNBRQ,0.453962,250000,2026-08-06T12:39:11
SNCAF,0.0046110000000000005,1200000,2026-08-06T12:39:11
SND,0.004548,1100000,2026-08-06T12:39:11
SNDA,0.003592,75000,2026-08-06T12:39:11
SNDC,0.153409,25000,2026-08-06T12:39:11
SNDD,0.0025,4400000,2026-08-06T12:39:11
SNDG,0.34241,750000,2026-08-06T12:39:11
SNDK,0.002782,2900000,2026-08-06T12:39:11
SNDL,0.003679,8900000,2026-08-06T12:39:11
SNDQ,0.411364,400000,2026-08-06T12:39:11
SNDR,0.004298,1500000,2026-08-06T12:39:11
SNDU,0.079375,25000,2026-08-06T12:39:11
SNDX,0.002547,1900000,2026-08-06T12:39:11
SNES,0.019539,150000,2026-08-06T12:39:11
SNEX,0.004084,1500000,2026-08-06T12:39:11
SNEY,0.0025,10000000,2026-08-06T12:39:11
SNFCA,0.004475,250000,2026-08-06T12:39:11
SNGCF,0.006254999999999999,500000,2026-08-06T12:39:11
SNGX,1.295453,2000000,2026-08-06T12:39:11
SNHO,0.0025,6,2026-08-06T12:39:11
SNIPF,0.0025,1300000,2026-08-06T12:39:11
SNK,0.6847570000000001,20000,2026-08-06T12:39:11
SNLAY,0.03777,1000,2026-08-06T12:39:11
SNLC,0.0025,300,2026-08-06T12:39:11
SNLGF,0.226294,3000,2026-08-06T12:39:11
SNMCY,0.34692100000000003,55000,2026-08-06T12:39:11
SNMN,0.0025,10000000,2026-08-06T12:39:11
SNMRY,0.14892,100000,2026-08-06T12:39:11
SNN,0.117729,9000,2026-08-06T12:39:11
SNNAF,0.026515,300000,2026-08-06T12:39:11
SNNAQ,0.0025,300000,2026-08-06T12:39:11
SNNC,0.059231,1000000,2026-08-06T12:39:11
SNNF,0.003317,20000,2026-08-06T12:39:11
SNOA,0.059614,450000,2026-08-06T12:39:11
SNOU,0.04001299999999999,45000,2026-08-06T12:39:11
SNOV,0.01902,30000,2026-08-06T12:39:11
SNOW,0.004081,3600000,2026-08-06T12:39:11
SNOY,0.073465,25000,2026-08-06T12:39:11
SNPE,0.032551000000000004,300000,2026-08-06T12:39:11
SNPHY,0.0025,6000,2026-08-06T12:39:11
SNPS,0.004081,2400000,2026-08-06T12:39:11
SNPW,0.003215,5000,2026-08-06T12:39:11
SNREQ,0.0025,3000,2026-08-06T12:39:11
SNRG,0.0033239999999999997,1300000,2026-08-06T12:39:11
SNRG.USD,0.0025,750000,2026-08-06T12:39:11
SNROY,0.113385,100,2026-08-06T12:39:11
SNRR,0.009834,650000,2026-08-06T12:39:11
SNRS,0.0025,10000000,2026-08-06T12:39:11
SNRV,0.0025,1200000,2026-08-06T12:39:11
SNRY,0.0025,550000,2026-08-06T12:39:11
SNSGF,0.0025,25000,2026-08-06T12:39:11
SNSR,0.016314,35000,2026-08-06T12:39:11
SNST,0.0025,300000,2026-08-06T12:39:11
SNT,0.051495,300000,2026-08-06T12:39:11
SNTAF,0.0025,500,2026-08-06T12:39:11
SNTG,0.32957099999999995,80000,2026-08-06T12:39:11
SNTH,0.461845,25000,2026-08-06T12:39:11
SNTI,0.06347,800000,2026-08-06T12:39:11
SNTL,0.133239,35000,2026-08-06T12:39:11
SNTX,0.009834,3200000,2026-08-06T12:39:11
SNTZ,0.0025,100,2026-08-06T12:39:11
SNVP,0.0025,10000000,2026-08-06T12:39:11
SNWGF,0.008,850000,2026-08-06T12:39:11
SNWR,0.0025,10000000,2026-08-06T12:39:11
SNWV,0.010177,1100000,2026-08-06T12:39:11
SNX,0.004081,1000000,2026-08-06T12:39:11
SNXX,0.044925,10000000,2026-08-06T12:39:11
SNY,0.0027150000000000004,3100000,2026-08-06T12:39:11
SNYR,0.683214,800000,2026-08-06T12:39:11
SO,0.004135,7600000,2026-08-06T12:39:11
SOAGY,0.10918900000000001,8000,2026-08-06T12:39:11
SOAR,0.118718,750000,2026-08-06T12:39:11
SOBGF,0.0025,300000,2026-08-06T12:39:11
SOBKY,0.031536,100000,2026-08-06T12:39:11
SOBO,0.00267,500000,2026-08-06T12:39:11
SOBR,3.80406,200000,2026-08-06T12:39:11
SOBS,0.10509299999999999,10000,2026-08-06T12:39:11
SOC,0.013982000000000001,7700000,2026-08-06T12:39:11
SOCA,0.012199999999999999,500000,2026-08-06T12:39:11
SOCAU,0.012199999999999999,250000,2026-08-06T12:39:11
SOCC,0.0025,300,2026-08-06T12:39:11
SOCGM,0.0025,1000,2026-08-06T12:39:11
SOCGP,0.0025,25000,2026-08-06T12:39:11
SOCL,0.015423,8000,2026-08-06T12:39:11
SODE,0.0025,900000,2026-08-06T12:39:11
SODI,0.178704,250000,2026-08-06T12:39:11
SOEN,0.0025,20000,2026-08-06T12:39:11
SOEZ,0.10291399999999999,35000,2026-08-06T12:39:11
SOFA,0.051281,25000,2026-08-06T12:39:11
SOFE,0.0025,20000,2026-08-06T12:39:11
SOFI,0.002599,10000000,2026-08-06T12:39:11
SOFO,0.06971,90000,2026-08-06T12:39:11
SOFR,0.046150000000000004,5000,2026-08-06T12:39:11
SOFX,0.066772,300000,2026-08-06T12:39:11
SOGFF,0.0025,850000,2026-08-06T12:39:11
SOGP,0.148679,550000,2026-08-06T12:39:11
SOHI,0.0025,450000,2026-08-06T12:39:11
SOHL,0.0025,100000,2026-08-06T12:39:11
SOHOB,0.307362,15000,2026-08-06T12:39:11
SOHON,0.067881,6000,2026-08-06T12:39:11
SOHOO,0.058545999999999994,5000,2026-08-06T12:39:11
SOHU,0.006431,350000,2026-08-06T12:39:11
SOHVY,0.142046,3000,2026-08-06T12:39:11
SOIS,0.0025,60000,2026-08-06T12:39:11
SOJC,0.024956,75000,2026-08-06T12:39:11
SOJD,0.027132,150000,2026-08-06T12:39:11
SOJE,0.011562,100000,2026-08-06T12:39:11
SOJF,0.030464,5000,2026-08-06T12:39:11
SOLBF,0.003107,100000,2026-08-06T12:39:11
SOLC,0.036610000000000004,4000,2026-08-06T12:39:11
SOLCF,0.033179,45000,2026-08-06T12:39:11
SOLI.OLD,0.0025,98,2026-08-06T12:39:11
SOLM,0.06762800000000001,3000,2026-08-06T12:39:11
SOLS,0.002782,2200000,2026-08-06T12:39:11
SOLT,0.051380999999999996,100000,2026-08-06T12:39:11
SOLU,0.0025,1000000,2026-08-06T12:39:11
SOLV,0.0026829999999999996,2400000,2026-08-06T12:39:11
SOLZ,0.035522,700000,2026-08-06T12:39:11
SOMC,0.178704,5000,2026-08-06T12:39:11
SOME,0.21387,40000,2026-08-06T12:39:11
SOMLY,0.013607000000000001,25000,2026-08-06T12:39:11
SOMMY,0.002782,2000,2026-08-06T12:39:11
SOMN,0.003408,400000,2026-08-06T12:39:11
SON,0.0041589999999999995,100000,2026-08-06T12:39:11
SONDQ,0.239132,1800000,2026-08-06T12:39:11
SONG,0.061738,5800000,2026-08-06T12:39:11
SONIF,0.06737,15000,2026-08-06T12:39:11
SONM,0.07303799999999999,85000,2026-08-06T12:39:11
SONO,0.0025,1400000,2026-08-06T12:39:11
SONT,0.0025,1000,2026-08-06T12:39:11
SONVY,0.017937,70000,2026-08-06T12:39:11
SONX,0.133239,20000,2026-08-06T12:39:11
SONX.OL1,0.0025,30000,2026-08-06T12:39:11
SONY,0.002711,4200000,2026-08-06T12:39:11
SOPAQ,0.053471000000000005,500000,2026-08-06T12:39:11
SOPH,0.044972000000000005,1000000,2026-08-06T12:39:11
SOPO,0.0025,1900000,2026-08-06T12:39:11
SOPV,0.0025,400000,2026-08-06T12:39:11
SOR,0.020373000000000002,4000,2026-08-06T12:39:11
SORA,0.421908,300000,2026-08-06T12:39:11
SORN,0.012199999999999999,1700000,2026-08-06T12:39:11
SORNU,0.012199999999999999,300,2026-08-06T12:39:11
SOS,0.049921,350000,2026-08-06T12:39:11
SOTGY,0.043376,3000,2026-08-06T12:39:11
SOTK,0.008195000000000001,150000,2026-08-06T12:39:11
SOUB,0.0033239999999999997,15000,2026-08-06T12:39:11
SOUHY,0.036471,450000,2026-08-06T12:39:11
SOUL,0.012199999999999999,300000,2026-08-06T12:39:11
SOUL U,0.032457,100,2026-08-06T12:39:11
SOUL.OLD,0.0025,1,2026-08-06T12:39:11
SOUM,0.0025,10000000,2026-08-06T12:39:11
SOUN,0.099564,550000,2026-08-06T12:39:11
SOUTF,0.104921,100000,2026-08-06T12:39:11
SOUX,0.21860600000000002,65000,2026-08-06T12:39:11
SOVF,0.072588,25000,2026-08-06T12:39:11
SOWG,0.301876,60000,2026-08-06T12:39:11
SOXL,0.04141,10000000,2026-08-06T12:39:11
SOXQ,0.007721,600000,2026-08-06T12:39:11
SOXS,0.074254,1900000,2026-08-06T12:39:11
SOXX,0.005312,1900000,2026-08-06T12:39:11
SOXY,0.045541,45000,2026-08-06T12:39:11
SOYB,0.020762,300000,2026-08-06T12:39:11
SOYL,0.0025,10000,2026-08-06T12:39:11
SOYO,0.0025,1500000,2026-08-06T12:39:11
SPAB,0.004947,1600000,2026-08-06T12:39:11
SPAG,0.0025,95000,2026-08-06T12:39:11
SPAI,0.026879,100000,2026-08-06T12:39:11
SPAIF,0.08354900000000001,85000,2026-08-06T12:39:11
SPAL,0.590377,65000,2026-08-06T12:39:11
SPAM,0.13187,10000,2026-08-06T12:39:11
SPARF,0.005183,350000,2026-08-06T12:39:11
SPAX,0.370544,150000,2026-08-06T12:39:11
SPB,0.004108,450000,2026-08-06T12:39:11
SPBC,0.092089,10000,2026-08-06T12:39:11
SPBO,0.019971000000000003,45000,2026-08-06T12:39:11
SPBU,0.6633410000000001,6000,2026-08-06T12:39:11
SPBV,0.0025,50000,2026-08-06T12:39:11
SPBW,0.072138,9000,2026-08-06T12:39:11
SPBX,0.152979,4000,2026-08-06T12:39:11
SPCB,0.026264,650000,2026-08-06T12:39:11
SPCE,0.031259999999999996,500000,2026-08-06T12:39:11
SPCF,0.434429,100000,2026-08-06T12:39:11
SPCG,0.718585,100000,2026-08-06T12:39:11
SPCH,0.247143,2300000,2026-08-06T12:39:11
SPCI,0.112803,30000,2026-08-06T12:39:11
SPCK,0.024432,6000,2026-08-06T12:39:11
SPCL,0.0025,10000,2026-08-06T12:39:11
SPCM,0.500562,150000,2026-08-06T12:39:11
SPCOQ,0.0025,85000,2026-08-06T12:39:11
SPCQ,0.695841,65000,2026-08-06T12:39:11
SPCU,0.6075849999999999,550000,2026-08-06T12:39:11
SPCX,0.10325100000000001,800000,2026-08-06T12:39:11
SPD,0.118322,70000,2026-08-06T12:39:11
SPDG,0.040670000000000005,1000,2026-08-06T12:39:11
SPDL,0.0025,6800000,2026-08-06T12:39:11
SPDN,0.049226,250000,2026-08-06T12:39:11
SPDV,0.056646999999999996,10000,2026-08-06T12:39:11
SPDW,0.004135,9700000,2026-08-06T12:39:11
SPE,0.013408,100000,2026-08-06T12:39:11
SPE PRC,0.14892,5000,2026-08-06T12:39:11
SPEC,0.220966,300000,2026-08-06T12:39:11
SPEG,0.007318,300000,2026-08-06T12:39:11
SPEGU,0.012199999999999999,500,2026-08-06T12:39:11
SPEM,0.003643,5600000,2026-08-06T12:39:11
SPEU,0.005489000000000001,90000,2026-08-06T12:39:11
SPFF,0.041469,100000,2026-08-06T12:39:11
SPFI,0.009075,200000,2026-08-06T12:39:11
SPFX,0.030813,3000,2026-08-06T12:39:11
SPFYF,0.048804,70000,2026-08-06T12:39:11
SPG,0.0025,3500000,2026-08-06T12:39:11
SPG PRJ,0.065882,5000,2026-08-06T12:39:11
SPGI,0.002782,2100000,2026-08-06T12:39:11
SPGM,0.002782,100000,2026-08-06T12:39:11
SPGP,0.015151,250000,2026-08-06T12:39:11
SPH,0.023069000000000003,400000,2026-08-06T12:39:11
SPHB,0.124853,30000,2026-08-06T12:39:11
SPHC,0.0025,400000,2026-08-06T12:39:11
SPHD,0.008137,450000,2026-08-06T12:39:11
SPHL,3.662936,1000,2026-08-06T12:39:11
SPHM,0.0025,250000,2026-08-06T12:39:11
SPHQ,0.004298,800000,2026-08-06T12:39:11
SPHR,0.0041470000000000005,250000,2026-08-06T12:39:11
SPHRY,0.0025,200,2026-08-06T12:39:11
SPHS,0.110924,650000,2026-08-06T12:39:11
SPHT,0.0025,500000,2026-08-06T12:39:11
SPHY,0.002782,3200000,2026-08-06T12:39:11
SPIB,0.002579,10000000,2026-08-06T12:39:11
SPIEQ,0.045556,400000,2026-08-06T12:39:11
SPIIY,0.0025,25000,2026-08-06T12:39:11
SPIN,0.075851,1000,2026-08-06T12:39:11
SPIP,0.023198,500000,2026-08-06T12:39:11
SPIR,0.023118,150000,2026-08-06T12:39:11
SPIR.OLD1,0.050142,10000,2026-08-06T12:39:11
SPIT,0.029980000000000003,7000,2026-08-06T12:39:11
SPKKY,0.021644,60000,2026-08-06T12:39:11
SPKL,0.029512,250000,2026-08-06T12:39:11
SPKOY,0.109679,2000,2026-08-06T12:39:11
SPLB,0.026067999999999997,1000000,2026-08-06T12:39:11
SPLM,0.0025,100000,2026-08-06T12:39:11
SPLS,0.057797999999999995,200,2026-08-06T12:39:11
SPLV,0.019412,950000,2026-08-06T12:39:11
SPMA,0.041703000000000004,45000,2026-08-06T12:39:11
SPMB,0.004929,800,2026-08-06T12:39:11
SPMC,0.06637900000000001,400000,2026-08-06T12:39:11
SPMD,0.009383,3400000,2026-08-06T12:39:11
SPME,0.049703,10000,2026-08-06T12:39:11
SPMEF,0.159914,1000,2026-08-06T12:39:11
SPMI,0.0025,500000,2026-08-06T12:39:11
SPMO,0.004135,1500000,2026-08-06T12:39:11
SPND,0.045033000000000004,9000,2026-08-06T12:39:11
SPNGQ,0.0025,10000000,2026-08-06T12:39:11
SPNI,0.0025,2000,2026-08-06T12:39:11
SPNRF,0.0025,15000,2026-08-06T12:39:11
SPNT,0.004103,1200000,2026-08-06T12:39:11
SPOFF,0.006119,500000,2026-08-06T12:39:11
SPOG,0.08567399999999999,10000,2026-08-06T12:39:11
SPOI,0.002782,1000,2026-08-06T12:39:11
SPOK,0.005709,600000,2026-08-06T12:39:11
SPOM,0.0033239999999999997,10000000,2026-08-06T12:39:11
SPONF,0.014379999999999999,10000000,2026-08-06T12:39:11
SPOT,0.00255,1200000,2026-08-06T12:39:11
SPOWF,0.0025,100000,2026-08-06T12:39:11
SPPH,0.0025,250000,2026-08-06T12:39:11
SPPJY,0.010519,200000,2026-08-06T12:39:11
SPPL,0.979309,150000,2026-08-06T12:39:11
SPPP,0.004135,3500000,2026-08-06T12:39:11
SPQS,0.0025,10000000,2026-08-06T12:39:11
SPRB,0.046973,300000,2026-08-06T12:39:11
SPRC,0.7398,10000,2026-08-06T12:39:11
SPRE,0.018012,25000,2026-08-06T12:39:11
SPRMF,0.045042,500000,2026-08-06T12:39:11
SPRN,0.0025,400000,2026-08-06T12:39:11
SPRO,0.004144999999999999,4400000,2026-08-06T12:39:11
SPRQF,0.022719999999999997,40000,2026-08-06T12:39:11
SPRS,0.178704,150000,2026-08-06T12:39:11
SPRU,0.004082,350000,2026-08-06T12:39:11
SPRV,0.0025,4100000,2026-08-06T12:39:11
SPRX,0.009299,100000,2026-08-06T12:39:11
SPRY,0.020026000000000002,350000,2026-08-06T12:39:11
SPSB,0.004532,1200000,2026-08-06T12:39:11
SPSC,0.002864,400000,2026-08-06T12:39:11
SPSK,0.035022000000000005,65000,2026-08-06T12:39:11
SPSM,0.004135,1000000,2026-08-06T12:39:11
SPSO,0.0025,700000,2026-08-06T12:39:11
SPST,0.0025,750000,2026-08-06T12:39:11
SPSTY,0.0025,3000,2026-08-06T12:39:11
SPT,0.003302,3800000,2026-08-06T12:39:11
SPTB,0.097501,25000,2026-08-06T12:39:11
SPTE,0.078995,250000,2026-08-06T12:39:11
SPTI,0.0040100000000000005,750000,2026-08-06T12:39:11
SPTK.OLD1,0.0025,60000,2026-08-06T12:39:11
SPTL,0.0027760000000000003,2200000,2026-08-06T12:39:11
SPTM,0.010423,950000,2026-08-06T12:39:11
SPTS,0.002868,1800000,2026-08-06T12:39:11
SPTX,0.056907,10000,2026-08-06T12:39:11
SPTY,0.107625,8000,2026-08-06T12:39:11
SPUC,0.119766,700000,2026-08-06T12:39:11
SPUS,0.027538,1300000,2026-08-06T12:39:11
SPUT,0.07359600000000001,100000,2026-08-06T12:39:11
SPUU,0.017694,80000,2026-08-06T12:39:11
SPVM,0.112385,75000,2026-08-06T12:39:11
SPWH,0.004568,2600000,2026-08-06T12:39:11
SPWO,0.040826,100000,2026-08-06T12:39:11
SPWR,0.075395,4300000,2026-08-06T12:39:11
SPXC,0.0025,1200000,2026-08-06T12:39:11
SPXCY,0.028957,65000,2026-08-06T12:39:11
SPXD,0.031874,1000,2026-08-06T12:39:11
SPXE,0.085204,150000,2026-08-06T12:39:11
SPXL,0.009479,400000,2026-08-06T12:39:11
SPXN,0.0034300000000000003,150000,2026-08-06T12:39:11
SPXS,0.10710000000000001,350000,2026-08-06T12:39:11
SPXT,0.063165,100000,2026-08-06T12:39:11
SPXU,0.065913,100000,2026-08-06T12:39:11
SPXV,0.028158,85000,2026-08-06T12:39:11
SPXX,0.013301,600000,2026-08-06T12:39:11
SPY,0.0025,6300000,2026-08-06T12:39:11
SPYA,0.120504,20000,2026-08-06T12:39:11
SPYC,0.047435,30000,2026-08-06T12:39:11
SPYD,0.004996,2300000,2026-08-06T12:39:11
SPYG,0.005131,1700000,2026-08-06T12:39:11
SPYH,0.04929,60000,2026-08-06T12:39:11
SPYI,0.004275999999999999,2900000,2026-08-06T12:39:11
SPYM,0.002782,10000000,2026-08-06T12:39:11
SPYQ,0.097501,8000,2026-08-06T12:39:11
SPYR,0.0025,3800000,2026-08-06T12:39:11
SPYT,0.011763999999999998,100000,2026-08-06T12:39:11
SPYU,0.122507,45000,2026-08-06T12:39:11
SPYV,0.004298,900000,2026-08-06T12:39:11
SPYX,0.005506,150000,2026-08-06T12:39:11
SQBGQ.OLD,0.004135,1000,2026-08-06T12:39:11
SQCC,0.01464,150000,2026-08-06T12:39:11
SQFT,0.27476,95000,2026-08-06T12:39:11
SQFTP,0.027264,100000,2026-08-06T12:39:11
SQM,0.003095,1800000,2026-08-06T12:39:11
SQMX,0.129171,1000,2026-08-06T12:39:11
SQNNY,1.145855,7000,2026-08-06T12:39:11
SQNS,0.021964,1300000,2026-08-06T12:39:11
SQQQ,0.051495,500000,2026-08-06T12:39:11
SQS,0.082286,95000,2026-08-06T12:39:11
SQUMQ,0.0025,300000,2026-08-06T12:39:11
SQZB,0.245555,450000,2026-08-06T12:39:11
SQZZF,0.0028160000000000004,4000,2026-08-06T12:39:11
SR,0.0025,800000,2026-08-06T12:39:11
SRAD,0.005337,2300000,2026-08-06T12:39:11
SRAFF,0.09913999999999999,650000,2026-08-06T12:39:11
SRAX,0.067631,250000,2026-08-06T12:39:11
SRBK,0.004974,150000,2026-08-06T12:39:11
SRBT,0.0025,1000,2026-08-06T12:39:11
SRCAF,0.0033239999999999997,700,2026-08-06T12:39:11
SRCE,0.004126,250000,2026-08-06T12:39:11
SRCGF,0.014919,550000,2026-08-06T12:39:11
SRCH,0.004135,900000,2026-08-06T12:39:11
SRCI.OLD1,0.0025,10000000,2026-08-06T12:39:11
SRCO,0.0025,300000,2026-08-06T12:39:11
SRCRF,0.016329,1100000,2026-08-06T12:39:11
SRE,0.0025,5400000,2026-08-06T12:39:11
SREA,0.063582,55000,2026-08-06T12:39:11
SRET,0.021925,150000,2026-08-06T12:39:11
SRFDF,0.0025,3100000,2026-08-06T12:39:11
SRFM,0.107747,1700000,2026-08-06T12:39:11
SRG,0.005397999999999999,3800000,2026-08-06T12:39:11
SRG PRA,0.269104,200000,2026-08-06T12:39:11
SRGE,0.0025,7400000,2026-08-06T12:39:11
SRGHY,0.047435,15000,2026-08-06T12:39:11
SRGXF,0.032589,200000,2026-08-06T12:39:11
SRGZ,0.11687099999999999,150000,2026-08-06T12:39:11
SRHQ,0.055217,25000,2026-08-06T12:39:11
SRHYY,0.149772,95000,2026-08-06T12:39:11
SRI,0.005679999999999999,950000,2026-08-06T12:39:11
SRJN,0.050664,20000,2026-08-06T12:39:11
SRKE,0.0033239999999999997,5000,2026-08-06T12:39:11
SRKZF,0.002782,350000,2026-08-06T12:39:11
SRL,0.070439,750000,2026-08-06T12:39:11
SRLN,0.005666,2000000,2026-08-06T12:39:11
SRLY,0.133239,300,2026-08-06T12:39:11
SRLZF,0.07464,1500000,2026-08-06T12:39:11
SRMX,0.0025,10000000,2026-08-06T12:39:11
SRNE,0.014638,4100000,2026-08-06T12:39:11
SRNG.OLD1,0.0025,55000,2026-08-06T12:39:11
SRNN,0.004081,35000,2026-08-06T12:39:11
SRNW,0.0025,55000,2026-08-06T12:39:11
SROI,0.14892,4000,2026-08-06T12:39:11
SROYF,0.041767000000000006,700000,2026-08-06T12:39:11
SRPT,0.002782,1500000,2026-08-06T12:39:11
SRPX,0.0025,40000,2026-08-06T12:39:11
SRRE,0.0025,850000,2026-08-06T12:39:11
SRRK,0.002533,350000,2026-08-06T12:39:11
SRRL,0.0025,100000,2026-08-06T12:39:11
SRS,0.21113600000000002,10000,2026-08-06T12:39:11
SRSCQ,0.088723,1700000,2026-08-06T12:39:11
SRSN,0.0025,200,2026-08-06T12:39:11
SRSR,0.0025,4000000,2026-08-06T12:39:11
SRTA,0.004114,1600000,2026-08-06T12:39:11
SRTOY,0.0025,15000,2026-08-06T12:39:11
SRTS,0.006521,1600000,2026-08-06T12:39:11
SRTTY,0.0025,1000,2026-08-06T12:39:11
SRTY,0.123061,100000,2026-08-06T12:39:11
SRU,0.0075,3000,2026-08-06T12:39:11
SRUP,0.0025,10000000,2026-08-06T12:39:11
SRUS,0.0025,20000,2026-08-06T12:39:11
SRUTF,0.0025,2200000,2026-08-06T12:39:11
SRUUF,0.028381,2400000,2026-08-06T12:39:11
SRV,0.016188,20000,2026-08-06T12:39:11
SRVR,0.043729,7000,2026-08-06T12:39:11
SRXH,0.48751,200000,2026-08-06T12:39:11
SRZN,0.014437,200000,2026-08-06T12:39:11
SSAAY,0.043376,6000,2026-08-06T12:39:11
SSAC,0.116445,150000,2026-08-06T12:39:11
SSB,0.004244,1000000,2026-08-06T12:39:11
SSBI,0.008159999999999999,90000,2026-08-06T12:39:11
SSBP,0.181951,25000,2026-08-06T12:39:11
SSCFF,0.0025,200000,2026-08-06T12:39:11
SSCP,0.039742,700,2026-08-06T12:39:11
SSD,0.004081,550000,2026-08-06T12:39:11
SSDOY,0.095432,100000,2026-08-06T12:39:11
SSEA,0.316707,85000,2026-08-06T12:39:11
SSEAU,0.01496,100,2026-08-06T12:39:11
SSER,0.0025,400,2026-08-06T12:39:11
SSEY,0.0025,2200000,2026-08-06T12:39:11
SSEZY,0.005489000000000001,250000,2026-08-06T12:39:11
SSG,0.19351,65000,2026-08-06T12:39:11
SSGC,0.143406,1000000,2026-08-06T12:39:11
SSGOF,0.0025,550000,2026-08-06T12:39:11
SSHSQ,0.0025,10000000,2026-08-06T12:39:11
SSII,0.135683,400000,2026-08-06T12:39:11
SSK,0.039119,800000,2026-08-06T12:39:11
SSKN,0.149476,100000,2026-08-06T12:39:11
SSL,0.008163,1000000,2026-08-06T12:39:11
SSLR,0.0025,20000,2026-08-06T12:39:11
SSLZY,0.056087,600000,2026-08-06T12:39:11
SSM,0.011229,10000,2026-08-06T12:39:11
SSMR,0.041345,100000,2026-08-06T12:39:11
SSMXY,0.043057,350000,2026-08-06T12:39:11
SSNC,0.004086,2800000,2026-08-06T12:39:11
SSO,0.007919,1900000,2026-08-06T12:39:11
SSOF,0.0025,3000000,2026-08-06T12:39:11
SSOK,0.0025,25000,2026-08-06T12:39:11
SSP,0.004642,400000,2026-08-06T12:39:11
SSPC,0.109679,1200000,2026-08-06T12:39:11
SSPC.USD,0.110924,200000,2026-08-06T12:39:11
SSPT,0.0025,5200000,2026-08-06T12:39:11
SSPY,0.036463999999999996,75000,2026-08-06T12:39:11
SSRC,0.002782,100000,2026-08-06T12:39:11
SSREY,0.04476,100000,2026-08-06T12:39:11
SSRM,0.004135,1800000,2026-08-06T12:39:11
SSRSF,0.0025,55000,2026-08-06T12:39:11
SST,0.8506,350000,2026-08-06T12:39:11
SSTI,0.006134,350000,2026-08-06T12:39:11
SSTK,0.008107,1900000,2026-08-06T12:39:11
SSTP,0.0025,600000,2026-08-06T12:39:11
SSTRF,0.019576,70000,2026-08-06T12:39:11
SSTT,0.0025,100000,2026-08-06T12:39:11
SSTU,0.0025,25000,2026-08-06T12:39:11
SSTY,0.0025,10000000,2026-08-06T12:39:11
SSUMY,0.004135,550000,2026-08-06T12:39:11
SSUNF,1.3193879999999998,900000,2026-08-06T12:39:11
SSUR.OLD,0.0025,4,2026-08-06T12:39:11
SSUS,0.051495,80000,2026-08-06T12:39:11
SSVFF,0.041636,4200000,2026-08-06T12:39:11
SSYRF,0.0025,150000,2026-08-06T12:39:11
SSYS,0.004135,1300000,2026-08-06T12:39:11
SSYT,0.0025,200000,2026-08-06T12:39:11
ST,0.004081,2200000,2026-08-06T12:39:11
STAA,0.0025,800000,2026-08-06T12:39:11
STAB,0.254695,600000,2026-08-06T12:39:11
STAFQ,0.0025,45000,2026-08-06T12:39:11
STAG,0.002782,5000000,2026-08-06T12:39:11
STAI,0.292366,100000,2026-08-06T12:39:11
STAI.OLD1,0.0025,5000,2026-08-06T12:39:11
STAK,3.41807,500000,2026-08-06T12:39:11
STAX,0.14892,10000,2026-08-06T12:39:11
STAX.OLD1,0.0025,1000,2026-08-06T12:39:11
STBA,0.0025,200000,2026-08-06T12:39:11
STBF,0.120504,2000,2026-08-06T12:39:11
STBFY,0.010132,450000,2026-08-06T12:39:11
STBGY,0.006842,4000,2026-08-06T12:39:11
STBI,0.20630700000000002,30000,2026-08-06T12:39:11
STBK,0.0025,65000,2026-08-06T12:39:11
STBV,0.0025,25000,2026-08-06T12:39:11
STBXF,0.323647,20000,2026-08-06T12:39:11
STC,0.003828,450000,2026-08-06T12:39:11
STCB,0.0487,400000,2026-08-06T12:39:11
STCC,0.0025,10000,2026-08-06T12:39:11
STCE,0.016003,100000,2026-08-06T12:39:11
STCO,0.0025,3000,2026-08-06T12:39:11
STCUF,0.04887,1400000,2026-08-06T12:39:11
STCXF,0.0025,1000,2026-08-06T12:39:11
STDE,0.0025,250000,2026-08-06T12:39:11
STDN,0.193208,55000,2026-08-06T12:39:11
STE,0.002969,1100000,2026-08-06T12:39:11
STEK,0.0025,10000000,2026-08-06T12:39:11
STEM,0.00804,300000,2026-08-06T12:39:11
STEN,0.024432,10000,2026-08-06T12:39:11
STEP,0.0025,1100000,2026-08-06T12:39:11
STEV,0.0025,2800000,2026-08-06T12:39:11
STEW,0.029599,800000,2026-08-06T12:39:11
STEX,0.06712,250000,2026-08-06T12:39:11
STFS,4.998534,2000,2026-08-06T12:39:11
STG,0.6400589999999999,150000,2026-08-06T12:39:11
STGW,0.002656,900000,2026-08-06T12:39:11
STGZ,0.0033239999999999997,2000000,2026-08-06T12:39:11
STHC,0.0025,1400000,2026-08-06T12:39:11
STHH,0.034409999999999996,10000,2026-08-06T12:39:11
STHI,0.0025,300000,2026-08-06T12:39:11
STHO,0.0051849999999999995,800000,2026-08-06T12:39:11
STHRF,0.014268000000000001,150000,2026-08-06T12:39:11
STHZF,0.071536,600000,2026-08-06T12:39:11
STI,0.896139,550000,2026-08-06T12:39:11
STIE,0.0025,15000,2026-08-06T12:39:11
STIFF,0.0033239999999999997,55000,2026-08-06T12:39:11
STIM,0.032045,10000000,2026-08-06T12:39:11
STIP,0.004117,600000,2026-08-06T12:39:11
STIV,0.0025,2200000,2026-08-06T12:39:11
STIXF,0.0025,400,2026-08-06T12:39:11
STJC,0.0025,15000,2026-08-06T12:39:11
STJO,0.0025,25000,2026-08-06T12:39:11
STK,0.00856,100000,2026-08-06T12:39:11
STKE,0.055594000000000005,700000,2026-08-06T12:39:11
STKH,9.336110999999999,5000,2026-08-06T12:39:11
STKS,0.005134,450000,2026-08-06T12:39:11
STKXF,0.027249,650000,2026-08-06T12:39:11
STLA,0.006617,1400000,2026-08-06T12:39:11
STLD,0.002524,1300000,2026-08-06T12:39:11
STLE,0.10563499999999999,5000,2026-08-06T12:39:11
STLJF,0.003478,150000,2026-08-06T12:39:11
STLN,0.004086,10000000,2026-08-06T12:39:11
STLNF,0.024710999999999997,10000,2026-08-06T12:39:11
STLRF,0.061040000000000004,80000,2026-08-06T12:39:11
STLT,0.0025,65000,2026-08-06T12:39:11
STLU,1.6075890000000002,1000,2026-08-06T12:39:11
STLY,0.0025,5000,2026-08-06T12:39:11
STM,0.004134,4900000,2026-08-06T12:39:11
STMC,0.0025,3300000,2026-08-06T12:39:11
STMDF,0.0025,45000,2026-08-06T12:39:11
STME,0.0025,20000,2026-08-06T12:39:11
STMGF,0.0025,400000,2026-08-06T12:39:11
STMH,0.0025,5000,2026-08-06T12:39:11
STN,0.00297,1000000,2026-08-06T12:39:11
STNC,0.0025,10000,2026-08-06T12:39:11
STNE,0.002551,5400000,2026-08-06T12:39:11
STNG,0.003826,1100000,2026-08-06T12:39:11
STNRF,0.171824,95000,2026-08-06T12:39:11
STOCF,0.0025,450000,2026-08-06T12:39:11
STOK,0.004085,2500000,2026-08-06T12:39:11
STOT,0.017647,65000,2026-08-06T12:39:11
STOX,0.060986000000000005,15000,2026-08-06T12:39:11
STOY,0.0025,1200000,2026-08-06T12:39:11
STPGF,0.030351,70000,2026-08-06T12:39:11
STPZ,0.031058,200000,2026-08-06T12:39:11
STQN,0.0025,300,2026-08-06T12:39:11
STRA,0.0025,200000,2026-08-06T12:39:11
STRC,0.004809,4900000,2026-08-06T12:39:11
STRD,0.018896,750000,2026-08-06T12:39:11
STRF,0.051882000000000005,250000,2026-08-06T12:39:11
STRH,0.0025,2200000,2026-08-06T12:39:11
STRK,0.045781999999999996,750000,2026-08-06T12:39:11
STRL,0.0025,400000,2026-08-06T12:39:11
STRN,0.075198,10000,2026-08-06T12:39:11
STRNY,0.128871,40000,2026-08-06T12:39:11
STRO,0.005386999999999999,250000,2026-08-06T12:39:11
STRPF,0.089333,55000,2026-08-06T12:39:11
STRR,0.029816,650000,2026-08-06T12:39:11
STRRP,0.07868,200000,2026-08-06T12:39:11
STRS,0.006966,200000,2026-08-06T12:39:11
STRT,0.005489000000000001,100000,2026-08-06T12:39:11
STRW,0.031198,550000,2026-08-06T12:39:11
STRZ,0.004099,1600000,2026-08-06T12:39:11
STSBF,0.157494,55000,2026-08-06T12:39:11
STSC.OLD,0.0025,1,2026-08-06T12:39:11
STSM,2.584545,45000,2026-08-06T12:39:11
STSN,0.008467,2600000,2026-08-06T12:39:11
STT,0.0025,3400000,2026-08-06T12:39:11
STT PRG,0.038675,150000,2026-08-06T12:39:11
STTDF,0.003522,300000,2026-08-06T12:39:11
STTH,0.0025,95000,2026-08-06T12:39:11
STTK,0.004082,1500000,2026-08-06T12:39:11
STTO,0.0025,100000,2026-08-06T12:39:11
STTX,0.002782,700000,2026-08-06T12:39:11
STUB,0.004477,6700000,2026-08-06T12:39:11
STUO,0.0025,1000,2026-08-06T12:39:11
STVN,0.004463,500000,2026-08-06T12:39:11
STWC,0.0025,10000000,2026-08-06T12:39:11
STWD,0.0038369999999999997,6200000,2026-08-06T12:39:11
STWSQ,0.0025,500000,2026-08-06T12:39:11
STX,0.002782,2100000,2026-08-06T12:39:11
STXD,0.048681999999999996,2000,2026-08-06T12:39:11
STXE,0.042933000000000006,50000,2026-08-06T12:39:11
STXF,0.008123,250000,2026-08-06T12:39:11
STXG,0.092089,25000,2026-08-06T12:39:11
STXK,0.051067999999999995,55000,2026-08-06T12:39:11
STXL,0.074498,100000,2026-08-06T12:39:11
STXMF,0.0025,100,2026-08-06T12:39:11
STXPF,0.037437,65000,2026-08-06T12:39:11
STXS,0.009121,7700000,2026-08-06T12:39:11
STXT,0.041679,35000,2026-08-06T12:39:11
STXU,0.170732,45000,2026-08-06T12:39:11
STXV,0.040670000000000005,80000,2026-08-06T12:39:11
STXX,0.11558199999999999,30000,2026-08-06T12:39:11
STXXQ,0.0025,100000,2026-08-06T12:39:11
STYS,0.0025,10000,2026-08-06T12:39:11
STZ,0.002624,1000000,2026-08-06T12:39:11
SU,0.0031969999999999998,10000000,2026-08-06T12:39:11
SUB,0.042023000000000005,80000,2026-08-06T12:39:11
SUBB,0.0025,30000,2026-08-06T12:39:11
SUBCY,0.003352,250000,2026-08-06T12:39:11
SUFH,0.0025,2700000,2026-08-06T12:39:11
SUGP,0.686587,75000,2026-08-06T12:39:11
SUGRF,0.008145,200000,2026-08-06T12:39:11
SUHJY,0.027586,800000,2026-08-06T12:39:11
SUI,0.004143,1100000,2026-08-06T12:39:11
SUIC,0.0025,4000,2026-08-06T12:39:11
SUIG,0.002782,2800000,2026-08-06T12:39:11
SUIL,1.124627,4000,2026-08-06T12:39:11
SUIS,0.052009999999999994,400,2026-08-06T12:39:11
SUJA,0.082213,300000,2026-08-06T12:39:11
SUMA,0.0033239999999999997,800000,2026-08-06T12:39:11
SUMAU,0.012199999999999999,1000,2026-08-06T12:39:11
SUME,0.0025,200,2026-08-06T12:39:11
SUMMF,0.026071,10000,2026-08-06T12:39:11
SUN,0.008582,1300000,2026-08-06T12:39:11
SUNB,0.004144999999999999,300000,2026-08-06T12:39:11
SUNC,0.004081,600000,2026-08-06T12:39:11
SUND,0.0025,8000,2026-08-06T12:39:11
SUNE,5.413929,95000,2026-08-06T12:39:11
SUNPF,0.010565,150000,2026-08-06T12:39:11
SUNR,0.0025,500000,2026-08-06T12:39:11
SUNS,0.008822,250000,2026-08-06T12:39:11
SUNWQ,0.0025,2400000,2026-08-06T12:39:11
SUNXF,0.151432,30000,2026-08-06T12:39:11
SUOPY,0.069637,8000,2026-08-06T12:39:11
SUPL,0.043403,1000,2026-08-06T12:39:11
SUPN,0.002902,1500000,2026-08-06T12:39:11
SUPP,0.029845,100,2026-08-06T12:39:11
SUPV,0.042381,2500000,2026-08-06T12:39:11
SUPX,0.182089,1700000,2026-08-06T12:39:11
SURC,0.0025,500,2026-08-06T12:39:11
SURE,0.161133,500,2026-08-06T12:39:11
SURE.OLD1,0.0025,8100000,2026-08-06T12:39:11
SURG,0.8525449999999999,250000,2026-08-06T12:39:11
SURI,0.051355000000000005,1000,2026-08-06T12:39:11
SURMF,0.003988,400000,2026-08-06T12:39:11
SURP,0.0025,5600000,2026-08-06T12:39:11
SURRY,0.116445,8000,2026-08-06T12:39:11
SURY,0.0025,800000,2026-08-06T12:39:11
SUSA,0.003198,60000,2026-08-06T12:39:11
SUSAR,0.0025,1000,2026-08-06T12:39:11
SUSB,0.028492000000000003,300,2026-08-06T12:39:11
SUSC,0.032901,750000,2026-08-06T12:39:11
SUSL,0.028582999999999997,100000,2026-08-06T12:39:11
SUTI,0.0025,10000000,2026-08-06T12:39:11
SUTNY,0.034447,700000,2026-08-06T12:39:11
SUUFF,0.008003,200000,2026-08-06T12:39:11
SUZ,0.010704,200000,2026-08-06T12:39:11
SVA,0.006031,3300000,2026-08-06T12:39:11
SVAL,0.043166,25000,2026-08-06T12:39:11
SVAQ,0.012254000000000001,550000,2026-08-06T12:39:11
SVAQU,0.012199999999999999,100,2026-08-06T12:39:11
SVB.FT,0.013499,7500000,2026-08-06T12:39:11
SVBL,0.020987,40000,2026-08-06T12:39:11
SVBT,0.075851,10000,2026-08-06T12:39:11
SVC,0.010465,8700000,2026-08-06T12:39:11
SVCC,0.012199999999999999,550000,2026-08-06T12:39:11
SVCCU,0.013607000000000001,100,2026-08-06T12:39:11
SVCO,0.008466,400000,2026-08-06T12:39:11
SVCX,0.0025,90000,2026-08-06T12:39:11
SVFC.OLD1,0.0025,10000000,2026-08-06T12:39:11
SVGAF,0.125867,150000,2026-08-06T12:39:11
SVIN,0.0025,10000,2026-08-06T12:39:11
SVIV,0.014058,1500000,2026-08-06T12:39:11
SVIVU,0.016205,10000,2026-08-06T12:39:11
SVIX,0.089324,650000,2026-08-06T12:39:11
SVLT,0.0025,300,2026-08-06T12:39:11
SVM,0.00392,350000,2026-08-06T12:39:11
SVMB,0.0025,9000,2026-08-06T12:39:11
SVMFF,0.029295,25000,2026-08-06T12:39:11
SVMI,0.0025,6600000,2026-08-06T12:39:11
SVNBY,0.0025,500,2026-08-06T12:39:11
SVNDY,0.032934,200000,2026-08-06T12:39:11
SVNLY,0.011832,250000,2026-08-06T12:39:11
SVOL,0.005194,1500000,2026-08-06T12:39:11
SVRA,0.004208,400000,2026-08-06T12:39:11
SVRE,2.617471,60000,2026-08-06T12:39:11
SVRN,0.9257940000000001,50000,2026-08-06T12:39:11
SVRSF,0.025819,10000000,2026-08-06T12:39:11
SVRTY,0.0025,8000,2026-08-06T12:39:11
SVSE,0.0025,200000,2026-08-06T12:39:11
SVSN,0.0025,950000,2026-08-06T12:39:11
SVTE,0.0025,10000000,2026-08-06T12:39:11
SVTNF,0.07375,500000,2026-08-06T12:39:11
SVUHF,0.343827,200000,2026-08-06T12:39:11
SVV,0.00409,2300000,2026-08-06T12:39:11
SVVC,0.0025,75000,2026-08-06T12:39:11
SVXA,0.0025,30000,2026-08-06T12:39:11
SVXY,0.035068999999999996,80000,2026-08-06T12:39:11
SW,0.002835,2800000,2026-08-06T12:39:11
SWAG,0.029801,750000,2026-08-06T12:39:11
SWAN,0.003067,100000,2026-08-06T12:39:11
SWBI,0.0040550000000000004,900000,2026-08-06T12:39:11
SWCC,0.0025,450000,2026-08-06T12:39:11
SWDBY,0.018829,100000,2026-08-06T12:39:11
SWEE.OLD,0.0025,1000,2026-08-06T12:39:11
SWGAY,0.042969999999999994,350000,2026-08-06T12:39:11
SWIM,0.004137,850000,2026-08-06T12:39:11
SWISF,0.01199,8500000,2026-08-06T12:39:11
SWK,0.002763,1200000,2026-08-06T12:39:11
SWKHL,0.052461,80000,2026-08-06T12:39:11
SWKS,0.004913,200000,2026-08-06T12:39:11
SWLFF,0.073646,95000,2026-08-06T12:39:11
SWME,0.0025,1800000,2026-08-06T12:39:11
SWMR,0.65535,250000,2026-08-06T12:39:11
SWNM,0.0025,100000,2026-08-06T12:39:11
SWP,0.038492,1000,2026-08-06T12:39:11
SWRAY,0.006991000000000001,300000,2026-08-06T12:39:11
SWRBY,0.094795,8000,2026-08-06T12:39:11
SWRD,0.133239,6000,2026-08-06T12:39:11
SWRI,0.0025,1000,2026-08-06T12:39:11
SWRM,0.0025,10000000,2026-08-06T12:39:11
SWSSU,0.061794,1000,2026-08-06T12:39:11
SWVI,0.0025,850000,2026-08-06T12:39:11
SWVL,0.7272150000000001,500000,2026-08-06T12:39:11
SWX,0.004081,1600000,2026-08-06T12:39:11
SWYDF,0.11375400000000001,4200000,2026-08-06T12:39:11
SWZ,0.003397,600000,2026-08-06T12:39:11
SXC,0.004117,4500000,2026-08-06T12:39:11
SXGCF,0.020397,100000,2026-08-06T12:39:11
SXI,0.002652,200000,2026-08-06T12:39:11
SXNTF,0.044644,350000,2026-08-06T12:39:11
SXOOF,0.04062,1600000,2026-08-06T12:39:11
SXQG,0.095055,1000,2026-08-06T12:39:11
SXT,0.004081,600000,2026-08-06T12:39:11
SXTC,4.424879000000001,25000,2026-08-06T12:39:11
SXTP,0.500509,15000,2026-08-06T12:39:11
SXYAY,0.089293,150000,2026-08-06T12:39:11
SY,0.014886,7200000,2026-08-06T12:39:11
SYAI,0.0025,55000,2026-08-06T12:39:11
SYBE,0.0025,45000,2026-08-06T12:39:11
SYBT,0.0025,250000,2026-08-06T12:39:11
SYBX,0.027135,450000,2026-08-06T12:39:11
SYEV,0.0025,3000,2026-08-06T12:39:11
SYF,0.004081,3900000,2026-08-06T12:39:11
SYF PRA,0.025892,1000000,2026-08-06T12:39:11
SYF PRB,0.029845,200000,2026-08-06T12:39:11
SYFI,0.082581,100000,2026-08-06T12:39:11
SYGCF,0.09807,200000,2026-08-06T12:39:11
SYHBF,0.016889,1500000,2026-08-06T12:39:11
SYHMY,0.10933299999999999,3000,2026-08-06T12:39:11
SYIEY,0.051685999999999996,100000,2026-08-06T12:39:11
SYK,0.003562,2500000,2026-08-06T12:39:11
SYLD,0.003751,90000,2026-08-06T12:39:11
SYM,0.004136,750000,2026-08-06T12:39:11
SYNA,0.004091,1600000,2026-08-06T12:39:11
SYNE,0.0025,5000,2026-08-06T12:39:11
SYNJ,0.0025,45000,2026-08-06T12:39:11
SYNTF,0.017299,2000,2026-08-06T12:39:11
SYNX,0.10918900000000001,250000,2026-08-06T12:39:11
SYPR,0.018289,300000,2026-08-06T12:39:11
SYRA,0.032566000000000005,350000,2026-08-06T12:39:11
SYRE,0.0025,1100000,2026-08-06T12:39:11
SYRS,0.520774,600000,2026-08-06T12:39:11
SYSB,0.042023000000000005,35000,2026-08-06T12:39:11
SYSX.OLD,0.0025,100000,2026-08-06T12:39:11
SYUP,0.0025,200,2026-08-06T12:39:11
SYVC,0.0025,40000,2026-08-06T12:39:11
SYVN,0.0025,200000,2026-08-06T12:39:11
SYY,0.0025,7300000,2026-08-06T12:39:11
SYYNY,0.110924,4000,2026-08-06T12:39:11
SYZ,0.097471,45000,2026-08-06T12:39:11
SZGPY,0.036159,2000,2026-08-06T12:39:11
SZK,0.05276,600,2026-08-06T12:39:11
SZKMY,0.059474,100000,2026-08-06T12:39:11
SZLMY,1.190145,25000,2026-08-06T12:39:11
SZZL,0.65251,850000,2026-08-06T12:39:11
SZZLU,0.203045,500,2026-08-06T12:39:11
T,0.0025,10000000,2026-08-06T12:39:11
T PRA,0.020373000000000002,200000,2026-08-06T12:39:11
T PRC,0.018668,350000,2026-08-06T12:39:11
TAAG,0.133239,100000,2026-08-06T12:39:11
TAC,0.006712,10000000,2026-08-06T12:39:11
TACH,0.012199999999999999,150000,2026-08-06T12:39:11
TACHU,0.059614,200,2026-08-06T12:39:11
TACI,0.0025,300,2026-08-06T12:39:11
TACK,0.11419,10000,2026-08-06T12:39:11
TACN,0.143507,5000,2026-08-06T12:39:11
TACO,0.012254000000000001,950000,2026-08-06T12:39:11
TACOU,0.012199999999999999,15000,2026-08-06T12:39:11
TACT,0.049342,350000,2026-08-06T12:39:11
TADF,0.0025,10000000,2026-08-06T12:39:11
TAEC,0.0025,2900000,2026-08-06T12:39:11
TAER,0.0025,3000,2026-08-06T12:39:11
TAFI,0.011921999999999999,150000,2026-08-06T12:39:11
TAFL,0.10156000000000001,40000,2026-08-06T12:39:11
TAFM,0.66852,20000,2026-08-06T12:39:11
TAGE,0.0025,20000,2026-08-06T12:39:11
TAGG,0.036610000000000004,150000,2026-08-06T12:39:11
TAGG.OLD1,0.132682,10000000,2026-08-06T12:39:11
TAGP,0.139734,20000,2026-08-06T12:39:11
TAGS,0.052249,7000,2026-08-06T12:39:11
TAIL,0.007847,200000,2026-08-06T12:39:11
TAIT,0.039061,150000,2026-08-06T12:39:11
TAK,0.004135,4500000,2026-08-06T12:39:11
TAKD,0.0025,100000,2026-08-06T12:39:11
TAKOF,0.22214099999999998,350000,2026-08-06T12:39:11
TAL,0.018343,8000000,2026-08-06T12:39:11
TALK,0.003432,10000000,2026-08-06T12:39:11
TALK.OLD1,0.0025,10000000,2026-08-06T12:39:11
TALN,0.0025,250000,2026-08-06T12:39:11
TALO,0.0033350000000000003,2400000,2026-08-06T12:39:11
TALR,0.0025,15000,2026-08-06T12:39:11
TAMO,0.0025,1300000,2026-08-06T12:39:11
TAN,0.039169,100000,2026-08-06T12:39:11
TANAF,0.0025,40000,2026-08-06T12:39:11
TANH,0.108721,70000,2026-08-06T12:39:11
TAOIF,0.010525,150000,2026-08-06T12:39:11
TAON,0.0025,700,2026-08-06T12:39:11
TAOP,0.382401,150000,2026-08-06T12:39:11
TAOX,0.047252,300000,2026-08-06T12:39:11
TAP,0.003858,1200000,2026-08-06T12:39:11
TAP A,0.003407,1000,2026-08-06T12:39:11
TAPR,0.100162,30000,2026-08-06T12:39:11
TAQR.OLD,0.0025,200,2026-08-06T12:39:11
TARA,0.0041270000000000005,2500000,2026-08-06T12:39:11
TARK,0.047577,10000,2026-08-06T12:39:11
TARRQ,0.014795,1500000,2026-08-06T12:39:11
TARS,0.003468,800000,2026-08-06T12:39:11
TARSF,0.030878000000000003,650000,2026-08-06T12:39:11
TASK,0.006934,500000,2026-08-06T12:39:11
TATT,0.019192,40000,2026-08-06T12:39:11
TATYY,0.0025,300,2026-08-06T12:39:11
TAUG,0.0025,3100000,2026-08-06T12:39:11
TAVHY,0.006842,100000,2026-08-06T12:39:11
TAVIU,0.012199999999999999,200,2026-08-06T12:39:11
TAX,0.040670000000000005,100000,2026-08-06T12:39:11
TAXF,0.09635999999999999,150000,2026-08-06T12:39:11
TAXS,0.10020699999999999,500,2026-08-06T12:39:11
TAXSQ,0.0025,75000,2026-08-06T12:39:11
TAXX,0.031301,350000,2026-08-06T12:39:11
TAYD,0.018705,50000,2026-08-06T12:39:11
TAYO,0.0025,5000,2026-08-06T12:39:11
TBB,0.034529000000000004,600000,2026-08-06T12:39:11
TBBA,0.003269,10000,2026-08-06T12:39:11
TBBB,0.0028299999999999996,500000,2026-08-06T12:39:11
TBBC,0.0025,40000,2026-08-06T12:39:11
TBBC.OLD1,0.0025,300000,2026-08-06T12:39:11
TBBK,0.004708,1000000,2026-08-06T12:39:11
TBCH,0.004830999999999999,500000,2026-08-06T12:39:11
TBEV,0.0025,10000000,2026-08-06T12:39:11
TBF,0.031469,100000,2026-08-06T12:39:11
TBFG,0.043348000000000005,70000,2026-08-06T12:39:11
TBG,0.035257000000000004,100000,2026-08-06T12:39:11
TBI,0.023212999999999998,1600000,2026-08-06T12:39:11
TBII,0.0025,300000,2026-08-06T12:39:11
TBIL,0.004298,1200000,2026-08-06T12:39:11
TBIO,5.187564999999999,10000,2026-08-06T12:39:11
TBJL,0.0035399999999999997,1000,2026-08-06T12:39:11
TBLA,0.00426,4500000,2026-08-06T12:39:11
TBLD,0.016855,4000,2026-08-06T12:39:11
TBLL,0.009548,300000,2026-08-06T12:39:11
TBLT.OLD,0.41413200000000006,1000,2026-08-06T12:39:11
TBLU,0.044188,45000,2026-08-06T12:39:11
TBN,0.020717,1400000,2026-08-06T12:39:11
TBNGY,0.142314,90000,2026-08-06T12:39:11
TBPH,0.018265,1300000,2026-08-06T12:39:11
TBPMQ,0.141357,2200000,2026-08-06T12:39:11
TBRIF,0.029586,30000,2026-08-06T12:39:11
TBT,0.055822000000000004,75000,2026-08-06T12:39:11
TBTC,0.0025,100000,2026-08-06T12:39:11
TBUX,0.007226,10000,2026-08-06T12:39:11
TBX,0.606502,900,2026-08-06T12:39:11
TBXU,0.015489,200,2026-08-06T12:39:11
TBXXF,0.011482000000000001,6400000,2026-08-06T12:39:11
TC,9.331608,60000,2026-08-06T12:39:11
TCAF,0.008186,1900000,2026-08-06T12:39:11
TCAI,0.158924,150000,2026-08-06T12:39:11
TCAL,0.026682,200000,2026-08-06T12:39:11
TCAN,0.27278199999999997,900,2026-08-06T12:39:11
TCBG,0.0025,100000,2026-08-06T12:39:11
TCBI,0.0036220000000000002,950000,2026-08-06T12:39:11
TCBIO,0.092628,90000,2026-08-06T12:39:11
TCBK,0.006353,800000,2026-08-06T12:39:11
TCBS,0.032551000000000004,25000,2026-08-06T12:39:11
TCBX,0.00409,550000,2026-08-06T12:39:11
TCCC,0.0025,50000,2026-08-06T12:39:11
TCCO,1.000971,6000,2026-08-06T12:39:11
TCEC,0.0025,10000,2026-08-06T12:39:11
TCEFF,0.002782,35000,2026-08-06T12:39:11
TCEHY,0.002714,4100000,2026-08-06T12:39:11
TCGI,0.0025,200000,2026-08-06T12:39:11
TCGLF,0.230165,100000,2026-08-06T12:39:11
TCGX,0.542625,2000,2026-08-06T12:39:11
TCHC,0.0025,3200000,2026-08-06T12:39:11
TCHH,0.0025,10000000,2026-08-06T12:39:11
TCHI,0.015712999999999998,40000,2026-08-06T12:39:11
TCHL,0.0025,200000,2026-08-06T12:39:11
TCHP,0.010104,70000,2026-08-06T12:39:11
TCI,0.007193000000000001,10000,2026-08-06T12:39:11
TCKRF,0.033201,100000,2026-08-06T12:39:11
TCLAF,0.002714,1100000,2026-08-06T12:39:11
TCLIF.OL1,0.0025,10000000,2026-08-06T12:39:11
TCMD,0.002782,300000,2026-08-06T12:39:11
TCOM,0.003896,10000000,2026-08-06T12:39:11
TCOR,0.002782,90000,2026-08-06T12:39:11
TCPA,0.023589000000000002,150000,2026-08-06T12:39:11
TCPB,2.247617,10000,2026-08-06T12:39:11
TCPC,0.028754,950000,2026-08-06T12:39:11
TCRI,0.0025,50000,2026-08-06T12:39:11
TCRRF,0.09297000000000001,300,2026-08-06T12:39:11
TCRT,0.011208000000000001,35000,2026-08-06T12:39:11
TCRX,0.0041849999999999995,1000000,2026-08-06T12:39:11
TCV,0.11221500000000001,5000,2026-08-06T12:39:11
TCX,0.017183,30000,2026-08-06T12:39:11
TCYSF,0.029980000000000003,10000,2026-08-06T12:39:11
TD,0.0025,10000000,2026-08-06T12:39:11
TDAC,0.077772,1800000,2026-08-06T12:39:11
TDACU,0.385608,1000,2026-08-06T12:39:11
TDAQ,0.005386999999999999,200000,2026-08-06T12:39:11
TDAX,0.24414000000000002,65000,2026-08-06T12:39:11
TDAY,0.0041199999999999995,2200000,2026-08-06T12:39:11
TDC,0.0035299999999999997,1200000,2026-08-06T12:39:11
TDCB,0.003997,25000,2026-08-06T12:39:11
TDEC,0.14892,25000,2026-08-06T12:39:11
TDF,0.0043490000000000004,500000,2026-08-06T12:39:11
TDG,0.002782,450000,2026-08-06T12:39:11
TDGGF,0.061127,650000,2026-08-06T12:39:11
TDHOY,0.003239,4000,2026-08-06T12:39:11
TDI,0.35080500000000003,1000,2026-08-06T12:39:11
TDIC,3.9568830000000004,10000,2026-08-06T12:39:11
TDIV,0.026789,150000,2026-08-06T12:39:11
TDNT,0.0025,15000,2026-08-06T12:39:11
TDOC,0.004081,7500000,2026-08-06T12:39:11
TDOG,0.047373000000000005,400,2026-08-06T12:39:11
TDOT,0.149705,100000,2026-08-06T12:39:11
TDRK,0.022824,65000,2026-08-06T12:39:11
TDRRF,0.05815000000000001,550000,2026-08-06T12:39:11
TDS,0.002782,2000000,2026-08-06T12:39:11
TDS PRU,0.063729,200000,2026-08-06T12:39:11
TDS PRV,0.046518,250000,2026-08-06T12:39:11
TDSB,0.10561999999999999,75000,2026-08-06T12:39:11
TDSC,0.009548,2000,2026-08-06T12:39:11
TDSGF,0.033198,30000,2026-08-06T12:39:11
TDTH,2.855611,100000,2026-08-06T12:39:11
TDTT,0.043762999999999996,150000,2026-08-06T12:39:11
TDUP,0.002993,1800000,2026-08-06T12:39:11
TDV,0.086189,65000,2026-08-06T12:39:11
TDVG,0.023839000000000003,100000,2026-08-06T12:39:11
TDVI,0.102683,30000,2026-08-06T12:39:11
TDW,0.0025109999999999998,550000,2026-08-06T12:39:11
TDWD,0.012199999999999999,300000,2026-08-06T12:39:11
TDWDU,0.25717,100,2026-08-06T12:39:11
TDY,0.002599,350000,2026-08-06T12:39:11
TDYH,0.036734,1000,2026-08-06T12:39:11
TDYT,0.0025,200,2026-08-06T12:39:11
TE,0.004477,7600000,2026-08-06T12:39:11
TEAD,0.021274,400000,2026-08-06T12:39:11
TEAM,0.004081,3700000,2026-08-06T12:39:11
TEBAF,0.030228,50000,2026-08-06T12:39:11
TEC,0.110807,3000,2026-08-06T12:39:11
TECB,0.032391,95000,2026-08-06T12:39:11
TECH,0.0025,3900000,2026-08-06T12:39:11
TECK,0.004332,6600000,2026-08-06T12:39:11
TECL,0.008563,600000,2026-08-06T12:39:11
TECO,0.0025,9400000,2026-08-06T12:39:11
TECS,0.165157,20000,2026-08-06T12:39:11
TECX,0.004135,150000,2026-08-06T12:39:11
TEGR,0.0025,150000,2026-08-06T12:39:11
TEGY.OLD,0.0025,100000,2026-08-06T12:39:11
TEHG,0.0025,400,2026-08-06T12:39:11
TEI,0.008407,500000,2026-08-06T12:39:11
TEK,0.003198,20000,2026-08-06T12:39:11
TEKI,0.0025,90000,2026-08-06T12:39:11
TEKX,0.08947100000000001,200,2026-08-06T12:39:11
TEL,0.002912,2600000,2026-08-06T12:39:11
TELA,0.003798,1000000,2026-08-06T12:39:11
TELFY,0.005632000000000001,2400000,2026-08-06T12:39:11
TELG,0.203045,1000,2026-08-06T12:39:11
TELHF,0.073701,10000,2026-08-06T12:39:11
TELIF,0.017952,500000,2026-08-06T12:39:11
TELNY,0.017115000000000002,55000,2026-08-06T12:39:11
TELO,0.035674000000000004,3900000,2026-08-06T12:39:11
TEM,0.003519,2500000,2026-08-06T12:39:11
TEMD,0.140801,200,2026-08-06T12:39:11
TEMR,1.979698,2000,2026-08-06T12:39:11
TEMT,0.051261,350000,2026-08-06T12:39:11
TEN,0.008973,2100000,2026-08-06T12:39:11
TEN PRE,0.105055,150000,2026-08-06T12:39:11
TEN PRF,0.27015999999999996,250000,2026-08-06T12:39:11
TENB,0.0025,2000000,2026-08-06T12:39:11
TEND,0.139989,20000,2026-08-06T12:39:11
TENJ,0.179753,10000,2026-08-06T12:39:11
TENM,0.84172,25000,2026-08-06T12:39:11
TENX,0.002933,1300000,2026-08-06T12:39:11
TEO,0.022740999999999997,750000,2026-08-06T12:39:11
TEQI,0.061566,30000,2026-08-06T12:39:11
TER,0.004135,1600000,2026-08-06T12:39:11
TERG,0.138095,20000,2026-08-06T12:39:11
TERS,0.091021,40000,2026-08-06T12:39:11
TERX,0.0025,300,2026-08-06T12:39:11
TESC,0.005051,4000,2026-08-06T12:39:11
TESI,0.0025,5000,2026-08-06T12:39:11
TESL,0.097501,30000,2026-08-06T12:39:11
TEST,0.114634,15000,2026-08-06T12:39:11
TETAA,0.20401599999999998,500,2026-08-06T12:39:11
TETAB,0.126744,500,2026-08-06T12:39:11
TETEF,0.42564399999999997,200,2026-08-06T12:39:11
TETH,0.355833,90000,2026-08-06T12:39:11
TETOF,0.040837000000000005,350000,2026-08-06T12:39:11
TEUCF,0.0025,10000,2026-08-06T12:39:11
TEUFF,0.0025,1500000,2026-08-06T12:39:11
TEUP,0.24177099999999999,20000,2026-08-06T12:39:11
TEUTF,0.049299,150000,2026-08-06T12:39:11
TEVA,0.002845,9400000,2026-08-06T12:39:11
TEVNF,0.0025,200000,2026-08-06T12:39:11
TEX,0.0025,1700000,2026-08-06T12:39:11
TEXN,0.056297,500,2026-08-06T12:39:11
TEXU,0.018727,1000,2026-08-06T12:39:11
TEXX,0.106973,800,2026-08-06T12:39:11
TEZNY,0.018247,70000,2026-08-06T12:39:11
TFBN,0.0025,10000000,2026-08-06T12:39:11
TFC,0.004081,9500000,2026-08-06T12:39:11
TFC PRI,0.084785,100000,2026-08-06T12:39:11
TFC PRO,0.037061000000000004,150000,2026-08-06T12:39:11
TFC PRR,0.021473,20000,2026-08-06T12:39:11
TFFI,0.349182,250000,2026-08-06T12:39:11
TFFP,0.139633,350000,2026-08-06T12:39:11
TFGL,0.0025,1000,2026-08-06T12:39:11
TFI,0.075951,70000,2026-08-06T12:39:11
TFII,0.0025,1000000,2026-08-06T12:39:11
TFIN,0.0025,650000,2026-08-06T12:39:11
TFIN PR,0.064987,15000,2026-08-06T12:39:11
TFJL,0.0025,10000,2026-08-06T12:39:11
TFLO,0.006086,1400000,2026-08-06T12:39:11
TFLR,0.022296999999999997,55000,2026-08-06T12:39:11
TFPM,0.004081,2500000,2026-08-06T12:39:11
TFPN,0.065968,850000,2026-08-06T12:39:11
TFSL,0.0042970000000000005,250000,2026-08-06T12:39:11
TFX,0.004134,200000,2026-08-06T12:39:11
TFZI,0.0025,10000000,2026-08-06T12:39:11
TG,0.015637,1100000,2026-08-06T12:39:11
TGAAF,0.017952,4000,2026-08-06T12:39:11
TGB,0.016314,9300000,2026-08-06T12:39:11
TGCB,0.0032479999999999996,200000,2026-08-06T12:39:11
TGE,0.064274,750000,2026-08-06T12:39:11
TGEN,0.013432999999999999,1800000,2026-08-06T12:39:11
TGGCF,0.011393,45000,2026-08-06T12:39:11
TGGI,0.01464,10000000,2026-08-06T12:39:11
TGGLF,0.0652,3000,2026-08-06T12:39:11
TGHI,0.0025,10000000,2026-08-06T12:39:11
TGHL,6.174385,100000,2026-08-06T12:39:11
TGIC,0.16785699999999998,9000,2026-08-06T12:39:11
TGIFF,0.032436,1200000,2026-08-06T12:39:11
TGISQ,0.0025,20000,2026-08-06T12:39:11
TGL,0.232638,100000,2026-08-06T12:39:11
TGLB,0.11910399999999999,35000,2026-08-06T12:39:11
TGLO,0.0025,2100000,2026-08-06T12:39:11
TGLP,0.0025,5,2026-08-06T12:39:11
TGLR,0.039993,15000,2026-08-06T12:39:11
TGLS,0.004135,150000,2026-08-06T12:39:11
TGLVY,0.0025,5000,2026-08-06T12:39:11
TGMPF,0.012484,700000,2026-08-06T12:39:11
TGMR,0.0025,1000,2026-08-06T12:39:11
TGNT,0.0025,500000,2026-08-06T12:39:11
TGOPY,0.042538,1000000,2026-08-06T12:39:11
TGRGF,0.085002,300000,2026-08-06T12:39:11
TGRO,0.0025,10000000,2026-08-06T12:39:11
TGRR,0.0025,4600000,2026-08-06T12:39:11
TGRT,0.043466,25000,2026-08-06T12:39:11
TGRW,0.041740000000000006,2000,2026-08-06T12:39:11
TGS,0.010688999999999999,700000,2026-08-06T12:39:11
TGSGY,0.054201,85000,2026-08-06T12:39:11
TGT,0.002782,4200000,2026-08-06T12:39:11
TGTL,0.0025,550000,2026-08-06T12:39:11
TGTX,0.0025180000000000003,1300000,2026-08-06T12:39:11
TH,0.00409,3400000,2026-08-06T12:39:11
THBD,0.0025,10000000,2026-08-06T12:39:11
THC,0.0025,1100000,2026-08-06T12:39:11
THCBF,0.002782,350000,2026-08-06T12:39:11
THCH,0.013607000000000001,250000,2026-08-06T12:39:11
THCT,0.0025,4000,2026-08-06T12:39:11
THD,0.04372,100000,2026-08-06T12:39:11
THEGQ,0.0025,3000,2026-08-06T12:39:11
THEOU,0.542625,400000,2026-08-06T12:39:11
THER,0.0025,100,2026-08-06T12:39:11
THES,0.0025,500000,2026-08-06T12:39:11
THFF,0.004117,100000,2026-08-06T12:39:11
THG,0.004097,700000,2026-08-06T12:39:11
THH,0.649576,250000,2026-08-06T12:39:11
THIR,0.113739,80000,2026-08-06T12:39:11
THKLY,0.016314,10000,2026-08-06T12:39:11
THLLY,0.078828,150000,2026-08-06T12:39:11
THLT,0.0025,150000,2026-08-06T12:39:11
THLV,0.061772999999999995,65000,2026-08-06T12:39:11
THM,0.0026579999999999998,1300000,2026-08-06T12:39:11
THMG,0.035204,100000,2026-08-06T12:39:11
THMO,0.0025,60000,2026-08-06T12:39:11
THMR,0.15906800000000001,100000,2026-08-06T12:39:11
THMZ,0.763239,2000,2026-08-06T12:39:11
THNPY,0.104579,70000,2026-08-06T12:39:11
THNQ,0.025874,60000,2026-08-06T12:39:11
THNR,0.143452,10000,2026-08-06T12:39:11
THNS,0.0025,10000000,2026-08-06T12:39:11
THO,0.004406,100000,2026-08-06T12:39:11
THOR,1.115863,600,2026-08-06T12:39:11
THQ,0.014676,400000,2026-08-06T12:39:11
THRD,0.007587,1100000,2026-08-06T12:39:11
THRM,0.003338,350000,2026-08-06T12:39:11
THRO,0.01496,550000,2026-08-06T12:39:11
THRR,0.0025,200000,2026-08-06T12:39:11
THRY,0.025693,2100000,2026-08-06T12:39:11
THSGF,0.091021,250000,2026-08-06T12:39:11
THST.OLD,0.012254000000000001,150000,2026-08-06T12:39:11
THTA,0.044760999999999995,85000,2026-08-06T12:39:11
THTI,0.0025,400000,2026-08-06T12:39:11
THUPY,0.010792999999999999,1000,2026-08-06T12:39:11
THVB,0.149596,25000,2026-08-06T12:39:11
THW,0.004995,550000,2026-08-06T12:39:11
THWI,0.0025,6000,2026-08-06T12:39:11
THYCY,0.0025,500,2026-08-06T12:39:11
THYF,0.082397,10000,2026-08-06T12:39:11
THYP,0.007579,50000,2026-08-06T12:39:11
TIC,0.0037819999999999998,3300000,2026-08-06T12:39:11
TIDE,0.0025,2000000,2026-08-06T12:39:11
TIGCF,0.11979799999999999,250000,2026-08-06T12:39:11
TIGE,0.0025,250000,2026-08-06T12:39:11
TIGO,0.004136,300000,2026-08-06T12:39:11
TIGR,0.004138,10000000,2026-08-06T12:39:11
TII,0.055967,350000,2026-08-06T12:39:11
TIIAY,0.042023000000000005,250000,2026-08-06T12:39:11
TIIV,0.008227,200,2026-08-06T12:39:11
TIKK,0.0025,65000,2026-08-06T12:39:11
TIL,0.005974,150000,2026-08-06T12:39:11
TILE,0.004135,1000000,2026-08-06T12:39:11
TILL,0.012073,95000,2026-08-06T12:39:11
TILT,0.007349,2000,2026-08-06T12:39:11
TIMB,0.003263,1600000,2026-08-06T12:39:11
TIME,0.051146000000000004,3000,2026-08-06T12:39:11
TINLY,0.0025,9000,2026-08-06T12:39:11
TINO,0.0025,3100000,2026-08-06T12:39:11
TINS,0.104267,3000,2026-08-06T12:39:11
TINT,0.044729,2000,2026-08-06T12:39:11
TINY,0.115884,10000,2026-08-06T12:39:11
TIOG,0.09712799999999999,1100000,2026-08-06T12:39:11
TIP,0.004335,450000,2026-08-06T12:39:11
TIPS,0.0025,150000,2026-08-06T12:39:11
TIPT,0.006089,550000,2026-08-06T12:39:11
TIPX,0.004218,40000,2026-08-06T12:39:11
TIPZ,0.082527,20000,2026-08-06T12:39:11
TIRXF,0.187532,9600000,2026-08-06T12:39:11
TISCY,0.0033239999999999997,5000,2026-08-06T12:39:11
TISDZ,0.0025,1900000,2026-08-06T12:39:11
TISI,0.004135,55000,2026-08-06T12:39:11
TISUQ,0.694574,200000,2026-08-06T12:39:11
TITAF,0.0025,2200000,2026-08-06T12:39:11
TITN,0.005433,350000,2026-08-06T12:39:11
TITT,0.0025,250000,2026-08-06T12:39:11
TIVU,0.0025,4200000,2026-08-06T12:39:11
TIXC,0.0025,45000,2026-08-06T12:39:11
TJAN,0.0025,30000,2026-08-06T12:39:11
TJGC,0.10868499999999999,8000,2026-08-06T12:39:11
TJSS,0.0025,950000,2026-08-06T12:39:11
TJUL,0.040670000000000005,100000,2026-08-06T12:39:11
TJX,0.004081,7100000,2026-08-06T12:39:11
TK,0.0025640000000000003,2100000,2026-08-06T12:39:11
TKAMY,0.042596999999999996,45000,2026-08-06T12:39:11
TKC,0.005887,1300000,2026-08-06T12:39:11
TKECY,0.005489000000000001,25000,2026-08-06T12:39:11
TKGBY,0.004135,150000,2026-08-06T12:39:11
TKGN,0.0025,250000,2026-08-06T12:39:11
TKGSY,0.043376,10000,2026-08-06T12:39:11
TKHL,0.0025,80000,2026-08-06T12:39:11
TKHVY,0.126945,1000,2026-08-06T12:39:11
TKLF,0.067007,200000,2026-08-06T12:39:11
TKLS,0.004135,70000,2026-08-06T12:39:11
TKMO,0.0025,250000,2026-08-06T12:39:11
TKNO,0.0061790000000000005,250000,2026-08-06T12:39:11
TKNQ,0.096135,100,2026-08-06T12:39:11
TKNS,0.10561999999999999,100,2026-08-06T12:39:11
TKO,0.004156,200000,2026-08-06T12:39:11
TKOI,0.178704,1800000,2026-08-06T12:39:11
TKOMY,0.010647,150000,2026-08-06T12:39:11
TKR,0.004108,1300000,2026-08-06T12:39:11
TKRFF,0.058522,100000,2026-08-06T12:39:11
TKVR,0.0025,3000,2026-08-06T12:39:11
TKXHF,0.0025,650000,2026-08-06T12:39:11
TKYMY,0.0025,1000,2026-08-06T12:39:11
TLAG,0.0025,2,2026-08-06T12:39:11
TLCC,0.0025,55000,2026-08-06T12:39:11
TLCI,0.040616000000000006,20000,2026-08-06T12:39:11
TLDE,0.0025,900000,2026-08-06T12:39:11
TLDN,0.0025,2000,2026-08-06T12:39:11
TLDR,0.019255,1000,2026-08-06T12:39:11
TLF,0.008532999999999999,65000,2026-08-06T12:39:11
TLG,0.148909,15000,2026-08-06T12:39:11
TLGPY,0.006842,350000,2026-08-06T12:39:11
TLGTQ.OLD,0.282176,8000,2026-08-06T12:39:11
TLH,0.0041270000000000005,200000,2026-08-06T12:39:11
TLIH,0.272349,40000,2026-08-06T12:39:11
TLK,0.008115,2600000,2026-08-06T12:39:11
TLN,0.002672,1300000,2026-08-06T12:39:11
TLNC,0.161098,1200000,2026-08-06T12:39:11
TLNCU,0.526442,1000,2026-08-06T12:39:11
TLOFF,0.027694999999999997,700000,2026-08-06T12:39:11
TLOG,0.0025,400000,2026-08-06T12:39:11
TLPEQ,0.0025,10000000,2026-08-06T12:39:11
TLPFY,0.044546,55000,2026-08-06T12:39:11
TLPH,0.021675,1700000,2026-08-06T12:39:11
TLPH.OLD1,0.0025,500000,2026-08-06T12:39:11
TLRY,0.058717,1000000,2026-08-06T12:39:11
TLS,0.004206,2000000,2026-08-06T12:39:11
TLSA,0.010387,4800000,2026-08-06T12:39:11
TLSI,0.006605,300000,2026-08-06T12:39:11
TLSNY,0.10020699999999999,200000,2026-08-06T12:39:11
TLSS,0.0025,10000000,2026-08-06T12:39:11
TLT,0.0025,10000000,2026-08-06T12:39:11
TLTD,0.067732,20000,2026-08-06T12:39:11
TLTE,0.024432,15000,2026-08-06T12:39:11
TLTFF,0.098511,350000,2026-08-06T12:39:11
TLTI,0.154332,8000,2026-08-06T12:39:11
TLTP,0.03015,20000,2026-08-06T12:39:11
TLTW,0.010313000000000001,3400000,2026-08-06T12:39:11
TLTX,0.217117,35000,2026-08-06T12:39:11
TLTZY,0.462877,35000,2026-08-06T12:39:11
TLX,0.091723,100000,2026-08-06T12:39:11
TLYS,0.037498000000000004,750000,2026-08-06T12:39:11
TM,0.0051329999999999995,200000,2026-08-06T12:39:11
TMAK,0.058518,7000,2026-08-06T12:39:11
TMAR,0.154984,15000,2026-08-06T12:39:11
TMASF,0.022324999999999998,100000,2026-08-06T12:39:11
TMAT,0.043001,90000,2026-08-06T12:39:11
TMB,0.159745,2000,2026-08-06T12:39:11
TMBXF,0.0025,7000,2026-08-06T12:39:11
TMC,0.004259,10000000,2026-08-06T12:39:11
TMCI,0.005207000000000001,300000,2026-08-06T12:39:11
TMCR,0.878777,200000,2026-08-06T12:39:11
TMDE,0.663107,250000,2026-08-06T12:39:11
TMDV,0.037964000000000005,4000,2026-08-06T12:39:11
TMDX,0.0025,400000,2026-08-06T12:39:11
TME,0.004135,10000000,2026-08-06T12:39:11
TMEB,0.0025,300000,2026-08-06T12:39:11
TMF,0.014942,3300000,2026-08-06T12:39:11
TMFC,0.008166,350000,2026-08-06T12:39:11
TMFE,0.031879,85000,2026-08-06T12:39:11
TMFG,0.100388,100000,2026-08-06T12:39:11
TMFM,0.095208,100000,2026-08-06T12:39:11
TMFS,0.201692,15000,2026-08-06T12:39:11
TMFX,0.021726000000000002,100000,2026-08-06T12:39:11
TMGI,0.066665,650000,2026-08-06T12:39:11
TMGN,0.11082399999999999,5000,2026-08-06T12:39:11
TMH,0.14892,100,2026-08-06T12:39:11
TMICY,0.043376,20000,2026-08-06T12:39:11
TMJG,0.0025,4000,2026-08-06T12:39:11
TMLP,0.15831,150000,2026-08-06T12:39:11
TMMG,0.0025,1100000,2026-08-06T12:39:11
TMMI,0.0025,550000,2026-08-06T12:39:11
TMNA.OLD,0.004135,5000,2026-08-06T12:39:11
TMO,0.004081,2300000,2026-08-06T12:39:11
TMOAY,0.006842,600,2026-08-06T12:39:11
TMP,0.0029010000000000004,100000,2026-08-06T12:39:11
TMP021420,0.0025,9000,2026-08-06T12:39:11
TMP025642,0.0025,4000,2026-08-06T12:39:11
TMP026388,0.0025,500,2026-08-06T12:39:11
TMP061106,0.0025,90,2026-08-06T12:39:11
TMP061Y10,0.0025,1000,2026-08-06T12:39:11
TMP082R10,0.0025,1000,2026-08-06T12:39:11
TMP093210,0.0025,10000,2026-08-06T12:39:11
TMP105810,0.0025,45000,2026-08-06T12:39:11
TMP109310,0.0025,30000,2026-08-06T12:39:11
TMP114J10,0.0025,6000,2026-08-06T12:39:11
TMP115510,0.0025,2100000,2026-08-06T12:39:11
TMP115A10,0.0025,6000,2026-08-06T12:39:11
TMP133L20,0.0025,700,2026-08-06T12:39:11
TMP142820,0.0025,5000,2026-08-06T12:39:11
TMP143010,0.0025,150000,2026-08-06T12:39:11
TMP161410,0.0025,10000,2026-08-06T12:39:11
TMP170P10,0.0025,3,2026-08-06T12:39:11
TMP171R10,0.0025,35000,2026-08-06T12:39:11
TMP179720,0.0025,800,2026-08-06T12:39:11
TMP208F12,0.0025,6000,2026-08-06T12:39:11
TMP214020,0.0025,5000,2026-08-06T12:39:11
TMP228392,0.0025,70000,2026-08-06T12:39:11
TMP228N10,0.0025,20000,2026-08-06T12:39:11
TMP235N10,0.0025,2800000,2026-08-06T12:39:11
TMP242X10,0.0025,10000,2026-08-06T12:39:11
TMP243R10,0.0025,15000,2026-08-06T12:39:11
TMP261V10,0.0025,3000,2026-08-06T12:39:11
TMP297865,0.0025,150000,2026-08-06T12:39:11
TMP308910,0.0025,9000,2026-08-06T12:39:11
TMP321110,0.0025,100,2026-08-06T12:39:11
TMP333J10,0.0025,350000,2026-08-06T12:39:11
TMP348T45,0.0025,15000,2026-08-06T12:39:11
TMP351340,0.004027,2000,2026-08-06T12:39:11
TMP358110,0.0025,35000,2026-08-06T12:39:11
TMP364Q10,0.0025,750000,2026-08-06T12:39:11
TMP365820,0.0025,4000,2026-08-06T12:39:11
TMP373M10,0.0025,100000,2026-08-06T12:39:11
TMP405110,0.0025,20000,2026-08-06T12:39:11
TMP406010,0.0025,5000,2026-08-06T12:39:11
TMP410610,0.0025,10000,2026-08-06T12:39:11
TMP422410,0.0025,700,2026-08-06T12:39:11
TMP450510,0.005489000000000001,6000,2026-08-06T12:39:11
TMP464M10,0.0025,10000,2026-08-06T12:39:11
TMP468210,0.0025,1000000,2026-08-06T12:39:11
TMP472620,0.0025,40000,2026-08-06T12:39:11
TMP485910,0.0025,2000,2026-08-06T12:39:11
TMP492110,0.0025,30000,2026-08-06T12:39:11
TMP494710,0.0025,4,2026-08-06T12:39:11
TMP500E10,0.0025,7000,2026-08-06T12:39:11
TMP500V10,0.0025,2300000,2026-08-06T12:39:11
TMP526320,0.0025,40,2026-08-06T12:39:11
TMP569N10,0.002782,100000,2026-08-06T12:39:11
TMP572320,0.0025,200000,2026-08-06T12:39:11
TMP577310,0.0025,30000,2026-08-06T12:39:11
TMP581820,0.0025,6000,2026-08-06T12:39:11
TMP582810,0.0025,150000,2026-08-06T12:39:11
TMP584410,0.0025,6000,2026-08-06T12:39:11
TMP585K14,0.0025,25000,2026-08-06T12:39:11
TMP603910,0.0025,150000,2026-08-06T12:39:11
TMP614520,0.0025,2000,2026-08-06T12:39:11
TMP620910,0.0025,450000,2026-08-06T12:39:11
TMP620G10,0.0025,20000,2026-08-06T12:39:11
TMP625610,0.0025,100,2026-08-06T12:39:11
TMP634010,0.010901000000000001,5000,2026-08-06T12:39:11
TMP645V10,0.0025,100,2026-08-06T12:39:11
TMP653S10,0.0025,100000,2026-08-06T12:39:11
TMP669520,0.0025,600,2026-08-06T12:39:11
TMP710810,0.0025,5000,2026-08-06T12:39:11
TMP753010,0.0025,5000,2026-08-06T12:39:11
TMP768010,0.0025,3000,2026-08-06T12:39:11
TMP768110,0.0025,100,2026-08-06T12:39:11
TMP772520,0.0025,100,2026-08-06T12:39:11
TMP772G10,0.0025,100,2026-08-06T12:39:11
TMP783810,0.0025,3000,2026-08-06T12:39:11
TMP811110,0.0025,7000,2026-08-06T12:39:11
TMP817E10,0.0025,300000,2026-08-06T12:39:11
TMP850R10,0.0025,23,2026-08-06T12:39:11
TMP874T10,0.0025,25000,2026-08-06T12:39:11
TMP892020,0.0025,45000,2026-08-06T12:39:11
TMP942J10,0.0025,5000,2026-08-06T12:39:11
TMP948010,0.0025,500,2026-08-06T12:39:11
TMP949J10,0.0025,200000,2026-08-06T12:39:11
TMP950F20,0.0025,70000,2026-08-06T12:39:11
TMP957020,0.0025,100,2026-08-06T12:39:11
TMP972130,0.0025,200,2026-08-06T12:39:11
TMP976510,0.0025,7000,2026-08-06T12:39:11
TMP978210,0.0025,2000,2026-08-06T12:39:11
TMP986B10,0.0025,8000,2026-08-06T12:39:11
TMP991010,0.0025,15000,2026-08-06T12:39:11
TMPOQ,0.743416,550000,2026-08-06T12:39:11
TMPS,0.0025,1600000,2026-08-06T12:39:11
TMQ,0.005232,1100000,2026-08-06T12:39:11
TMRAY,0.047435,15000,2026-08-06T12:39:11
TMRC,0.09668900000000001,1700000,2026-08-06T12:39:11
TMS,0.632151,150000,2026-08-06T12:39:11
TMSH,0.0025,10000000,2026-08-06T12:39:11
TMSL,0.05834399999999999,95000,2026-08-06T12:39:11
TMSNY,0.01496,1000,2026-08-06T12:39:11
TMTNF,0.003089,150000,2026-08-06T12:39:11
TMTNY,0.09609400000000001,8000,2026-08-06T12:39:11
TMTP,0.0025,2700000,2026-08-06T12:39:11
TMTS,0.046082,1100000,2026-08-06T12:39:11
TMUS,0.00419,5600000,2026-08-06T12:39:11
TMUSI,0.213192,100,2026-08-06T12:39:11
TMUSL,0.026387,50000,2026-08-06T12:39:11
TMUSZ,0.052786,100000,2026-08-06T12:39:11
TMV,0.43048200000000003,400000,2026-08-06T12:39:11
TMVWY,0.0025,7000,2026-08-06T12:39:11
TMXN,0.0025,4100000,2026-08-06T12:39:11
TNA,0.08207800000000001,700000,2026-08-06T12:39:11
TNABY,0.14892,300,2026-08-06T12:39:11
TNBI,0.0025,45000,2026-08-06T12:39:11
TNC,0.004135,100000,2026-08-06T12:39:11
TNDM,0.004132,800000,2026-08-06T12:39:11
TNEN,0.0025,1800000,2026-08-06T12:39:11
TNET,0.0025,1000000,2026-08-06T12:39:11
TNGNQ,0.009834,1100000,2026-08-06T12:39:11
TNGX,0.005512,3300000,2026-08-06T12:39:11
TNGY,0.024432,35000,2026-08-06T12:39:11
TNK,0.0025,750000,2026-08-06T12:39:11
TNKE,0.0025,3100000,2026-08-06T12:39:11
TNKY,0.0025,750000,2026-08-06T12:39:11
TNL,0.003811,700000,2026-08-06T12:39:11
TNLIY,0.125362,100,2026-08-06T12:39:11
TNLX,0.0025,10000,2026-08-06T12:39:11
TNMG,3.855054,100000,2026-08-06T12:39:11
TNOLF,0.0025,150000,2026-08-06T12:39:11
TNON,1.604813,850000,2026-08-06T12:39:11
TNPH,0.0025,2000,2026-08-06T12:39:11
TNRG,0.0025,1000,2026-08-06T12:39:11
TNRG.OLD1,0.0025,200000,2026-08-06T12:39:11
TNROQ,0.0025,35000,2026-08-06T12:39:11
TNTRQ,0.0025,400000,2026-08-06T12:39:11
TNUK,0.47367,25000,2026-08-06T12:39:11
TNXP,0.018665,500000,2026-08-06T12:39:11
TNXT,0.04058,1000,2026-08-06T12:39:11
TNYA,0.005828,2700000,2026-08-06T12:39:11
TNYZF,0.084546,20000,2026-08-06T12:39:11
TOAK,0.200339,200000,2026-08-06T12:39:11
TOAO,0.132682,1000,2026-08-06T12:39:11
TOBAF,0.0025,9000,2026-08-06T12:39:11
TOCT,0.109498,15000,2026-08-06T12:39:11
TOELY,0.005274999999999999,150000,2026-08-06T12:39:11
TOFB,0.19007000000000002,10000,2026-08-06T12:39:11
TOGA,0.0033239999999999997,10000,2026-08-06T12:39:11
TOGI,0.135187,3200000,2026-08-06T12:39:11
TOGI.OLD1,0.0025,40000,2026-08-06T12:39:11
TOGOF,0.0025,250000,2026-08-06T12:39:11
TOIPY,0.0025,300,2026-08-06T12:39:11
TOITF,0.004135,300000,2026-08-06T12:39:11
TOK,0.140801,35000,2026-08-06T12:39:11
TOKUY,0.043376,100,2026-08-06T12:39:11
TOL,0.002782,1100000,2026-08-06T12:39:11
TOLL,0.0025,400000,2026-08-06T12:39:11
TOLWF,0.003396,250000,2026-08-06T12:39:11
TOLZ,0.035426,10000,2026-08-06T12:39:11
TOMDF,0.0025,10000000,2026-08-06T12:39:11
TOMZ,0.22381900000000002,350000,2026-08-06T12:39:11
TONR,0.0025,10000000,2026-08-06T12:39:11
TONT,0.094795,300000,2026-08-06T12:39:11
TONX,0.005379,4700000,2026-08-06T12:39:11
TOOD,0.0025,100,2026-08-06T12:39:11
TOON,0.004366,2900000,2026-08-06T12:39:11
TOP,0.027061,65000,2026-08-06T12:39:11
TOPC,0.04168,15000,2026-08-06T12:39:11
TOPP,0.320616,400000,2026-08-06T12:39:11
TOPPY,0.032551000000000004,3000,2026-08-06T12:39:11
TOPS,0.211974,200000,2026-08-06T12:39:11
TOPT,0.01496,400000,2026-08-06T12:39:11
TOPW,0.069508,100000,2026-08-06T12:39:11
TOPZ,0.0025,100,2026-08-06T12:39:11
TORCF,0.005489000000000001,40000,2026-08-06T12:39:11
TORM,0.052051,10000,2026-08-06T12:39:11
TORO,0.034349,600000,2026-08-06T12:39:11
TORVF,0.076407,500000,2026-08-06T12:39:11
TORXF,0.0033750000000000004,250000,2026-08-06T12:39:11
TORZ,0.097501,50000,2026-08-06T12:39:11
TOS,0.563653,400000,2026-08-06T12:39:11
TOST,0.004082,4300000,2026-08-06T12:39:11
TOT,0.048112,300000,2026-08-06T12:39:11
TOTDY,0.028492000000000003,30000,2026-08-06T12:39:11
TOTL,0.009007,950000,2026-08-06T12:39:11
TOTR,0.008195000000000001,25000,2026-08-06T12:39:11
TOUR,0.00619,800000,2026-08-06T12:39:11
TOUR.OLD1,0.0025,4000,2026-08-06T12:39:11
TOUS,0.7220099999999999,100000,2026-08-06T12:39:11
TOV,0.064548,3000,2026-08-06T12:39:11
TOVX,0.16050599999999998,2200000,2026-08-06T12:39:11
TOWN,0.004084,550000,2026-08-06T12:39:11
TOWTF,0.068938,500000,2026-08-06T12:39:11
TOXR,0.043376,3000,2026-08-06T12:39:11
TOYO,0.05934999999999999,2200000,2026-08-06T12:39:11
TPAC,0.0025,10000000,2026-08-06T12:39:11
TPAY,0.094104,5000,2026-08-06T12:39:11
TPB,0.0032790000000000002,300000,2026-08-06T12:39:11
TPC,0.004024,500000,2026-08-06T12:39:11
TPCS,0.039373,550000,2026-08-06T12:39:11
TPET,0.107576,2200000,2026-08-06T12:39:11
TPG,0.004135,2200000,2026-08-06T12:39:11
TPGXL,0.10892099999999999,25000,2026-08-06T12:39:11
TPHD,0.044696,100000,2026-08-06T12:39:11
TPHM,0.0025,6100000,2026-08-06T12:39:11
TPHS,0.042309,300000,2026-08-06T12:39:11
TPIF,0.070047,15000,2026-08-06T12:39:11
TPII,0.0025,3500000,2026-08-06T12:39:11
TPIY,0.0025,350000,2026-08-06T12:39:11
TPL,0.0027660000000000002,200000,2026-08-06T12:39:11
TPLC,0.080024,25000,2026-08-06T12:39:11
TPNI,0.0025,4000000,2026-08-06T12:39:11
TPOR,0.137931,45000,2026-08-06T12:39:11
TPPPF,0.0025,3000,2026-08-06T12:39:11
TPR,0.004081,3800000,2026-08-06T12:39:11
TPRKY,0.11103199999999999,10000,2026-08-06T12:39:11
TPRY,0.05061499999999999,1000,2026-08-06T12:39:11
TPSC,0.132683,150000,2026-08-06T12:39:11
TPST,0.023311000000000002,200000,2026-08-06T12:39:11
TPTS,0.131329,30000,2026-08-06T12:39:11
TPTW,0.0025,10000000,2026-08-06T12:39:11
TPTX,0.0025,200,2026-08-06T12:39:11
TPUT,0.13694,100,2026-08-06T12:39:11
TPUTQ,0.0025,20000,2026-08-06T12:39:11
TPVG,0.059204,450000,2026-08-06T12:39:11
TPYP,0.012065999999999999,100000,2026-08-06T12:39:11
TPZ,0.134035,45000,2026-08-06T12:39:11
TPZEF,0.0029609999999999997,450000,2026-08-06T12:39:11
TPZG,0.0025,10000,2026-08-06T12:39:11
TQLA,0.0025,6900000,2026-08-06T12:39:11
TQQQ,0.009679,10000000,2026-08-06T12:39:11
TQQY,0.8200700000000001,30000,2026-08-06T12:39:11
TR,0.033076,500000,2026-08-06T12:39:11
TRAB,0.002782,2500000,2026-08-06T12:39:11
TRAD,0.097148,250000,2026-08-06T12:39:11
TRAD U,0.012199999999999999,200,2026-08-06T12:39:11
TRAE,0.0025,1000,2026-08-06T12:39:11
TRAK,0.014051000000000001,150000,2026-08-06T12:39:11
TRAW,0.22415500000000002,350000,2026-08-06T12:39:11
TRAX,0.00332,550000,2026-08-06T12:39:11
TRBD,0.0025,2200000,2026-08-06T12:39:11
TRBMF,0.017823,1500000,2026-08-06T12:39:11
TRBO,0.0025,1000,2026-08-06T12:39:11
TRC,0.004181000000000001,350000,2026-08-06T12:39:11
TRCK,0.0033239999999999997,100000,2026-08-06T12:39:11
TRCNF,0.0025,300000,2026-08-06T12:39:11
TRCTF,0.045556,9000,2026-08-06T12:39:11
TRCY,0.016329,25000,2026-08-06T12:39:11
TRDA,0.004239,800000,2026-08-06T12:39:11
TRDM,0.0025,200000,2026-08-06T12:39:11
TRDTF,0.081279,35000,2026-08-06T12:39:11
TRDX,0.0025,15000,2026-08-06T12:39:11
TRDY,0.0025,15000,2026-08-06T12:39:11
TREE,0.004003,300000,2026-08-06T12:39:11
TREP,0.0025,1900000,2026-08-06T12:39:11
TREVQ,0.177127,1000,2026-08-06T12:39:11
TREX,0.004081,3300000,2026-08-06T12:39:11
TRFK,0.040670000000000005,80000,2026-08-06T12:39:11
TRFM,0.104718,4000,2026-08-06T12:39:11
TRGD,0.0025,450000,2026-08-06T12:39:11
TRGEF,0.030698,4000,2026-08-06T12:39:11
TRGGF,0.01464,250000,2026-08-06T12:39:11
TRGM,0.0025,10000,2026-08-06T12:39:11
TRGP,0.002782,2800000,2026-08-06T12:39:11
TRGS,0.008195000000000001,1500000,2026-08-06T12:39:11
TRGSU,0.051495,800,2026-08-06T12:39:11
TRI,0.004099,650000,2026-08-06T12:39:11
TRIB,0.10044399999999999,40000,2026-08-06T12:39:11
TRIE,0.0025,5000,2026-08-06T12:39:11
TRII,0.0025,8000,2026-08-06T12:39:11
TRIN,0.016776,900000,2026-08-06T12:39:11
TRIO,0.22740100000000002,100,2026-08-06T12:39:11
TRIP,0.0038390000000000004,1800000,2026-08-06T12:39:11
TRKNY,0.110989,900,2026-08-06T12:39:11
TRLEF,0.04769,800000,2026-08-06T12:39:11
TRLFF,0.0025,100000,2026-08-06T12:39:11
TRLV,0.021488999999999998,7800000,2026-08-06T12:39:11
TRMB,0.004144,1900000,2026-08-06T12:39:11
TRMD,0.016639,2400000,2026-08-06T12:39:11
TRMK,0.0025,550000,2026-08-06T12:39:11
TRMLF,0.0031030000000000003,1800000,2026-08-06T12:39:11
TRN,0.003427,800000,2026-08-06T12:39:11
TRNFQ,0.0025,90000,2026-08-06T12:39:11
TRNI,0.012423,90000,2026-08-06T12:39:11
TRNLY,0.0025,4000,2026-08-06T12:39:11
TRNO,0.0025,1000000,2026-08-06T12:39:11
TRNR,0.32302,85000,2026-08-06T12:39:11
TRNS,0.002724,150000,2026-08-06T12:39:11
TRNX.OLD,0.0025,21,2026-08-06T12:39:11
TRNZ,0.036565,200000,2026-08-06T12:39:11
TROG,0.0025,10000,2026-08-06T12:39:11
TRON,0.080291,3700000,2026-08-06T12:39:11
TROO,0.08652699999999999,5900000,2026-08-06T12:39:11
TROUF,0.027709,15000,2026-08-06T12:39:11
TROW,0.0025,1200000,2026-08-06T12:39:11
TROX,0.004088,1700000,2026-08-06T12:39:11
TRP,0.0026390000000000003,10000000,2026-08-06T12:39:11
TRPA,0.040670000000000005,45000,2026-08-06T12:39:11
TRPTF,0.13811,15000,2026-08-06T12:39:11
TRRCF,0.018672,20000,2026-08-06T12:39:11
TRRE,0.0025,90000,2026-08-06T12:39:11
TRRFF,0.072468,100000,2026-08-06T12:39:11
TRRSF,0.004798,300000,2026-08-06T12:39:11
TRRXF,0.111228,350000,2026-08-06T12:39:11
TRS,0.002817,350000,2026-08-06T12:39:11
TRSG,0.05365,7000,2026-08-06T12:39:11
TRSI,0.0025,10000000,2026-08-06T12:39:11
TRSO,0.0025,10000,2026-08-06T12:39:11
TRST,0.004088,200000,2026-08-06T12:39:11
TRSY,0.082165,65000,2026-08-06T12:39:11
TRT,0.009471,500000,2026-08-06T12:39:11
TRTI,0.0025,100,2026-08-06T12:39:11
TRTN PRA,0.112148,50000,2026-08-06T12:39:11
TRTN PRB,0.263935,100000,2026-08-06T12:39:11
TRTN PRC,0.17679999999999998,30000,2026-08-06T12:39:11
TRTN PRD,0.196516,45000,2026-08-06T12:39:11
TRTN PRE,0.079543,70000,2026-08-06T12:39:11
TRTN PRF,0.10884600000000001,30000,2026-08-06T12:39:11
TRTN PRG,0.13283799999999998,30000,2026-08-06T12:39:11
TRTX,0.006566,3100000,2026-08-06T12:39:11
TRTX PRC,0.327774,55000,2026-08-06T12:39:11
TRTY,0.004267,65000,2026-08-06T12:39:11
TRU,0.002788,1500000,2026-08-06T12:39:11
TRUC,0.14197200000000001,6000,2026-08-06T12:39:11
TRUD,1.2868979999999999,15000,2026-08-06T12:39:11
TRUFF,0.032727,70000,2026-08-06T12:39:11
TRUFF.OLD,0.009303,800000,2026-08-06T12:39:11
TRUG,1.007447,150000,2026-08-06T12:39:11
TRUH,0.002782,10000,2026-08-06T12:39:11
TRUL,0.0025,400,2026-08-06T12:39:11
TRUMY,0.029845,200000,2026-08-06T12:39:11
TRUO,0.0025,100,2026-08-06T12:39:11
TRUP,0.003421,700000,2026-08-06T12:39:11
TRUT,1.222209,45000,2026-08-06T12:39:11
TRUX,0.0025,30000,2026-08-06T12:39:11
TRV,0.0029449999999999997,2100000,2026-08-06T12:39:11
TRVG,0.049724000000000004,950000,2026-08-06T12:39:11
TRVI,0.002869,3800000,2026-08-06T12:39:11
TRVN,0.230664,10000,2026-08-06T12:39:11
TRWD,0.153103,750000,2026-08-06T12:39:11
TRX,0.00577,6700000,2026-08-06T12:39:11
TRXA,0.0025,400,2026-08-06T12:39:11
TRYF,0.0025,8000,2026-08-06T12:39:11
TRYIY,0.021726000000000002,250000,2026-08-06T12:39:11
TRYLF,0.0025,150000,2026-08-06T12:39:11
TS,0.002782,600000,2026-08-06T12:39:11
TSAT,0.004253,65000,2026-08-06T12:39:11
TSBK,0.022895,80000,2026-08-06T12:39:11
TSCDY,0.004368,250000,2026-08-06T12:39:11
TSCM,0.244315,800,2026-08-06T12:39:11
TSCO,0.004081,3900000,2026-08-06T12:39:11
TSDD,0.311295,650000,2026-08-06T12:39:11
TSEC,0.047774000000000004,15000,2026-08-06T12:39:11
TSEG,0.17598199999999997,25000,2026-08-06T12:39:11
TSEL,0.094903,3000,2026-08-06T12:39:11
TSEM,0.004135,2800000,2026-08-06T12:39:11
TSEOQ,0.025346,1200000,2026-08-06T12:39:11
TSEP,0.0025,15000,2026-08-06T12:39:11
TSES,0.34106400000000003,500,2026-08-06T12:39:11
TSEU,0.196965,100,2026-08-06T12:39:11
TSGL,0.0025,15000,2026-08-06T12:39:11
TSGO,0.0033239999999999997,50000,2026-08-06T12:39:11
TSGTY,0.17598199999999997,2000,2026-08-06T12:39:11
TSHA,0.004204,4900000,2026-08-06T12:39:11
TSHO,0.0025,200000,2026-08-06T12:39:11
TSHTY,0.145783,1000,2026-08-06T12:39:11
TSI,0.008272,200000,2026-08-06T12:39:11
TSIC,0.097501,4000,2026-08-06T12:39:11
TSII,0.037325,55000,2026-08-06T12:39:11
TSKFF,0.042105,3500000,2026-08-06T12:39:11
TSL,0.18357900000000002,85000,2026-08-06T12:39:11
TSLA,0.002782,10000000,2026-08-06T12:39:11
TSLG,0.160092,700000,2026-08-06T12:39:11
TSLI,0.09043200000000001,30000,2026-08-06T12:39:11
TSLI.OLD2,0.0025,2100000,2026-08-06T12:39:11
TSLL,0.0322,600000,2026-08-06T12:39:11
TSLP,0.104095,50000,2026-08-06T12:39:11
TSLQ,0.055672,300000,2026-08-06T12:39:11
TSLR,0.081367,250000,2026-08-06T12:39:11
TSLS,0.026671,250000,2026-08-06T12:39:11
TSLT,0.039908,400000,2026-08-06T12:39:11
TSLV.OLD,0.0025,200,2026-08-06T12:39:11
TSLVF,0.007602,2200000,2026-08-06T12:39:11
TSLW,0.101223,250000,2026-08-06T12:39:11
TSLX,0.127139,100000,2026-08-06T12:39:11
TSLY,0.041580000000000006,450000,2026-08-06T12:39:11
TSLZ,0.116311,150000,2026-08-06T12:39:11
TSM,0.004081,10000000,2026-08-06T12:39:11
TSME,0.172606,20000,2026-08-06T12:39:11
TSMG,0.053391,60000,2026-08-06T12:39:11
TSMI,0.0025,55000,2026-08-06T12:39:11
TSMU,0.050593000000000006,90000,2026-08-06T12:39:11
TSMX,0.04656,800000,2026-08-06T12:39:11
TSMY,0.051875,200000,2026-08-06T12:39:11
TSMZ,0.397807,40000,2026-08-06T12:39:11
TSN,0.002782,3700000,2026-08-06T12:39:11
TSNDF,0.006586,3400000,2026-08-06T12:39:11
TSNF,0.006842,10000,2026-08-06T12:39:11
TSOI,0.0025,10000000,2026-08-06T12:39:11
TSOL,0.066263,50000,2026-08-06T12:39:11
TSOR,0.0025,55000,2026-08-06T12:39:11
TSPA,0.018625,350000,2026-08-06T12:39:11
TSPG,0.009834,700000,2026-08-06T12:39:11
TSPH,0.045264,10000000,2026-08-06T12:39:11
TSPX,0.056907,1500000,2026-08-06T12:39:11
TSPY,0.013874,400000,2026-08-06T12:39:11
TSQ,0.015057000000000001,300000,2026-08-06T12:39:11
TSRS,0.091339,10000,2026-08-06T12:39:11
TSRYY,0.040896,150000,2026-08-06T12:39:11
TSSD,0.029845,600,2026-08-06T12:39:11
TSSI,0.0031940000000000002,450000,2026-08-06T12:39:11
TSTC,0.043376,50000,2026-08-06T12:39:11
TSTS,0.0025,10000000,2026-08-06T12:39:11
TSUI,0.044748,3000,2026-08-06T12:39:11
TSUKY,0.032957,2000,2026-08-06T12:39:11
TSXD,0.103663,10000,2026-08-06T12:39:11
TSXU,0.049348,8000,2026-08-06T12:39:11
TSYHY,0.130805,4000,2026-08-06T12:39:11
TSYI,0.0025,200000,2026-08-06T12:39:11
TSYW,0.28412400000000004,1000,2026-08-06T12:39:11
TSYX,0.140801,25000,2026-08-06T12:39:11
TSYY,0.104267,75000,2026-08-06T12:39:11
TT,0.0025,2000000,2026-08-06T12:39:11
TTAM,0.006357000000000001,1600000,2026-08-06T12:39:11
TTAN,0.004135,250000,2026-08-06T12:39:11
TTC,0.003771,2000000,2026-08-06T12:39:11
TTD,0.0025,6400000,2026-08-06T12:39:11
TTDKY,0.016314,650000,2026-08-06T12:39:11
TTDU,0.12308999999999999,100000,2026-08-06T12:39:11
TTE,0.004162,350000,2026-08-06T12:39:11
TTEC,0.007897,550000,2026-08-06T12:39:11
TTEK,0.004104,1700000,2026-08-06T12:39:11
TTEQ,0.06425,8000,2026-08-06T12:39:11
TTGT,0.005425,150000,2026-08-06T12:39:11
TTGXF,0.003384,250000,2026-08-06T12:39:11
TTHD,0.0025,1000,2026-08-06T12:39:11
TTHG,0.0025,35000,2026-08-06T12:39:11
TTI,0.003999,2100000,2026-08-06T12:39:11
TTIPF,0.17831399999999997,200000,2026-08-06T12:39:11
TTLXF,0.0025,400,2026-08-06T12:39:11
TTMI,0.002782,1500000,2026-08-06T12:39:11
TTMX,0.173276,500,2026-08-06T12:39:11
TTMZF,0.0025,200,2026-08-06T12:39:11
TTNDY,0.002979,150000,2026-08-06T12:39:11
TTNN,0.0025,7000,2026-08-06T12:39:11
TTOO,0.020658,550000,2026-08-06T12:39:11
TTRX,0.008253,85000,2026-08-06T12:39:11
TTSH,0.022559999999999997,1300000,2026-08-06T12:39:11
TTSRF,0.047914000000000005,90000,2026-08-06T12:39:11
TTT,0.10722899999999999,10000,2026-08-06T12:39:11
TTTM,0.0025,600000,2026-08-06T12:39:11
TTTMF,0.053758999999999994,400000,2026-08-06T12:39:11
TTTSF,0.0025,1500000,2026-08-06T12:39:11
TTVSY,0.018296,150000,2026-08-06T12:39:11
TTWO,0.00419,3300000,2026-08-06T12:39:11
TTXD,0.499379,1000,2026-08-06T12:39:11
TTXU,0.067191,4000,2026-08-06T12:39:11
TTYP,0.0025,1000,2026-08-06T12:39:11
TU,0.016314,10000000,2026-08-06T12:39:11
TUA,0.0025,350000,2026-08-06T12:39:11
TUEMQ,0.33199100000000004,6000,2026-08-06T12:39:11
TUG,0.099359,100,2026-08-06T12:39:11
TUGAF,0.046206,150000,2026-08-06T12:39:11
TUGN,0.034918,6000,2026-08-06T12:39:11
TULP,0.079901,250000,2026-08-06T12:39:11
TUNG,0.0025,2300000,2026-08-06T12:39:11
TUNGF,0.074406,3400000,2026-08-06T12:39:11
TUOG,0.0025,100,2026-08-06T12:39:11
TUR,0.328167,70000,2026-08-06T12:39:11
TURA,0.0025,400,2026-08-06T12:39:11
TURF,0.237231,1700000,2026-08-06T12:39:11
TUSB,1.598144,30000,2026-08-06T12:39:11
TUSI,0.303176,30000,2026-08-06T12:39:11
TUSK,0.004081,1300000,2026-08-06T12:39:11
TUTH,0.0025,95000,2026-08-06T12:39:11
TUWOY,0.0025,500000,2026-08-06T12:39:11
TUXS,0.0025,100,2026-08-06T12:39:11
TUYA,0.0028699999999999997,6600000,2026-08-06T12:39:11
TV,0.002838,1700000,2026-08-06T12:39:11
TVA,0.012931,1000000,2026-08-06T12:39:11
TVAI,0.014884999999999999,2300000,2026-08-06T12:39:11
TVAL,0.097501,55000,2026-08-06T12:39:11
TVBCY,0.0025,3000,2026-08-06T12:39:11
TVC,0.012254000000000001,10000,2026-08-06T12:39:11
TVCCF,0.0025,250000,2026-08-06T12:39:11
TVE,0.025489,40000,2026-08-06T12:39:11
TVER,0.0025,750000,2026-08-06T12:39:11
TVGN,0.23531400000000002,10000,2026-08-06T12:39:11
TVIPF,0.166433,150000,2026-08-06T12:39:11
TVIV,0.012199999999999999,250000,2026-08-06T12:39:11
TVIVU,0.012199999999999999,400,2026-08-06T12:39:11
TVLF,0.0033239999999999997,500,2026-08-06T12:39:11
TVOG,0.0025,1400000,2026-08-06T12:39:11
TVRD,0.385542,850000,2026-08-06T12:39:11
TVTV,0.0025,150000,2026-08-06T12:39:11
TVTX,0.004081,3000000,2026-08-06T12:39:11
TW,0.0048070000000000005,1700000,2026-08-06T12:39:11
TWAV,0.20139700000000002,150000,2026-08-06T12:39:11
TWELF,0.052051,50000,2026-08-06T12:39:11
TWER,0.0025,2000,2026-08-06T12:39:11
TWFG,0.005489000000000001,700000,2026-08-06T12:39:11
TWFH,0.0025,100,2026-08-06T12:39:11
TWG,0.159406,100000,2026-08-06T12:39:11
TWI,0.007672,700000,2026-08-06T12:39:11
TWIN,0.006796,300000,2026-08-06T12:39:11
TWLO,0.0025,1900000,2026-08-06T12:39:11
TWLO.OLD1,0.0025,200000,2026-08-06T12:39:11
TWLV,0.012199999999999999,300000,2026-08-06T12:39:11
TWLVU,0.012199999999999999,350000,2026-08-06T12:39:11
TWM,0.06521,400000,2026-08-06T12:39:11
TWN,0.010629999999999999,450000,2026-08-06T12:39:11
TWNPQ,0.099276,200000,2026-08-06T12:39:11
TWO,0.00417,2700000,2026-08-06T12:39:11
TWO PRA,0.078106,250000,2026-08-06T12:39:11
TWO PRB,0.19885000000000003,600000,2026-08-06T12:39:11
TWO PRC,0.311295,500000,2026-08-06T12:39:11
TWOD,0.12176000000000001,150000,2026-08-06T12:39:11
TWODY,0.09553800000000001,55000,2026-08-06T12:39:11
TWOH,0.041497,10000000,2026-08-06T12:39:11
TWOSF,0.049267000000000005,100000,2026-08-06T12:39:11
TWOX,0.148833,15000,2026-08-06T12:39:11
TWRFF,0.089333,100000,2026-08-06T12:39:11
TWSI,0.0025,8000,2026-08-06T12:39:11
TWST,0.00255,500000,2026-08-06T12:39:11
TWVH,0.0025,1000,2026-08-06T12:39:11
TWWI,0.0025,1100000,2026-08-06T12:39:11
TX,0.0028810000000000003,400000,2026-08-06T12:39:11
TXBC,0.007744,1000,2026-08-06T12:39:11
TXG,0.00333,850000,2026-08-06T12:39:11
TXGE,0.0025,1000,2026-08-06T12:39:11
TXHE,0.0025,10000000,2026-08-06T12:39:11
TXIC,0.0025,9000,2026-08-06T12:39:11
TXMD,0.020358,700000,2026-08-06T12:39:11
TXN,0.0025,4900000,2026-08-06T12:39:11
TXNM,0.0025,1700000,2026-08-06T12:39:11
TXNU,0.367837,25000,2026-08-06T12:39:11
TXO,0.004196,45000,2026-08-06T12:39:11
TXPO,0.0025,150000,2026-08-06T12:39:11
TXRH,0.004135,1200000,2026-08-06T12:39:11
TXRP,0.045556,1500000,2026-08-06T12:39:11
TXSO,0.0025,2100000,2026-08-06T12:39:11
TXT,0.0036919999999999995,1600000,2026-08-06T12:39:11
TXTM,0.137568,10000000,2026-08-06T12:39:11
TXUE,0.23435199999999998,30000,2026-08-06T12:39:11
TXXD,0.134401,8000,2026-08-06T12:39:11
TXXH,0.08775499999999999,5000,2026-08-06T12:39:11
TXXS,0.215414,800,2026-08-06T12:39:11
TY,0.01998,100000,2026-08-06T12:39:11
TY PR,0.327194,25000,2026-08-06T12:39:11
TYA,0.047435,150000,2026-08-06T12:39:11
TYCB,0.040670000000000005,1000,2026-08-06T12:39:11
TYCMY,0.022022,15000,2026-08-06T12:39:11
TYD,0.008195000000000001,150000,2026-08-06T12:39:11
TYFG,0.002674,2000,2026-08-06T12:39:11
TYG,0.127643,500000,2026-08-06T12:39:11
TYGO,0.013608,350000,2026-08-06T12:39:11
TYHOY,0.121745,3000,2026-08-06T12:39:11
TYIDY,0.060263,5000,2026-08-06T12:39:11
TYL,0.004138,150000,2026-08-06T12:39:11
TYLD,0.140801,25000,2026-08-06T12:39:11
TYLG,0.065819,5000,2026-08-06T12:39:11
TYO,0.372678,100000,2026-08-06T12:39:11
TYOYY,0.493257,2000,2026-08-06T12:39:11
TYRA,0.004746,250000,2026-08-06T12:39:11
TYTN,0.0025,15000,2026-08-06T12:39:11
TZA,0.097333,100000,2026-08-06T12:39:11
TZOO,0.005432,150000,2026-08-06T12:39:11
TZPC,0.0025,250000,2026-08-06T12:39:11
U,0.0025,10000000,2026-08-06T12:39:11
UA,0.004079999999999999,100000,2026-08-06T12:39:11
UAA,0.004135,4200000,2026-08-06T12:39:11
UAC,0.173276,200000,2026-08-06T12:39:11
UAC U,0.012199999999999999,100,2026-08-06T12:39:11
UAE,0.170782,550000,2026-08-06T12:39:11
UAHC,0.0025,70000,2026-08-06T12:39:11
UAL,0.002782,5100000,2026-08-06T12:39:11
UAMA,0.0025,1000,2026-08-06T12:39:11
UAMY,0.010915999999999999,1200000,2026-08-06T12:39:11
UAN,0.004119,200000,2026-08-06T12:39:11
UAPC,0.0025,1100000,2026-08-06T12:39:11
UAPR,0.049047,150000,2026-08-06T12:39:11
UARI,0.042309,9800000,2026-08-06T12:39:11
UATG,0.0025,4000000,2026-08-06T12:39:11
UAUG,0.041374,60000,2026-08-06T12:39:11
UAVS,0.0042109999999999995,1700000,2026-08-06T12:39:11
UBAB,0.0025,85000,2026-08-06T12:39:11
UBCP,0.005004999999999999,25000,2026-08-06T12:39:11
UBER,0.0025,10000000,2026-08-06T12:39:11
UBEW,0.18976400000000002,10000,2026-08-06T12:39:11
UBEX,0.0025,1000,2026-08-06T12:39:11
UBIQ,0.0025,900000,2026-08-06T12:39:11
UBLI,0.0025,45000,2026-08-06T12:39:11
UBMRF,0.133239,250000,2026-08-06T12:39:11
UBND,0.140801,50000,2026-08-06T12:39:11
UBOH,0.0032479999999999996,5000,2026-08-06T12:39:11
UBOT,0.029845,30000,2026-08-06T12:39:11
UBQU,0.0025,10000000,2026-08-06T12:39:11
UBR,0.012844,4000,2026-08-06T12:39:11
UBRG,0.0025,10000000,2026-08-06T12:39:11
UBRL,0.0317,10000,2026-08-06T12:39:11
UBS,0.002787,1400000,2026-08-06T12:39:11
UBSFY,0.527795,3400000,2026-08-06T12:39:11
UBSI,0.0025,1500000,2026-08-06T12:39:11
UBT,0.007782,150000,2026-08-06T12:39:11
UCAR,0.540686,450000,2026-08-06T12:39:11
UCASU,0.0025,20000,2026-08-06T12:39:11
UCB,0.004099,1200000,2026-08-06T12:39:11
UCBB,0.0025,34,2026-08-06T12:39:11
UCBJY,0.039993,65000,2026-08-06T12:39:11
UCC,0.148812,10000,2026-08-06T12:39:11
UCFI,1.4946860000000002,300000,2026-08-06T12:39:11
UCHB,0.0025,8000,2026-08-06T12:39:11
UCHC,0.0025,2900000,2026-08-06T12:39:11
UCIB,0.008195000000000001,10000,2026-08-06T12:39:11
UCL,0.042023000000000005,850000,2026-08-06T12:39:11
UCLE,0.253396,250000,2026-08-06T12:39:11
UCO,0.11391,250000,2026-08-06T12:39:11
UCON,0.01014,300000,2026-08-06T12:39:11
UCOP,0.006842,80000,2026-08-06T12:39:11
UCPLF,0.017241,5000,2026-08-06T12:39:11
UCSO,0.0025,2000,2026-08-06T12:39:11
UCTN,0.0025,1000,2026-08-06T12:39:11
UCTT,0.002782,1100000,2026-08-06T12:39:11
UCTX,0.09445100000000001,100,2026-08-06T12:39:11
UCYB,0.046056,2000,2026-08-06T12:39:11
UDEC,0.042023000000000005,65000,2026-08-06T12:39:11
UDI,0.008087,200,2026-08-06T12:39:11
UDIV,0.012931,5000,2026-08-06T12:39:11
UDMG,0.0025,9000,2026-08-06T12:39:11
UDN,0.004298,200000,2026-08-06T12:39:11
UDOCF,0.006586,70000,2026-08-06T12:39:11
UDOW,0.026831,450000,2026-08-06T12:39:11
UDR,0.004135,3100000,2026-08-06T12:39:11
UDRYQ,0.0025,500,2026-08-06T12:39:11
UE,0.0032840000000000005,1700000,2026-08-06T12:39:11
UEC,0.0031450000000000002,3800000,2026-08-06T12:39:11
UECG,0.09876599999999999,45000,2026-08-06T12:39:11
UEEC,0.080113,2700000,2026-08-06T12:39:11
UEIC,0.005095,350000,2026-08-06T12:39:11
UELMO,0.0025,100,2026-08-06T12:39:11
UEPEM,0.109679,9000,2026-08-06T12:39:11
UEPEN,0.109679,1000,2026-08-06T12:39:11
UEPEO,0.0025,900,2026-08-06T12:39:11
UEPEP,0.0025,100,2026-08-06T12:39:11
UEVM,0.003215,700,2026-08-06T12:39:11
UFABQ,0.45604,250000,2026-08-06T12:39:11
UFCP,0.131524,3000,2026-08-06T12:39:11
UFCS,0.00411,300000,2026-08-06T12:39:11
UFEB,0.094795,95000,2026-08-06T12:39:11
UFFCQ,0.0025,200000,2026-08-06T12:39:11
UFG,0.155535,70000,2026-08-06T12:39:11
UFI,0.036732999999999995,750000,2026-08-06T12:39:11
UFIV,0.054114,25000,2026-08-06T12:39:11
UFMG,0.0025,3000,2026-08-06T12:39:11
UFO,0.024849,100000,2026-08-06T12:39:11
UFOD,0.054201,1000,2026-08-06T12:39:11
UFOX,0.011741,45000,2026-08-06T12:39:11
UFPI,0.004118,800000,2026-08-06T12:39:11
UFPT,0.004135,100000,2026-08-06T12:39:11
UG,0.004415,25000,2026-08-06T12:39:11
UGA,0.06742200000000001,20000,2026-08-06T12:39:11
UGDIF,0.0025,100000,2026-08-06T12:39:11
UGE,0.242285,40000,2026-08-06T12:39:11
UGHB,0.0025,1000,2026-08-06T12:39:11
UGI,0.002714,2300000,2026-08-06T12:39:11
UGIZ,0.0025,8100000,2026-08-06T12:39:11
UGL,0.014103000000000001,900000,2026-08-06T12:39:11
UGLD,0.106973,3000,2026-08-06T12:39:11
UGODF,0.181794,5000,2026-08-06T12:39:11
UGP,0.004079,3800000,2026-08-06T12:39:11
UHAL,0.005326999999999999,80000,2026-08-06T12:39:11
UHAL B,0.004081,800000,2026-08-06T12:39:11
UHS,0.0025,700000,2026-08-06T12:39:11
UHT,0.004081,500000,2026-08-06T12:39:11
UI,0.003115,100000,2026-08-06T12:39:11
UIS,0.004135,1300000,2026-08-06T12:39:11
UITA,0.0025,200000,2026-08-06T12:39:11
UITB,0.022595,550000,2026-08-06T12:39:11
UITK,0.0025,700000,2026-08-06T12:39:11
UIVM,0.163804,10000,2026-08-06T12:39:11
UJAN,0.04625,100000,2026-08-06T12:39:11
UJB,0.14892,5000,2026-08-06T12:39:11
UJUL,0.04599,100000,2026-08-06T12:39:11
UJUN,0.11768,15000,2026-08-06T12:39:11
UK,0.6372180000000001,25000,2026-08-06T12:39:11
UL,0.00422,1200000,2026-08-06T12:39:11
ULBI,0.003499,250000,2026-08-06T12:39:11
ULCC,0.00505,1100000,2026-08-06T12:39:11
ULE,0.010901000000000001,45000,2026-08-06T12:39:11
ULFS,0.0025,10,2026-08-06T12:39:11
ULGX,0.0025,1200000,2026-08-06T12:39:11
ULH,0.007835,45000,2026-08-06T12:39:11
ULS,0.004135,350000,2026-08-06T12:39:11
ULST,0.041051000000000004,300000,2026-08-06T12:39:11
ULTA,0.002565,700000,2026-08-06T12:39:11
ULTI,0.06232,100000,2026-08-06T12:39:11
ULTXF,0.008648,200000,2026-08-06T12:39:11
ULTY,0.097642,600000,2026-08-06T12:39:11
ULUR.OLD,0.0025,15000,2026-08-06T12:39:11
UMAC,0.006659000000000001,300000,2026-08-06T12:39:11
UMAL,0.10565300000000001,1000,2026-08-06T12:39:11
UMAM,0.0025,200000,2026-08-06T12:39:11
UMAR,0.023060999999999998,40000,2026-08-06T12:39:11
UMAV,0.146099,10000000,2026-08-06T12:39:11
UMAX,0.0025,1000,2026-08-06T12:39:11
UMAY,0.06367300000000001,150000,2026-08-06T12:39:11
UMBF,0.0028139999999999997,800000,2026-08-06T12:39:11
UMBFO,0.058022,35000,2026-08-06T12:39:11
UMC,0.007866999999999999,1700000,2026-08-06T12:39:11
UMCN,0.0025,2000,2026-08-06T12:39:11
UMCX,0.328702,5000,2026-08-06T12:39:11
UMDD,0.055675999999999996,8000,2026-08-06T12:39:11
UMEW,0.0025,45000,2026-08-06T12:39:11
UMH,0.00484,1000000,2026-08-06T12:39:11
UMH PRD,0.149207,150000,2026-08-06T12:39:11
UMI,0.119692,70000,2026-08-06T12:39:11
UMICY,0.12185700000000001,55000,2026-08-06T12:39:11
UMMA,0.006187000000000001,25000,2026-08-06T12:39:11
UNB,0.013607000000000001,20000,2026-08-06T12:39:11
UNCO,0.0025,10000000,2026-08-06T12:39:11
UNCRY,0.06232,1000000,2026-08-06T12:39:11
UNCY,0.006497,1900000,2026-08-06T12:39:11
UNDR,0.0025,3200000,2026-08-06T12:39:11
UNDT,0.0025,25000,2026-08-06T12:39:11
UNEH,0.0025,1000,2026-08-06T12:39:11
UNF,0.004081,350000,2026-08-06T12:39:11
UNFI,0.002999,600000,2026-08-06T12:39:11
UNFYF,0.00885,40000,2026-08-06T12:39:11
UNG,0.008874,1200000,2026-08-06T12:39:11
UNGS,0.0025,2600000,2026-08-06T12:39:11
UNH,0.0025,6100000,2026-08-06T12:39:11
UNHG,0.102697,20000,2026-08-06T12:39:11
UNHU,0.28492,20000,2026-08-06T12:39:11
UNHW,0.24803699999999998,10000,2026-08-06T12:39:11
UNIB,0.004081,9000,2026-08-06T12:39:11
UNICY,0.03325,850000,2026-08-06T12:39:11
UNIF,0.0033239999999999997,20000,2026-08-06T12:39:11
UNIR,0.0025,1000,2026-08-06T12:39:11
UNISQ,1.003012,2600000,2026-08-06T12:39:11
UNIT,0.003962,1700000,2026-08-06T12:39:11
UNIV.USD,0.0025,2000,2026-08-06T12:39:11
UNIY,0.010901000000000001,600,2026-08-06T12:39:11
UNL,0.015337,300000,2026-08-06T12:39:11
UNLA,0.0025,1200000,2026-08-06T12:39:11
UNLRY,0.0025,7000,2026-08-06T12:39:11
UNM,0.003865,2700000,2026-08-06T12:39:11
UNMA,0.049111,100000,2026-08-06T12:39:11
UNMK,0.0025,10000,2026-08-06T12:39:11
UNOV,0.11283599999999999,70000,2026-08-06T12:39:11
UNP,0.004298,3100000,2026-08-06T12:39:11
UNRG,0.025123000000000003,2600000,2026-08-06T12:39:11
UNRH,0.0025,650000,2026-08-06T12:39:11
UNSI,0.0025,20000,2026-08-06T12:39:11
UNSS,0.0025,10000,2026-08-06T12:39:11
UNTC,0.011457,500000,2026-08-06T12:39:11
UNTN,0.0025,100,2026-08-06T12:39:11
UNTY,0.010901000000000001,200000,2026-08-06T12:39:11
UNVC,0.008535000000000001,2700000,2026-08-06T12:39:11
UNVGY,0.002999,1600000,2026-08-06T12:39:11
UNX,0.052361000000000005,8000,2026-08-06T12:39:11
UNXLQ,0.0025,1200000,2026-08-06T12:39:11
UOCT,0.120053,200000,2026-08-06T12:39:11
UOIP,0.0025,10000000,2026-08-06T12:39:11
UOKAF,0.22153199999999998,25000,2026-08-06T12:39:11
UOLGY,0.042524,10000,2026-08-06T12:39:11
UOMO,0.0025,500,2026-08-06T12:39:11
UONEK,0.23710599999999998,450000,2026-08-06T12:39:11
UOVEY,0.036308,70000,2026-08-06T12:39:11
UP,0.378469,70000,2026-08-06T12:39:11
UPAL,0.040670000000000005,90000,2026-08-06T12:39:11
UPAR,0.010901000000000001,350000,2026-08-06T12:39:11
UPB,0.005568,800000,2026-08-06T12:39:11
UPBD,0.003808,1700000,2026-08-06T12:39:11
UPC,8.689298,1000,2026-08-06T12:39:11
UPCO,0.0025,1000000,2026-08-06T12:39:11
UPDC,0.0025,6000,2026-08-06T12:39:11
UPGD,0.14892,9000,2026-08-06T12:39:11
UPHL,0.060495,150000,2026-08-06T12:39:11
UPHN,0.0025,5000,2026-08-06T12:39:11
UPLD,0.020061,95000,2026-08-06T12:39:11
UPLT,0.006842,80000,2026-08-06T12:39:11
UPMMY,0.09614800000000001,70000,2026-08-06T12:39:11
UPNT,0.0025,20000,2026-08-06T12:39:11
UPPR,0.0025,1000,2026-08-06T12:39:11
UPRO,0.010244,600000,2026-08-06T12:39:11
UPS,0.0025,6600000,2026-08-06T12:39:11
UPSD,0.086676,100000,2026-08-06T12:39:11
UPST,0.00485,550000,2026-08-06T12:39:11
UPSX,0.12095,50000,2026-08-06T12:39:11
UPV,0.104267,30000,2026-08-06T12:39:11
UPW,0.10235,25000,2026-08-06T12:39:11
UPWK,0.004124,3700000,2026-08-06T12:39:11
UPXI,0.085338,2000000,2026-08-06T12:39:11
URA,0.003021,5300000,2026-08-06T12:39:11
URAA,0.020102000000000002,55000,2026-08-06T12:39:11
URAIF,0.095892,800000,2026-08-06T12:39:11
URAN,0.018621000000000002,10000,2026-08-06T12:39:11
URBF,0.0025,850000,2026-08-06T12:39:11
URBN,0.003964,850000,2026-08-06T12:39:11
URBT,0.0025,20000,2026-08-06T12:39:11
URCO,0.0025,750000,2026-08-06T12:39:11
URE,0.09885400000000001,30000,2026-08-06T12:39:11
UREKF,0.0038169999999999996,9000,2026-08-06T12:39:11
URG,0.007996,10000000,2026-08-06T12:39:11
URGN,0.003927,800000,2026-08-06T12:39:11
URHY,0.0025,20000,2026-08-06T12:39:11
URI,0.002782,500000,2026-08-06T12:39:11
URLOF,0.091524,1000000,2026-08-06T12:39:11
URNAF,0.013081,20000,2026-08-06T12:39:11
URNJ,0.0070999999999999995,1300000,2026-08-06T12:39:11
URNM,0.0025,1200000,2026-08-06T12:39:11
UROY,0.019249000000000002,1100000,2026-08-06T12:39:11
URSB,0.828204,15000,2026-08-06T12:39:11
URSP,0.027884000000000003,4000,2026-08-06T12:39:11
URTH,0.004135,850000,2026-08-06T12:39:11
URTY,0.059611,20000,2026-08-06T12:39:11
URZEF,0.217284,300000,2026-08-06T12:39:11
USA,0.02672,1400000,2026-08-06T12:39:11
USAC,0.007653999999999999,1300000,2026-08-06T12:39:11
USAE,0.0025,200000,2026-08-06T12:39:11
USAF,0.040670000000000005,100000,2026-08-06T12:39:11
USAI,0.06232,50000,2026-08-06T12:39:11
USAQ,0.0025,15000,2026-08-06T12:39:11
USAR,0.0036349999999999998,2800000,2026-08-06T12:39:11
USAS,0.011439999999999999,2600000,2026-08-06T12:39:11
USAU,0.011855,350000,2026-08-06T12:39:11
USAU.OLD1,0.0025,4000000,2026-08-06T12:39:11
USAX,0.36392800000000003,45000,2026-08-06T12:39:11
USB,0.0025,10000000,2026-08-06T12:39:11
USB PRA,0.07122,10000,2026-08-06T12:39:11
USB PRH,0.014469000000000001,200000,2026-08-06T12:39:11
USB PRP,0.094795,40000,2026-08-06T12:39:11
USB PRQ,0.038493,55000,2026-08-06T12:39:11
USB PRR,0.015007,350000,2026-08-06T12:39:11
USB PRS,0.04591,200000,2026-08-06T12:39:11
USBC,0.204998,1100000,2026-08-06T12:39:11
USCA,0.106973,45000,2026-08-06T12:39:11
USCB,0.0062050000000000004,500000,2026-08-06T12:39:11
USCI,0.008646000000000001,20000,2026-08-06T12:39:11
USCL,0.097501,100,2026-08-06T12:39:11
USCMF,0.10401099999999999,1200000,2026-08-06T12:39:11
USCS,0.0025,400000,2026-08-06T12:39:11
USCUF,0.030337999999999997,150000,2026-08-06T12:39:11
USD,0.006096000000000001,800000,2026-08-06T12:39:11
USDE,0.575346,1400000,2026-08-06T12:39:11
USDP,0.0033239999999999997,100000,2026-08-06T12:39:11
USDU,0.021297999999999997,150000,2026-08-06T12:39:11
USDX,0.129976,100000,2026-08-06T12:39:11
USE,0.064444,600,2026-08-06T12:39:11
USEA,0.063486,200000,2026-08-06T12:39:11
USEI,0.0025,10000000,2026-08-06T12:39:11
USEP,0.040670000000000005,55000,2026-08-06T12:39:11
USEW,0.06770999999999999,150000,2026-08-06T12:39:11
USFD,0.002782,2600000,2026-08-06T12:39:11
USFF,0.005489000000000001,10000000,2026-08-06T12:39:11
USFM,0.0025,100000,2026-08-06T12:39:11
USFR,0.002566,5400000,2026-08-06T12:39:11
USG,0.234457,10000,2026-08-06T12:39:11
USGA,0.0025,900000,2026-08-06T12:39:11
USGDF,0.0068720000000000005,3900000,2026-08-06T12:39:11
USGG,0.388423,250000,2026-08-06T12:39:11
USGO,0.057926000000000005,95000,2026-08-06T12:39:11
USGT,0.0025,600000,2026-08-06T12:39:11
USHAF,0.0033239999999999997,45000,2026-08-06T12:39:11
USHY,0.004164999999999999,10000000,2026-08-06T12:39:11
USIG,0.005217,4900000,2026-08-06T12:39:11
USIN,0.073069,4000,2026-08-06T12:39:11
USIO,0.036822,650000,2026-08-06T12:39:11
USL,0.088088,25000,2026-08-06T12:39:11
USLG,0.0025,850000,2026-08-06T12:39:11
USLM,0.003901,100000,2026-08-06T12:39:11
USLV,0.32911900000000005,150000,2026-08-06T12:39:11
USMC,0.044134,5000,2026-08-06T12:39:11
USMF,0.002782,250000,2026-08-06T12:39:11
USMJ,0.0025,10000000,2026-08-06T12:39:11
USMT,0.017141,400000,2026-08-06T12:39:11
USMV,0.005026,650000,2026-08-06T12:39:11
USNA,0.004081,900000,2026-08-06T12:39:11
USNG,0.466904,10000,2026-08-06T12:39:11
USNL,0.0025,10000000,2026-08-06T12:39:11
USNZ,0.097501,10000,2026-08-06T12:39:11
USNZY,0.082025,150000,2026-08-06T12:39:11
USO,0.039966,400000,2026-08-06T12:39:11
USOG,0.0025,10000000,2026-08-06T12:39:11
USOI,0.017772,150000,2026-08-06T12:39:11
USOY,0.007494,200000,2026-08-06T12:39:11
USPH,0.004135,100000,2026-08-06T12:39:11
USPR,0.0025,5800000,2026-08-06T12:39:11
USPS,0.0025,150000,2026-08-06T12:39:11
USPX,0.10543100000000001,9000,2026-08-06T12:39:11
USRC,0.0025,25000,2026-08-06T12:39:11
USREF,0.0074919999999999995,10000,2026-08-06T12:39:11
USRI,0.0025,55000,2026-08-06T12:39:11
USRM,0.0025,10000000,2026-08-06T12:39:11
USRT,0.002782,900000,2026-08-06T12:39:11
USSE,0.394647,4000,2026-08-06T12:39:11
USSG,0.040670000000000005,15000,2026-08-06T12:39:11
USSH,0.053416,4000,2026-08-06T12:39:11
UST,0.044451,40000,2026-08-06T12:39:11
USTB,0.0212,70000,2026-08-06T12:39:11
USTC,0.0025,1000000,2026-08-06T12:39:11
USVM,0.11910399999999999,100,2026-08-06T12:39:11
USWF,0.0025,1200000,2026-08-06T12:39:11
USWL,0.0025,60000,2026-08-06T12:39:11
USXF,0.019060999999999998,450000,2026-08-06T12:39:11
UTEN,0.041875,150000,2026-08-06T12:39:11
UTES,0.016264,80000,2026-08-06T12:39:11
UTF,0.0034660000000000003,500000,2026-08-06T12:39:11
UTG,0.009285999999999999,250000,2026-08-06T12:39:11
UTGN,0.129936,3000,2026-08-06T12:39:11
UTHR,0.0025,750000,2026-08-06T12:39:11
UTHY,0.031681,100000,2026-08-06T12:39:11
UTI,0.003701,2200000,2026-08-06T12:39:11
UTIXQ,0.0025,2000,2026-08-06T12:39:11
UTKN,0.0025,20000,2026-08-06T12:39:11
UTL,0.004081,450000,2026-08-06T12:39:11
UTMD,0.004658,35000,2026-08-06T12:39:11
UTRA,0.024524,100000,2026-08-06T12:39:11
UTRE,0.051495,3000,2026-08-06T12:39:11
UTRK,0.0025,50000,2026-08-06T12:39:11
UTRS,1.0802100000000001,10000,2026-08-06T12:39:11
UTRX,0.0025,300000,2026-08-06T12:39:11
UTSI,0.483634,75000,2026-08-06T12:39:11
UTSL,0.030733,6000,2026-08-06T12:39:11
UTWO,0.010485,100000,2026-08-06T12:39:11
UTWY,0.011009,20000,2026-08-06T12:39:11
UTZ,0.003558,5300000,2026-08-06T12:39:11
UUGRY,0.019767,75000,2026-08-06T12:39:11
UUP,0.006772,500000,2026-08-06T12:39:11
UURAF,0.072375,150000,2026-08-06T12:39:11
UUU,0.006842,400000,2026-08-06T12:39:11
UUUFF,0.049565,400000,2026-08-06T12:39:11
UUUG,0.160689,150000,2026-08-06T12:39:11
UUUU,0.008184,400000,2026-08-06T12:39:11
UVE,0.012482,750000,2026-08-06T12:39:11
UVFT,0.0025,200000,2026-08-06T12:39:11
UVIX,0.030373999999999998,450000,2026-08-06T12:39:11
UVRBY,0.0025,4000,2026-08-06T12:39:11
UVSE,0.0025,10000000,2026-08-06T12:39:11
UVSP,0.004842,450000,2026-08-06T12:39:11
UVSS,0.0025,55000,2026-08-06T12:39:11
UVV,0.004081,150000,2026-08-06T12:39:11
UVXY,0.06637900000000001,1100000,2026-08-06T12:39:11
UWBKQ,0.016364,3100000,2026-08-06T12:39:11
UWHR,0.016329,9000,2026-08-06T12:39:11
UWKI,0.009834,500000,2026-08-06T12:39:11
UWM,0.035275,95000,2026-08-06T12:39:11
UWMC,0.0116,2300000,2026-08-06T12:39:11
UX,0.040670000000000005,45000,2026-08-06T12:39:11
UXI,0.037152,15000,2026-08-06T12:39:11
UXIN,0.026557,1000000,2026-08-06T12:39:11
UXOC,0.006842,40000,2026-08-06T12:39:11
UXRP,0.047886,55000,2026-08-06T12:39:11
UYG,0.004209,80000,2026-08-06T12:39:11
UYLD,0.009518,200000,2026-08-06T12:39:11
UYM,0.033281,30000,2026-08-06T12:39:11
UYSC,0.499785,150000,2026-08-06T12:39:11
UYSCU,0.012199999999999999,100,2026-08-06T12:39:11
UZD,0.28775,100000,2026-08-06T12:39:11
UZE,0.139392,200000,2026-08-06T12:39:11
UZF,0.051345999999999996,80000,2026-08-06T12:39:11
UZX,0.077787,400000,2026-08-06T12:39:11
V,0.004081,5000000,2026-08-06T12:39:11
VABK,0.002635,50000,2026-08-06T12:39:11
VABS,0.013607000000000001,3000,2026-08-06T12:39:11
VAC,0.002636,250000,2026-08-06T12:39:11
VACI,0.031198,1500000,2026-08-06T12:39:11
VACI U,0.034337,500,2026-08-06T12:39:11
VACNY,0.039208,40000,2026-08-06T12:39:11
VADP,0.0025,65000,2026-08-06T12:39:11
VAIE,0.36542,700,2026-08-06T12:39:11
VAL,0.004081,1200000,2026-08-06T12:39:11
VALE,0.004135,10000000,2026-08-06T12:39:11
VALN,0.031000999999999997,60000,2026-08-06T12:39:11
VALQ,0.008195000000000001,4000,2026-08-06T12:39:11
VALU,0.010901000000000001,5000,2026-08-06T12:39:11
VALV,0.0025,65000,2026-08-06T12:39:11
VAMO,0.08021800000000001,800,2026-08-06T12:39:11
VANI,0.003985,1400000,2026-08-06T12:39:11
VAPR,0.0025,40000,2026-08-06T12:39:11
VARRY,0.159745,60000,2026-08-06T12:39:11
VASO,0.068289,5000000,2026-08-06T12:39:11
VATE,0.008831,500000,2026-08-06T12:39:11
VAUCF,0.176243,3800000,2026-08-06T12:39:11
VAVX,0.10502800000000001,100,2026-08-06T12:39:11
VAW,0.004439,80000,2026-08-06T12:39:11
VAXX,0.0040089999999999995,1300000,2026-08-06T12:39:11
VAYK,0.0025,6600000,2026-08-06T12:39:11
VB,0.005489000000000001,3500000,2026-08-06T12:39:11
VBAMF,0.012584,100000,2026-08-06T12:39:11
VBCA,0.094795,1000,2026-08-06T12:39:11
VBCB,0.179119,2000,2026-08-06T12:39:11
VBCC,2.035627,5000,2026-08-06T12:39:11
VBCD,2.123129,4000,2026-08-06T12:39:11
VBCE,0.098841,1000,2026-08-06T12:39:11
VBCF,0.402336,1000,2026-08-06T12:39:11
VBCH,1.5345199999999999,1000,2026-08-06T12:39:11
VBCI,0.700995,2000,2026-08-06T12:39:11
VBF,0.0046500000000000005,8000,2026-08-06T12:39:11
VBIL,0.007913,1800000,2026-08-06T12:39:11
VBIO,0.291028,70000,2026-08-06T12:39:11
VBK,0.005464,550000,2026-08-06T12:39:11
VBNB,0.09830399999999999,100,2026-08-06T12:39:11
VBND,0.094501,100000,2026-08-06T12:39:11
VBNK,0.006842,950000,2026-08-06T12:39:11
VBR,0.004135,1100000,2026-08-06T12:39:11
VBRE,0.0025,300000,2026-08-06T12:39:11
VBREY,0.314175,35000,2026-08-06T12:39:11
VBTC,0.0025,350000,2026-08-06T12:39:11
VC,0.0025,100000,2026-08-06T12:39:11
VCEB,0.020034999999999997,150000,2026-08-06T12:39:11
VCEL,0.0025,950000,2026-08-06T12:39:11
VCGMF,0.103346,60000,2026-08-06T12:39:11
VCHY,0.120345,10000,2026-08-06T12:39:11
VCIG,2.144779,600000,2026-08-06T12:39:11
VCIGF,0.028565,8000,2026-08-06T12:39:11
VCII,0.0025,600,2026-08-06T12:39:11
VCISY,0.036414,150000,2026-08-06T12:39:11
VCIT,0.004327,8100000,2026-08-06T12:39:11
VCLD,0.0025,75000,2026-08-06T12:39:11
VCLN,0.021899000000000002,15000,2026-08-06T12:39:11
VCLT,0.018805000000000002,1000000,2026-08-06T12:39:11
VCNX,0.6008789999999999,25000,2026-08-06T12:39:11
VCOB,0.10291399999999999,700,2026-08-06T12:39:11
VCR,0.01496,100000,2026-08-06T12:39:11
VCRB,0.012254000000000001,3300000,2026-08-06T12:39:11
VCRE,0.20439800000000002,20000,2026-08-06T12:39:11
VCRM,0.027633,400000,2026-08-06T12:39:11
VCSH,0.004468,3200000,2026-08-06T12:39:11
VCST,0.0025,500000,2026-08-06T12:39:11
VCSY,0.005489000000000001,10000000,2026-08-06T12:39:11
VCTR,0.002662,450000,2026-08-06T12:39:11
VCTY,0.0025,7800000,2026-08-06T12:39:11
VCUFF,0.031476000000000004,400000,2026-08-06T12:39:11
VCV,0.056193999999999994,55000,2026-08-06T12:39:11
VCYE,0.0025,30000,2026-08-06T12:39:11
VCYT,0.0025,1000000,2026-08-06T12:39:11
VDC,0.008719,150000,2026-08-06T12:39:11
VDE,0.004234,350000,2026-08-06T12:39:11
VDG,0.155084,5000,2026-08-06T12:39:11
VDIG,0.046082,8000,2026-08-06T12:39:11
VDMCY,0.043376,300000,2026-08-06T12:39:11
VDRM,0.0025,2500000,2026-08-06T12:39:11
VDTA,0.198189,25000,2026-08-06T12:39:11
VDV,0.122669,20000,2026-08-06T12:39:11
VEA,0.004135,10000000,2026-08-06T12:39:11
VECA,0.043376,150000,2026-08-06T12:39:11
VECA U,0.506145,500,2026-08-06T12:39:11
VECO,0.0025169999999999997,500000,2026-08-06T12:39:11
VEEA,0.105237,3100000,2026-08-06T12:39:11
VEEE,3.374584,7000,2026-08-06T12:39:11
VEEV,0.004122,2200000,2026-08-06T12:39:11
VEGA,0.138095,400,2026-08-06T12:39:11
VEGI,0.006977,75000,2026-08-06T12:39:11
VEGL.OLD,0.0025,15000,2026-08-06T12:39:11
VEGN,0.017757000000000002,15000,2026-08-06T12:39:11
VEII,0.0025,1000,2026-08-06T12:39:11
VEL,0.004616,25000,2026-08-06T12:39:11
VELA,0.0025,10000000,2026-08-06T12:39:11
VELL,0.330996,20000,2026-08-06T12:39:11
VELO,0.047112,250000,2026-08-06T12:39:11
VEMY,0.048716999999999996,60000,2026-08-06T12:39:11
VENCF,0.133239,20000,2026-08-06T12:39:11
VEND.OLD,0.0025,1000,2026-08-06T12:39:11
VENG.OLD,0.385096,35000,2026-08-06T12:39:11
VENU,0.013644,550000,2026-08-06T12:39:11
VEOEY,0.022889,400000,2026-08-06T12:39:11
VEON,0.002782,1200000,2026-08-06T12:39:11
VERA,0.004129,1300000,2026-08-06T12:39:11
VERI,0.015176,450000,2026-08-06T12:39:11
VERS,0.067731,20000,2026-08-06T12:39:11
VERTF,0.044621,55000,2026-08-06T12:39:11
VERU,0.011225,550000,2026-08-06T12:39:11
VERX,0.002798,3300000,2026-08-06T12:39:11
VET,0.004135,4300000,2026-08-06T12:39:11
VETIF,0.0025,100000,2026-08-06T12:39:11
VETZ,0.057602,25000,2026-08-06T12:39:11
VEU,0.003719,10000000,2026-08-06T12:39:11
VEVMQ,0.562226,3900000,2026-08-06T12:39:11
VEXC,0.036400999999999996,95000,2026-08-06T12:39:11
VEXTF,0.004961999999999999,1000000,2026-08-06T12:39:11
VFC,0.004081,9800000,2026-08-06T12:39:11
VFF,0.009637,4400000,2026-08-06T12:39:11
VFH,0.005432,750000,2026-08-06T12:39:11
VFLO,0.016563,150000,2026-08-06T12:39:11
VFMF,0.036158,100000,2026-08-06T12:39:11
VFMO,0.033539,100000,2026-08-06T12:39:11
VFMV,0.025901,35000,2026-08-06T12:39:11
VFORF,0.022742,10000,2026-08-06T12:39:11
VFQY,0.037909,20000,2026-08-06T12:39:11
VFRM,0.0033239999999999997,100000,2026-08-06T12:39:11
VFS,0.091431,250000,2026-08-06T12:39:11
VFTR,0.0025,2000,2026-08-06T12:39:11
VFVA,0.012068,45000,2026-08-06T12:39:11
VG,0.0025,10000000,2026-08-06T12:39:11
VGAS,0.056144999999999994,200000,2026-08-06T12:39:11
VGFCQ,0.137785,5100000,2026-08-06T12:39:11
VGGIF,0.0025,850000,2026-08-06T12:39:11
VGHY,0.042472,150000,2026-08-06T12:39:11
VGI,0.036118000000000004,150000,2026-08-06T12:39:11
VGID,0.0025,10000000,2026-08-06T12:39:11
VGIT,0.0030399999999999997,3600000,2026-08-06T12:39:11
VGK,0.006464,650000,2026-08-06T12:39:11
VGLT,0.005657,1400000,2026-08-06T12:39:11
VGM,0.037917,50000,2026-08-06T12:39:11
VGMS,0.038484,90000,2026-08-06T12:39:11
VGNT,0.004135,1600000,2026-08-06T12:39:11
VGRO,0.158516,400,2026-08-06T12:39:11
VGSH,0.004312,3000000,2026-08-06T12:39:11
VGSR,0.011633,850000,2026-08-06T12:39:11
VGT,0.002513,10000000,2026-08-06T12:39:11
VGTL,0.0025,9900000,2026-08-06T12:39:11
VGUS,0.008503,200000,2026-08-06T12:39:11
VGVT,0.042474,20000,2026-08-06T12:39:11
VGWA.OLD1,0.0025,20000,2026-08-06T12:39:11
VGZ,0.031038,3200000,2026-08-06T12:39:11
VHAI,0.002782,10000000,2026-08-06T12:39:11
VHC,0.011915,30000,2026-08-06T12:39:11
VHCP,0.073145,700000,2026-08-06T12:39:11
VHCPU,0.012199999999999999,1000,2026-08-06T12:39:11
VHGI,0.0025,1000000,2026-08-06T12:39:11
VHI,0.004997,80000,2026-08-06T12:39:11
VHLD,0.002782,100,2026-08-06T12:39:11
VHT,0.004298,400000,2026-08-06T12:39:11
VHUB,0.580307,350000,2026-08-06T12:39:11
VIA,0.006176,700000,2026-08-06T12:39:11
VIAAY,0.0025,3000,2026-08-06T12:39:11
VIAG,0.006928,2000,2026-08-06T12:39:11
VIAOY,0.0025,25000,2026-08-06T12:39:11
VIAV,0.004081,5500000,2026-08-06T12:39:11
VIBEF,0.004081,3000,2026-08-06T12:39:11
VIBI,0.0025,10000000,2026-08-06T12:39:11
VICA,0.0025,2400000,2026-08-06T12:39:11
VICE,0.040670000000000005,1000,2026-08-06T12:39:11
VICFF,0.0025,150000,2026-08-06T12:39:11
VICI,0.002505,10000000,2026-08-06T12:39:11
VICR,0.002782,850000,2026-08-06T12:39:11
VICT,0.0025,1600000,2026-08-06T12:39:11
VIDA,0.608982,400000,2026-08-06T12:39:11
VIDE,0.0025,1000,2026-08-06T12:39:11
VIEWF,0.0025,35000,2026-08-06T12:39:11
VIG,0.004135,3000000,2026-08-06T12:39:11
VIGI,0.006842,1400000,2026-08-06T12:39:11
VII,0.012199999999999999,950000,2026-08-06T12:39:11
VII U,0.013607000000000001,50000,2026-08-06T12:39:11
VIICQ,0.0025,10000000,2026-08-06T12:39:11
VIIQ,0.0025,100,2026-08-06T12:39:11
VIK,0.002933,2700000,2026-08-06T12:39:11
VINC,0.15163500000000002,300000,2026-08-06T12:39:11
VINO,1.081653,4000,2026-08-06T12:39:11
VINP,0.048428000000000006,900000,2026-08-06T12:39:11
VINS,0.0025,70000,2026-08-06T12:39:11
VINZF,0.20664000000000002,250000,2026-08-06T12:39:11
VIOG,0.013975999999999999,100000,2026-08-06T12:39:11
VIOO,0.008342,250000,2026-08-06T12:39:11
VIORF,0.013644,1100000,2026-08-06T12:39:11
VIOT,0.063456,4800000,2026-08-06T12:39:11
VIOV,0.00797,200000,2026-08-06T12:39:11
VIP,0.012341999999999999,500000,2026-08-06T12:39:11
VIPR,0.0025,200,2026-08-06T12:39:11
VIPRF,0.055232,700000,2026-08-06T12:39:11
VIPS,0.002782,5800000,2026-08-06T12:39:11
VIPV,0.0025,65000,2026-08-06T12:39:11
VIPZ,0.0025,1000,2026-08-06T12:39:11
VIR,0.004102,2300000,2026-08-06T12:39:11
VIRC,0.00569,200000,2026-08-06T12:39:11
VIRDY,0.10645099999999999,900,2026-08-06T12:39:11
VIRT,0.004568,2600000,2026-08-06T12:39:11
VIRX,0.144874,1300000,2026-08-06T12:39:11
VIS,0.026168,85000,2026-08-06T12:39:11
VISK,0.048804,90000,2026-08-06T12:39:11
VISL,0.032566000000000005,250000,2026-08-06T12:39:11
VISM,0.025941000000000002,10000000,2026-08-06T12:39:11
VISN,0.003075,10000000,2026-08-06T12:39:11
VISN.OLD,0.010284999999999999,1000,2026-08-06T12:39:11
VIST,0.002782,2500000,2026-08-06T12:39:11
VITFF,0.107677,20000,2026-08-06T12:39:11
VITL,0.004373,1900000,2026-08-06T12:39:11
VIV,0.005352,3500000,2026-08-06T12:39:11
VIVC,0.0025,6000,2026-08-06T12:39:11
VIVE,0.742145,300000,2026-08-06T12:39:11
VIVHY,0.077308,200000,2026-08-06T12:39:11
VIVK,2.8566789999999997,250000,2026-08-06T12:39:11
VIVO,0.124911,1000000,2026-08-06T12:39:11
VIVS,1.9178600000000001,550000,2026-08-06T12:39:11
VIVXF,0.0025,100000,2026-08-06T12:39:11
VIXM,0.056655,75000,2026-08-06T12:39:11
VIXY,0.014242,250000,2026-08-06T12:39:11
VIZC,0.0025,10000000,2026-08-06T12:39:11
VKI,0.094508,65000,2026-08-06T12:39:11
VKPW,0.0025,30000,2026-08-06T12:39:11
VKQ,0.06376699999999999,200000,2026-08-06T12:39:11
VKTX,0.002519,800000,2026-08-06T12:39:11
VLBI,0.0025,400000,2026-08-06T12:39:11
VLCJF,0.061794,35000,2026-08-06T12:39:11
VLDI,0.0025,1300000,2026-08-06T12:39:11
VLEEY,0.049901999999999995,25000,2026-08-06T12:39:11
VLGDF,0.008546,250000,2026-08-06T12:39:11
VLGEA,0.0038169999999999996,200000,2026-08-06T12:39:11
VLMGF,0.057304,450000,2026-08-06T12:39:11
VLN,0.0029110000000000004,1500000,2026-08-06T12:39:11
VLNT,0.155971,800,2026-08-06T12:39:11
VLO,0.002782,3500000,2026-08-06T12:39:11
VLOS,0.037626,900000,2026-08-06T12:39:11
VLPNY,0.043376,4000,2026-08-06T12:39:11
VLRS,0.008033,400000,2026-08-06T12:39:11
VLRXQ,0.002782,650000,2026-08-06T12:39:11
VLT,0.019806999999999998,20000,2026-08-06T12:39:11
VLTLF,0.024728,4600000,2026-08-06T12:39:11
VLTMF,0.131615,300000,2026-08-06T12:39:11
VLTO,0.0041589999999999995,3700000,2026-08-06T12:39:11
VLU,0.042748,15000,2026-08-06T12:39:11
VLUE,0.003386,450000,2026-08-06T12:39:11
VLVCY,0.15162599999999998,4000,2026-08-06T12:39:11
VLVLY,0.039414,100000,2026-08-06T12:39:11
VLXC,0.0025,550000,2026-08-06T12:39:11
VLY,0.0028199999999999996,8200000,2026-08-06T12:39:11
VLYFQ,0.0025,400000,2026-08-06T12:39:11
VLYPN,0.157387,10000,2026-08-06T12:39:11
VLYPO,0.087759,2000,2026-08-06T12:39:11
VLYPP,0.067832,6000,2026-08-06T12:39:11
VMAR,1.685897,150000,2026-08-06T12:39:11
VMAX,0.10561999999999999,300,2026-08-06T12:39:11
VMBS,0.007853,6000000,2026-08-06T12:39:11
VMC,0.004118,850000,2026-08-06T12:39:11
VMCAF,0.01464,15000,2026-08-06T12:39:11
VMCTE,0.0025,2500000,2026-08-06T12:39:11
VMCUF,0.01464,100,2026-08-06T12:39:11
VMD,0.0038209999999999997,1500000,2026-08-06T12:39:11
VMET,0.0542,5800000,2026-08-06T12:39:11
VMHG,0.189528,1400000,2026-08-06T12:39:11
VMI,0.004081,300000,2026-08-06T12:39:11
VMNT,0.0025,800000,2026-08-06T12:39:11
VMO,0.032774,55000,2026-08-06T12:39:11
VMRI,0.0025,15000,2026-08-06T12:39:11
VMSI,0.0025,5300000,2026-08-06T12:39:11
VMSSF,0.0025,10000,2026-08-06T12:39:11
VMST,0.0025,10000000,2026-08-06T12:39:11
VMSXF,0.00867,750000,2026-08-06T12:39:11
VMSYQ,0.0025,1600000,2026-08-06T12:39:11
VMTG,0.133239,600000,2026-08-06T12:39:11
VNAM,0.037942000000000004,50000,2026-08-06T12:39:11
VNCE,0.41127600000000003,450000,2026-08-06T12:39:11
VNDA,0.004039,2700000,2026-08-06T12:39:11
VNET,0.006326000000000001,4100000,2026-08-06T12:39:11
VNGAF,0.0025,2000,2026-08-06T12:39:11
VNJA,0.0025,600,2026-08-06T12:39:11
VNLA,0.002947,300000,2026-08-06T12:39:11
VNM,0.021438000000000002,650000,2026-08-06T12:39:11
VNME,0.012199999999999999,100000,2026-08-06T12:39:11
VNMEU,0.012199999999999999,500,2026-08-06T12:39:11
VNO,0.0025,2000000,2026-08-06T12:39:11
VNO PRL,0.037964000000000005,100000,2026-08-06T12:39:11
VNO PRM,0.038145,95000,2026-08-06T12:39:11
VNO PRN,0.043827,100000,2026-08-06T12:39:11
VNO PRO,0.034392,300000,2026-08-06T12:39:11
VNOM,0.002782,2000000,2026-08-06T12:39:11
VNQ,0.003073,3200000,2026-08-06T12:39:11
VNQI,0.004135,800000,2026-08-06T12:39:11
VNRFY,0.0025,100,2026-08-06T12:39:11
VNSE,0.09198,1000,2026-08-06T12:39:11
VNT,0.00414,900000,2026-08-06T12:39:11
VNTA,0.0025,20000,2026-08-06T12:39:11
VNTG,0.194951,450000,2026-08-06T12:39:11
VNTH,0.0025,10000000,2026-08-06T12:39:11
VNTI,0.0025,10000,2026-08-06T12:39:11
VNTRF,0.0025,100,2026-08-06T12:39:11
VNWTF,0.040517000000000004,500,2026-08-06T12:39:11
VO,0.003049,10000000,2026-08-06T12:39:11
VOC,0.012539,750000,2026-08-06T12:39:11
VOD,0.002782,8300000,2026-08-06T12:39:11
VOE,0.004494000000000001,700000,2026-08-06T12:39:11
VOHO,0.0025,7000,2026-08-06T12:39:11
VOIL,0.0025,3300000,2026-08-06T12:39:11
VOIS,0.0025,10000000,2026-08-06T12:39:11
VOLT,0.003685,100000,2026-08-06T12:39:11
VONE,0.00515,150000,2026-08-06T12:39:11
VONG,0.005109,1500000,2026-08-06T12:39:11
VONOY,0.037964000000000005,350000,2026-08-06T12:39:11
VONV,0.007331,400000,2026-08-06T12:39:11
VOO,0.0025,10000000,2026-08-06T12:39:11
VOOG,0.0025,2300000,2026-08-06T12:39:11
VOOV,0.007237,200000,2026-08-06T12:39:11
VOOX,0.10561999999999999,3000,2026-08-06T12:39:11
VOR,0.0042309999999999995,1200000,2026-08-06T12:39:11
VOT,0.006488000000000001,100000,2026-08-06T12:39:11
VOTE,0.042488,100000,2026-08-06T12:39:11
VOX,0.015743,100000,2026-08-06T12:39:11
VOXP,0.035257000000000004,20000,2026-08-06T12:39:11
VOXR,0.004319,3600000,2026-08-06T12:39:11
VOYA,0.002782,2000000,2026-08-06T12:39:11
VOYA PRB,0.162113,20000,2026-08-06T12:39:11
VOYG,0.005286,200000,2026-08-06T12:39:11
VPC,0.18280200000000002,10000,2026-08-06T12:39:11
VPER,0.0025,10000000,2026-08-06T12:39:11
VPFF,0.090971,20000,2026-08-06T12:39:11
VPG,0.004135,250000,2026-08-06T12:39:11
VPHIF,0.068289,15000,2026-08-06T12:39:11
VPIM,0.0025,25000,2026-08-06T12:39:11
VPL,0.008109,800000,2026-08-06T12:39:11
VPLM,0.0033239999999999997,1200000,2026-08-06T12:39:11
VPLS,0.040529,200000,2026-08-06T12:39:11
VPOR,0.0025,10000000,2026-08-06T12:39:11
VPRB,0.178704,950000,2026-08-06T12:39:11
VPRO,0.0025,450000,2026-08-06T12:39:11
VPTDF,0.016434999999999998,2200000,2026-08-06T12:39:11
VPU,0.006318000000000001,300000,2026-08-06T12:39:11
VPV,0.025429,1000,2026-08-06T12:39:11
VPWI,0.0025,300000,2026-08-06T12:39:11
VPX,0.119506,45000,2026-08-06T12:39:11
VQSSF,0.002949,55000,2026-08-06T12:39:11
VRA,0.003968,2300000,2026-08-06T12:39:11
VRAX,3.8694819999999996,55000,2026-08-06T12:39:11
VRAYQ,0.013081,2900000,2026-08-06T12:39:11
VRBFF,0.009834,90000,2026-08-06T12:39:11
VRCA,0.005058,550000,2026-08-06T12:39:11
VRCFF,0.002782,30000,2026-08-06T12:39:11
VRCI,0.0025,300000,2026-08-06T12:39:11
VRDN,0.002727,700000,2026-08-06T12:39:11
VRDR,0.019576,150000,2026-08-06T12:39:11
VRDT.OLD1,0.013066,100,2026-08-06T12:39:11
VRED,0.0025,3000000,2026-08-06T12:39:11
VREOF,0.055298999999999994,350000,2026-08-06T12:39:11
VREX,0.004081,1400000,2026-08-06T12:39:11
VRHI,0.048804,4000,2026-08-06T12:39:11
VRIG,0.023111000000000003,200000,2026-08-06T12:39:11
VRM,0.11214,15000,2026-08-06T12:39:11
VRME,0.28546099999999996,500000,2026-08-06T12:39:11
VRNO,0.029994999999999997,3400000,2026-08-06T12:39:11
VRNS,0.0043159999999999995,2200000,2026-08-06T12:39:11
VROT,0.0025,25000,2026-08-06T12:39:11
VROYF,0.048533,55000,2026-08-06T12:39:11
VRP,0.04937299999999999,450000,2026-08-06T12:39:11
VRPX,0.215551,30000,2026-08-06T12:39:11
VRRM,0.0032379999999999996,5300000,2026-08-06T12:39:11
VRSK,0.004081,1400000,2026-08-06T12:39:11
VRSN,0.0025,1400000,2026-08-06T12:39:11
VRSSF,0.252918,60000,2026-08-06T12:39:11
VRSYF,0.0025,250000,2026-08-06T12:39:11
VRT,0.004081,5000000,2026-08-06T12:39:11
VRTC,0.0025,6000,2026-08-06T12:39:11
VRTHF,0.0025,5000,2026-08-06T12:39:11
VRTK,0.0025,100,2026-08-06T12:39:11
VRTL,0.099747,150000,2026-08-06T12:39:11
VRTS,0.004873,150000,2026-08-06T12:39:11
VRTX,0.004081,2000000,2026-08-06T12:39:11
VRUS,0.0025,10000000,2026-08-06T12:39:11
VRXA,1.5452080000000001,15000,2026-08-06T12:39:11
VS,0.028258000000000002,100000,2026-08-06T12:39:11
VSA,2.6505099999999997,40000,2026-08-06T12:39:11
VSAT,0.002789,650000,2026-08-06T12:39:11
VSBGF,0.0025,150000,2026-08-06T12:39:11
VSDA,0.002782,300,2026-08-06T12:39:11
VSDB,0.036486,95000,2026-08-06T12:39:11
VSDM,0.033011,250000,2026-08-06T12:39:11
VSEC,0.002782,200000,2026-08-06T12:39:11
VSECU,0.010936999999999999,200000,2026-08-06T12:39:11
VSEE,0.251096,1000000,2026-08-06T12:39:11
VSGX,0.006382,450000,2026-08-06T12:39:11
VSH,0.0025,2800000,2026-08-06T12:39:11
VSLU,0.048176,150000,2026-08-06T12:39:11
VSMD,0.0025,45000,2026-08-06T12:39:11
VSME,4.083799,90000,2026-08-06T12:39:11
VSMR,0.0033239999999999997,700000,2026-08-06T12:39:11
VSMV,0.113739,200,2026-08-06T12:39:11
VSNT,0.004081,3100000,2026-08-06T12:39:11
VSOL,0.11081099999999999,40000,2026-08-06T12:39:11
VSOLF,0.180652,40000,2026-08-06T12:39:11
VSQTF,0.009734,2800000,2026-08-06T12:39:11
VSS,0.008035,1100000,2026-08-06T12:39:11
VSSPY,0.0025,3000,2026-08-06T12:39:11
VSST,0.0025,70000,2026-08-06T12:39:11
VST,0.004135,4600000,2026-08-06T12:39:11
VSTCQ,0.0025,1000,2026-08-06T12:39:11
VSTD,0.300881,100000,2026-08-06T12:39:11
VSTL,0.025129000000000002,15000,2026-08-06T12:39:11
VSTM,0.002846,1700000,2026-08-06T12:39:11
VSTS,0.003249,1100000,2026-08-06T12:39:11
VSTTF,0.051279000000000005,300000,2026-08-06T12:39:11
VSXY,0.004131,900000,2026-08-06T12:39:11
VSYM,0.0025,10000000,2026-08-06T12:39:11
VSYS,0.0025,750000,2026-08-06T12:39:11
VT,0.00291,10000000,2026-08-06T12:39:11
VTAK,3.029307,100000,2026-08-06T12:39:11
VTC,0.014157,800000,2026-08-06T12:39:11
VTDI,0.0025,500,2026-08-06T12:39:11
VTEB,0.059923000000000004,3800000,2026-08-06T12:39:11
VTEC,0.005397999999999999,200000,2026-08-06T12:39:11
VTECF,0.166688,20000,2026-08-06T12:39:11
VTEI,0.032109,200000,2026-08-06T12:39:11
VTEL,0.030602999999999998,35000,2026-08-06T12:39:11
VTEQ,0.0025,7000,2026-08-06T12:39:11
VTES,0.038531,150000,2026-08-06T12:39:11
VTEX,0.008298,550000,2026-08-06T12:39:11
VTG,0.142911,15000,2026-08-06T12:39:11
VTGDF,0.0025,1500000,2026-08-06T12:39:11
VTGN,0.012627,2100000,2026-08-06T12:39:11
VTHR,0.013325,35000,2026-08-06T12:39:11
VTI,0.002782,10000000,2026-08-06T12:39:11
VTIP,0.003569,4900000,2026-08-06T12:39:11
VTIX,0.177984,100000,2026-08-06T12:39:11
VTKLY,0.043647,15000,2026-08-06T12:39:11
VTMB,0.0025,1500000,2026-08-06T12:39:11
VTMC,0.0025,100,2026-08-06T12:39:11
VTMX,0.003307,200000,2026-08-06T12:39:11
VTN,0.044401,6000,2026-08-06T12:39:11
VTOL,0.003968,150000,2026-08-06T12:39:11
VTP,0.05006,35000,2026-08-06T12:39:11
VTR,0.004086,5900000,2026-08-06T12:39:11
VTRLY,0.0025,100,2026-08-06T12:39:11
VTRO,0.0025,2000,2026-08-06T12:39:11
VTRS,0.0025,10000000,2026-08-06T12:39:11
VTS,0.014662999999999999,200000,2026-08-06T12:39:11
VTSI,0.004887,550000,2026-08-06T12:39:11
VTV,0.004991,5400000,2026-08-06T12:39:11
VTVT,0.042046,40000,2026-08-06T12:39:11
VTWG,0.016279,20000,2026-08-06T12:39:11
VTWO,0.015321,450000,2026-08-06T12:39:11
VTWV,0.016949000000000002,60000,2026-08-06T12:39:11
VTXB,0.0025,60000,2026-08-06T12:39:11
VUG,0.004135,10000000,2026-08-06T12:39:11
VULC,0.0025,2000,2026-08-06T12:39:11
VUOC,0.0025,250000,2026-08-06T12:39:11
VUS,0.040670000000000005,100,2026-08-06T12:39:11
VUSB,0.002782,700000,2026-08-06T12:39:11
VUSE,0.14949199999999999,100000,2026-08-06T12:39:11
VUSG,0.052848,15000,2026-08-06T12:39:11
VUZI,0.029571999999999998,500000,2026-08-06T12:39:11
VV,0.002579,1600000,2026-08-06T12:39:11
VVCVF,0.0033239999999999997,450000,2026-08-06T12:39:11
VVIT,0.0025,25000,2026-08-06T12:39:11
VVIVF,0.018106999999999998,65000,2026-08-06T12:39:11
VVR,0.00461,950000,2026-08-06T12:39:11
VVTMF,0.003169,600,2026-08-06T12:39:11
VVV,0.004136,1000000,2026-08-06T12:39:11
VVX,0.0025,700000,2026-08-06T12:39:11
VWAGY,0.08287499999999999,250000,2026-08-06T12:39:11
VWAPY,0.051704,700000,2026-08-06T12:39:11
VWAV,0.256286,450000,2026-08-06T12:39:11
VWDRY,0.0033239999999999997,400000,2026-08-06T12:39:11
VWFB,0.009834,15000,2026-08-06T12:39:11
VWIN,0.0025,100000,2026-08-06T12:39:11
VWO,0.003096,10000000,2026-08-06T12:39:11
VWOB,0.005489000000000001,650000,2026-08-06T12:39:11
VXF,0.011566,550000,2026-08-06T12:39:11
VXIT,0.17857399999999998,5700000,2026-08-06T12:39:11
VXRT,0.020301,3800000,2026-08-06T12:39:11
VXTRQ,0.0025,10000000,2026-08-06T12:39:11
VXUS,0.004946,10000000,2026-08-06T12:39:11
VXX,0.036369,1200000,2026-08-06T12:39:11
VXZ,0.066327,15000,2026-08-06T12:39:11
VYCO,0.0025,5000,2026-08-06T12:39:11
VYDR,0.0025,600000,2026-08-06T12:39:11
VYEY,0.0025,100,2026-08-06T12:39:11
VYGR,0.004087,2300000,2026-08-06T12:39:11
VYGVQ,0.09937599999999999,800000,2026-08-06T12:39:11
VYLD,0.162451,5000,2026-08-06T12:39:11
VYM,0.004141000000000001,3300000,2026-08-06T12:39:11
VYMI,0.005773,1300000,2026-08-06T12:39:11
VYRE,0.003313,1100000,2026-08-06T12:39:11
VYST,0.0025,90000,2026-08-06T12:39:11
VYX,0.004547,400000,2026-08-06T12:39:11
VZ,0.002782,10000000,2026-08-06T12:39:11
VZIL,0.0025,100000,2026-08-06T12:39:11
VZLA,0.006169,3800000,2026-08-06T12:39:11
W,0.002625,2500000,2026-08-06T12:39:11
WAB,0.004081,1500000,2026-08-06T12:39:11
WABC,0.004088,500000,2026-08-06T12:39:11
WABF,0.090627,1000,2026-08-06T12:39:11
WACMY,0.0025,200,2026-08-06T12:39:11
WAFD,0.0034660000000000003,1100000,2026-08-06T12:39:11
WAFDP,0.041798,200000,2026-08-06T12:39:11
WAFU,0.05228,100000,2026-08-06T12:39:11
WAGN,0.040226,950000,2026-08-06T12:39:11
WAL,0.004085,700000,2026-08-06T12:39:11
WAL PRA,0.07093200000000001,300000,2026-08-06T12:39:11
WALD,0.263183,3300000,2026-08-06T12:39:11
WALRF,0.017888,25000,2026-08-06T12:39:11
WAMA,0.023455,45000,2026-08-06T12:39:11
WAMFF,0.037004,50000,2026-08-06T12:39:11
WANT,0.109247,10000,2026-08-06T12:39:11
WAR,0.054201,20000,2026-08-06T12:39:11
WARFY,0.0025,6000,2026-08-06T12:39:11
WARM,0.0025,3400000,2026-08-06T12:39:11
WARP,0.054253,100000,2026-08-06T12:39:11
WASH,0.0025,350000,2026-08-06T12:39:11
WAT,0.004135,500000,2026-08-06T12:39:11
WATS,0.157039,2000,2026-08-06T12:39:11
WATT,0.034194,250000,2026-08-06T12:39:11
WAVE,0.013124,100000,2026-08-06T12:39:11
WAVXQ,0.14096999999999998,40000,2026-08-06T12:39:11
WAY,0.004162,850000,2026-08-06T12:39:11
WB,0.013607000000000001,550000,2026-08-06T12:39:11
WBBA,0.0025,9000,2026-08-06T12:39:11
WBBW,0.133109,6000,2026-08-06T12:39:11
WBD,0.002867,10000000,2026-08-06T12:39:11
WBEVQ.OLD,1.171341,5000,2026-08-06T12:39:11
WBI,0.0056689999999999996,200000,2026-08-06T12:39:11
WBIG,0.071792,25000,2026-08-06T12:39:11
WBIL,0.09686199999999999,15000,2026-08-06T12:39:11
WBKCY,0.051495,25000,2026-08-06T12:39:11
WBPRO,0.0025,150000,2026-08-06T12:39:11
WBQNL,0.0025,25000,2026-08-06T12:39:11
WBRBY,0.14892,5000,2026-08-06T12:39:11
WBRE,0.0025,100000,2026-08-06T12:39:11
WBS,0.004196,1400000,2026-08-06T12:39:11
WBS PRF,0.211164,15000,2026-08-06T12:39:11
WBS PRG,0.081602,30000,2026-08-06T12:39:11
WBSR,0.0025,150000,2026-08-06T12:39:11
WBTMU,0.09671900000000001,7000,2026-08-06T12:39:11
WBTN,0.040454,150000,2026-08-06T12:39:11
WBUY,2.791836,20000,2026-08-06T12:39:11
WBWB,0.0025,30000,2026-08-06T12:39:11
WBX,0.071616,100000,2026-08-06T12:39:11
WBXU,0.0025,450000,2026-08-06T12:39:11
WCAP,0.10288399999999999,100000,2026-08-06T12:39:11
WCBR,0.029574,25000,2026-08-06T12:39:11
WCC,0.0025,600000,2026-08-06T12:39:11
WCCB,0.051495,85000,2026-08-06T12:39:11
WCCP,0.0025,30000,2026-08-06T12:39:11
WCFB,0.0032300000000000002,30000,2026-08-06T12:39:11
WCHG,0.0025,75000,2026-08-06T12:39:11
WCIG,0.0025,80000,2026-08-06T12:39:11
WCLD,0.11683199999999999,650000,2026-08-06T12:39:11
WCME,0.081053,7000,2026-08-06T12:39:11
WCMI,0.023807000000000002,350000,2026-08-06T12:39:11
WCN,0.0025,3300000,2026-08-06T12:39:11
WCPB,0.14892,100,2026-08-06T12:39:11
WCPRF,0.003845,5000000,2026-08-06T12:39:11
WCRS,0.0025,9000,2026-08-06T12:39:11
WCT,1.48256,80000,2026-08-06T12:39:11
WCUFD,0.39264899999999997,100000,2026-08-06T12:39:11
WCUI,0.0025,200000,2026-08-06T12:39:11
WD,0.003926,700000,2026-08-06T12:39:11
WDAF,0.094795,15000,2026-08-06T12:39:11
WDAI,1.695433,200,2026-08-06T12:39:11
WDAY,0.004135,900000,2026-08-06T12:39:11
WDBG,0.0025,2000,2026-08-06T12:39:11
WDC,0.0025540000000000003,4200000,2026-08-06T12:39:11
WDCX,0.037246,300000,2026-08-06T12:39:11
WDDD,0.0025,800000,2026-08-06T12:39:11
WDEF,0.045864,35000,2026-08-06T12:39:11
WDFC,0.0025779999999999996,150000,2026-08-06T12:39:11
WDFN,0.0025,800,2026-08-06T12:39:11
WDGF,0.01902,15000,2026-08-06T12:39:11
WDH,0.032595,8400000,2026-08-06T12:39:11
WDHR,0.0025,10000000,2026-08-06T12:39:11
WDI,0.006823,200000,2026-08-06T12:39:11
WDIG,0.036610000000000004,1000,2026-08-06T12:39:11
WDIV,0.008392,25000,2026-08-06T12:39:11
WDKA,0.0025,50000,2026-08-06T12:39:11
WDLF,0.0025,10000000,2026-08-06T12:39:11
WDMG,0.0025,700000,2026-08-06T12:39:11
WDNA,0.150847,800,2026-08-06T12:39:11
WDOFF,0.010504,1500000,2026-08-06T12:39:11
WDRN,0.037964000000000005,100000,2026-08-06T12:39:11
WDRP,0.002836,3400000,2026-08-06T12:39:11
WDS,0.016635,900000,2026-08-06T12:39:11
WDTE,0.016017999999999998,9000,2026-08-06T12:39:11
WEA,0.034641000000000005,25000,2026-08-06T12:39:11
WEAT,0.006914,950000,2026-08-06T12:39:11
WEAV,0.004502,5600000,2026-08-06T12:39:11
WEBB,0.01464,30000,2026-08-06T12:39:11
WEBC,0.0025,300,2026-08-06T12:39:11
WEBL,0.015794,150000,2026-08-06T12:39:11
WEBS,0.224759,60000,2026-08-06T12:39:11
WEC,0.0025,1800000,2026-08-06T12:39:11
WECS,0.0025,200000,2026-08-06T12:39:11
WEDXF,0.057238,150000,2026-08-06T12:39:11
WEED,0.011442,9000,2026-08-06T12:39:11
WEEEF,0.065775,1000,2026-08-06T12:39:11
WEEI,0.061785,65000,2026-08-06T12:39:11
WEEK,0.07546599999999999,45000,2026-08-06T12:39:11
WEEL,0.134853,50000,2026-08-06T12:39:11
WEGI,0.0025,40000,2026-08-06T12:39:11
WEGRY,0.35517499999999996,700,2026-08-06T12:39:11
WEGYF,0.12349600000000001,40000,2026-08-06T12:39:11
WEGZY,0.085323,65000,2026-08-06T12:39:11
WEJOF,0.091966,900000,2026-08-06T12:39:11
WELD,0.134582,15000,2026-08-06T12:39:11
WELL,0.0025,3700000,2026-08-06T12:39:11
WELPP,0.0025,2000,2026-08-06T12:39:11
WELX,0.05195,200000,2026-08-06T12:39:11
WEMU,0.0025,75000,2026-08-06T12:39:11
WEN,0.06989200000000001,550000,2026-08-06T12:39:11
WENC,0.617101,300000,2026-08-06T12:39:11
WENC U,0.761885,9000,2026-08-06T12:39:11
WENN,0.013607000000000001,1800000,2026-08-06T12:39:11
WENNU,0.012199999999999999,600,2026-08-06T12:39:11
WEPN,0.186663,2000,2026-08-06T12:39:11
WEQL,0.0025,900000,2026-08-06T12:39:11
WERN,0.0025,1000000,2026-08-06T12:39:11
WERU,0.0025,900000,2026-08-06T12:39:11
WES,0.0030280000000000003,4000000,2026-08-06T12:39:11
WESMF,0.011457,95000,2026-08-06T12:39:11
WEST,0.008816000000000001,70000,2026-08-06T12:39:11
WEST.OLD,0.0025,150000,2026-08-06T12:39:11
WETH,0.029515,400000,2026-08-06T12:39:11
WETO,0.98233,600,2026-08-06T12:39:11
WEX,0.004095,250000,2026-08-06T12:39:11
WEXPF,0.051993,150000,2026-08-06T12:39:11
WEYS,0.006461,40000,2026-08-06T12:39:11
WF,0.00749,95000,2026-08-06T12:39:11
WFAFY,0.051391,350000,2026-08-06T12:39:11
WFC,0.003656,10000000,2026-08-06T12:39:11
WFC PRA,0.0208,450000,2026-08-06T12:39:11
WFC PRC,0.031262,200000,2026-08-06T12:39:11
WFC PRD,0.040091,350000,2026-08-06T12:39:11
WFC PRL,0.013316,50000,2026-08-06T12:39:11
WFC PRY,0.054201,100000,2026-08-06T12:39:11
WFC PRZ,0.059939,700000,2026-08-06T12:39:11
WFCF,0.016108,50000,2026-08-06T12:39:11
WFCNP,0.0025,100,2026-08-06T12:39:11
WFF,0.221907,60000,2026-08-06T12:39:11
WFG,0.005967,200000,2026-08-06T12:39:11
WFLDF,0.012825999999999999,1000,2026-08-06T12:39:11
WFRC,0.0025,15000,2026-08-06T12:39:11
WFRD,0.004138,300000,2026-08-06T12:39:11
WFSTF,0.028231000000000003,10000,2026-08-06T12:39:11
WFTSF,0.0025,100000,2026-08-06T12:39:11
WGEE,0.0025,7000,2026-08-06T12:39:11
WGEI,0.0025,1000,2026-08-06T12:39:11
WGLIF,0.012072000000000001,700000,2026-08-06T12:39:11
WGMCF,0.0025,2500000,2026-08-06T12:39:11
WGMI,0.078094,90000,2026-08-06T12:39:11
WGMTF,0.031158,50000,2026-08-06T12:39:11
WGNR,0.0025,200000,2026-08-06T12:39:11
WGO,0.004164,250000,2026-08-06T12:39:11
WGS,0.004081,450000,2026-08-06T12:39:11
WGTFF,0.093934,20000,2026-08-06T12:39:11
WGXRF,0.004125,350000,2026-08-06T12:39:11
WH,0.00406,1900000,2026-08-06T12:39:11
WHD,0.004135,600000,2026-08-06T12:39:11
WHEN,0.0025,250000,2026-08-06T12:39:11
WHF,0.005223,350000,2026-08-06T12:39:11
WHFCL,0.065161,85000,2026-08-06T12:39:11
WHG,0.004111,85000,2026-08-06T12:39:11
WHGLY,0.018749000000000002,200000,2026-08-06T12:39:11
WHGOF,0.022824,4500000,2026-08-06T12:39:11
WHHT,0.0025,9000,2026-08-06T12:39:11
WHK,0.12667799999999999,550000,2026-08-06T12:39:11
WHLR,3.256791,1000,2026-08-06T12:39:11
WHLRD,0.185823,100000,2026-08-06T12:39:11
WHLRL,0.106973,10000,2026-08-06T12:39:11
WHLRP,0.035381,150000,2026-08-06T12:39:11
WHLT,0.0025,700,2026-08-06T12:39:11
WHR,0.004192,650000,2026-08-06T12:39:11
WHR PRA,0.087636,650000,2026-08-06T12:39:11
WHSI,0.0025,5600000,2026-08-06T12:39:11
WHWK,0.004705,3600000,2026-08-06T12:39:11
WHYRF,0.0212,20000,2026-08-06T12:39:11
WIA,0.153576,85000,2026-08-06T12:39:11
WIEI,0.0025,100,2026-08-06T12:39:11
WIFM,0.0025,250000,2026-08-06T12:39:11
WILC,0.044729,5000,2026-08-06T12:39:11
WILD.OLD1,0.0025,250000,2026-08-06T12:39:11
WILWY,0.002782,1000,2026-08-06T12:39:11
WIMI,0.034437999999999996,850000,2026-08-06T12:39:11
WINA,0.004135,35000,2026-08-06T12:39:11
WING,0.004135,300000,2026-08-06T12:39:11
WINH,0.0025,75000,2026-08-06T12:39:11
WINKF,0.012692000000000002,250000,2026-08-06T12:39:11
WINN,0.024258000000000002,550000,2026-08-06T12:39:11
WINR,0.0025,900000,2026-08-06T12:39:11
WINSF,0.0025,10000,2026-08-06T12:39:11
WINT,1.2097849999999999,2600000,2026-08-06T12:39:11
WINV,0.01464,30000,2026-08-06T12:39:11
WIP,0.014132,150000,2026-08-06T12:39:11
WIPKF,0.0032819999999999998,150000,2026-08-06T12:39:11
WIRX,0.0025,800000,2026-08-06T12:39:11
WISE,0.14892,9000,2026-08-06T12:39:11
WIT,0.060183999999999994,2700000,2026-08-06T12:39:11
WITM,0.06081400000000001,850000,2026-08-06T12:39:11
WIW,0.013607000000000001,600000,2026-08-06T12:39:11
WIX,0.005432,300000,2026-08-06T12:39:11
WJRYY,0.033228,85000,2026-08-06T12:39:11
WK,0.004081,1700000,2026-08-06T12:39:11
WKBT,0.0025,1700000,2026-08-06T12:39:11
WKC,0.0025,750000,2026-08-06T12:39:11
WKEY,0.053896,100000,2026-08-06T12:39:11
WKHS,0.27821,100000,2026-08-06T12:39:11
WKSP,0.6184499999999999,350000,2026-08-06T12:39:11
WLAB,0.0025,1000,2026-08-06T12:39:11
WLAN,0.0025,5200000,2026-08-06T12:39:11
WLBAQ,0.018253,700000,2026-08-06T12:39:11
WLBMF,0.266354,5000000,2026-08-06T12:39:11
WLCOU,0.8525449999999999,300000,2026-08-06T12:39:11
WLDBF,0.131934,1600000,2026-08-06T12:39:11
WLDFF,0.20560099999999998,20000,2026-08-06T12:39:11
WLDN,0.004099,250000,2026-08-06T12:39:11
WLDPF,0.048804,1200000,2026-08-06T12:39:11
WLDR,0.056907,8000,2026-08-06T12:39:11
WLDU,0.12321,10000,2026-08-06T12:39:11
WLFC,0.004233,95000,2026-08-06T12:39:11
WLGC,0.0025,850000,2026-08-06T12:39:11
WLGSF,0.047849,6500000,2026-08-06T12:39:11
WLII,0.022332,1000000,2026-08-06T12:39:11
WLK,0.004135,500000,2026-08-06T12:39:11
WLKP,0.041491,350000,2026-08-06T12:39:11
WLMIY,0.024568,300000,2026-08-06T12:39:11
WLMSQ,0.040129,100000,2026-08-06T12:39:11
WLOLQ,0.0025,1200000,2026-08-06T12:39:11
WLSI,0.0025,10000000,2026-08-06T12:39:11
WLSS,0.0025,3000,2026-08-06T12:39:11
WLSV,0.0025,3,2026-08-06T12:39:11
WLTG,0.018633999999999998,3000,2026-08-06T12:39:11
WLTH,0.004027,1500000,2026-08-06T12:39:11
WLVH,0.0025,600000,2026-08-06T12:39:11
WLWHY,0.0025,2000,2026-08-06T12:39:11
WLY,0.004124,350000,2026-08-06T12:39:11
WLYB,0.040761000000000006,800,2026-08-06T12:39:11
WLYW,0.0025,150000,2026-08-06T12:39:11
WM,0.0025,2500000,2026-08-06T12:39:11
WMB,0.004187,10000000,2026-08-06T12:39:11
WMG,0.002504,2200000,2026-08-06T12:39:11
WMG.H,0.167854,45000,2026-08-06T12:39:11
WMGR,0.0025,3000,2026-08-06T12:39:11
WMK,0.003569,150000,2026-08-06T12:39:11
WMLLF,0.009234,450000,2026-08-06T12:39:11
WMLPQ,0.0025,55000,2026-08-06T12:39:11
WMMVY,0.031428,150000,2026-08-06T12:39:11
WMNS,0.0025,1600000,2026-08-06T12:39:11
WMS,0.0037099999999999998,800000,2026-08-06T12:39:11
WMT,0.0025,10000000,2026-08-06T12:39:11
WMTI,0.20893899999999999,20000,2026-08-06T12:39:11
WNBD,0.0033239999999999997,450000,2026-08-06T12:39:11
WNC,0.004171,950000,2026-08-06T12:39:11
WNCG,0.0025,10000000,2026-08-06T12:39:11
WNDW,0.0054,150000,2026-08-06T12:39:11
WNEA,0.0025,250000,2026-08-06T12:39:11
WNEB,0.008676,250000,2026-08-06T12:39:11
WNFT,0.0025,350000,2026-08-06T12:39:11
WNGRF,0.004867,1300000,2026-08-06T12:39:11
WNLV,0.024447,200,2026-08-06T12:39:11
WNMLA,0.0025,2000,2026-08-06T12:39:11
WNRC,0.0025,450000,2026-08-06T12:39:11
WNRS,0.0025,2000,2026-08-06T12:39:11
WNTR,0.072885,15000,2026-08-06T12:39:11
WNW,3.432423,5000,2026-08-06T12:39:11
WNWG,0.0025,2700000,2026-08-06T12:39:11
WOAM,0.0025,500000,2026-08-06T12:39:11
WOBK,0.0025,500,2026-08-06T12:39:11
WODI,0.0025,250000,2026-08-06T12:39:11
WOEN,0.0025,250000,2026-08-06T12:39:11
WOFA,0.0025,3300000,2026-08-06T12:39:11
WOK,0.287059,75000,2026-08-06T12:39:11
WOLF,0.033826999999999996,250000,2026-08-06T12:39:11
WOLV,0.0025,15000,2026-08-06T12:39:11
WOMN,0.09398300000000001,100000,2026-08-06T12:39:11
WOOD,0.12994999999999998,50000,2026-08-06T12:39:11
WOOF,0.003376,2900000,2026-08-06T12:39:11
WOR,0.012011,350000,2026-08-06T12:39:11
WORC,0.0025,8000,2026-08-06T12:39:11
WORXD,0.37355400000000005,10000,2026-08-06T12:39:11
WOWI,0.0025,100000,2026-08-06T12:39:11
WPAC,0.012199999999999999,150000,2026-08-06T12:39:11
WPAC U,0.012199999999999999,200,2026-08-06T12:39:11
WPC,0.002782,2200000,2026-08-06T12:39:11
WPGCF,0.06747,550000,2026-08-06T12:39:11
WPHM,0.0025,6000,2026-08-06T12:39:11
WPM,0.004081,1100000,2026-08-06T12:39:11
WPNDF,0.031527,25000,2026-08-06T12:39:11
WPP,0.01786,95000,2026-08-06T12:39:11
WPRT,0.182311,350000,2026-08-06T12:39:11
WPUR,0.11103199999999999,3800000,2026-08-06T12:39:11
WQNI,0.0025,250000,2026-08-06T12:39:11
WQTM,0.062717,100000,2026-08-06T12:39:11
WR,0.063523,15000,2026-08-06T12:39:11
WRAP,0.051973000000000005,100000,2026-08-06T12:39:11
WRB,0.004102,2400000,2026-08-06T12:39:11
WRB PRE,0.073314,20000,2026-08-06T12:39:11
WRB PRF,0.171188,200000,2026-08-06T12:39:11
WRB PRG,0.057664999999999994,60000,2026-08-06T12:39:11
WRB PRH,0.058086,85000,2026-08-06T12:39:11
WRBY,0.004298,750000,2026-08-06T12:39:11
WRD,0.006515999999999999,10000000,2026-08-06T12:39:11
WRDLY,0.387005,2000,2026-08-06T12:39:11
WRGL,0.0025,400000,2026-08-06T12:39:11
WRIT,0.0025,4300000,2026-08-06T12:39:11
WRIV,0.10020699999999999,5000,2026-08-06T12:39:11
WRLC,0.113769,300,2026-08-06T12:39:11
WRLD,0.0025,75000,2026-08-06T12:39:11
WRLGF,0.017952,600000,2026-08-06T12:39:11
WRMA,0.0025,300000,2026-08-06T12:39:11
WRN,0.011977,2600000,2026-08-06T12:39:11
WRNT,0.0,90000,2026-08-06T12:39:11
WRTBY,0.143399,40000,2026-08-06T12:39:11
WRTH,0.029708000000000002,85000,2026-08-06T12:39:11
WS,0.004095,450000,2026-08-06T12:39:11
WSBC,0.004264,800000,2026-08-06T12:39:11
WSBCO,0.037437,75000,2026-08-06T12:39:11
WSBF,0.009416,500000,2026-08-06T12:39:11
WSBK,0.035623999999999996,150000,2026-08-06T12:39:11
WSC,0.004141000000000001,800000,2026-08-06T12:39:11
WSCE,0.0025,600000,2026-08-06T12:39:11
WSE,0.004288,4600000,2026-08-06T12:39:11
WSFGQ,0.0025,90000,2026-08-06T12:39:11
WSFL,0.0025,1000,2026-08-06T12:39:11
WSFS,0.0025,650000,2026-08-06T12:39:11
WSGE,0.040670000000000005,3000,2026-08-06T12:39:11
WSGP,0.0025,8900000,2026-08-06T12:39:11
WSHP,1.4880170000000001,15000,2026-08-06T12:39:11
WSHP.OLD,0.0025,200,2026-08-06T12:39:11
WSM,0.004081,1000000,2026-08-06T12:39:11
WSML,0.049015,55000,2026-08-06T12:39:11
WSNAF,0.0025,10000,2026-08-06T12:39:11
WSO,0.004135,45000,2026-08-06T12:39:11
WSO B,0.021726000000000002,2000,2026-08-06T12:39:11
WSRC,0.0025,700000,2026-08-06T12:39:11
WSRIF,0.042942999999999995,100000,2026-08-06T12:39:11
WSSE,0.0025,10000000,2026-08-06T12:39:11
WSSH,0.0025,3000,2026-08-06T12:39:11
WST,0.0034089999999999997,950000,2026-08-06T12:39:11
WSTI,0.0025,10000000,2026-08-06T12:39:11
WSTL,0.009834,200000,2026-08-06T12:39:11
WSTN,0.310102,95000,2026-08-06T12:39:11
WSTNU.OLD,0.012199999999999999,200,2026-08-06T12:39:11
WSTR,0.0025,2000,2026-08-06T12:39:11
WSTRF,0.022374,1400000,2026-08-06T12:39:11
WT,0.003198,1600000,2026-08-06T12:39:11
WTAI,0.009772999999999999,75000,2026-08-06T12:39:11
WTBA,0.002914,100000,2026-08-06T12:39:11
WTBDY,0.109367,100000,2026-08-06T12:39:11
WTBFB,0.008195000000000001,300,2026-08-06T12:39:11
WTBN,0.337004,3000,2026-08-06T12:39:11
WTCZF,0.122457,35000,2026-08-06T12:39:11
WTER,0.03419,1000000,2026-08-06T12:39:11
WTF,0.092211,25000,2026-08-06T12:39:11
WTFC,0.004135,900000,2026-08-06T12:39:11
WTFCN,0.046082,25000,2026-08-06T12:39:11
WTFS,0.0025,100,2026-08-06T12:39:11
WTG,0.092089,250000,2026-08-06T12:39:11
WTHVF,0.008191,250000,2026-08-06T12:39:11
WTI,0.004132,1300000,2026-08-06T12:39:11
WTIB,0.10291399999999999,5000,2026-08-06T12:39:11
WTID,0.096014,100000,2026-08-06T12:39:11
WTII,0.0025,8800000,2026-08-06T12:39:11
WTIP,0.070168,10000,2026-08-06T12:39:11
WTIU,0.12589,6000,2026-08-06T12:39:11
WTKWY,0.046947,55000,2026-08-06T12:39:11
WTLS,0.12595800000000001,10000,2026-08-06T12:39:11
WTM,0.003638,15000,2026-08-06T12:39:11
WTMF,0.030347,90000,2026-08-06T12:39:11
WTMU,0.073145,500,2026-08-06T12:39:11
WTPI,0.044793,550000,2026-08-06T12:39:11
WTRE,0.004119,9000,2026-08-06T12:39:11
WTRG,0.004194,2900000,2026-08-06T12:39:11
WTRO,0.0025,200000,2026-08-06T12:39:11
WTRV,0.0025,200,2026-08-06T12:39:11
WTS,0.004019,450000,2026-08-06T12:39:11
WTTR,0.004012,2900000,2026-08-06T12:39:11
WTV,0.033566,350000,2026-08-06T12:39:11
WTW,0.002782,700000,2026-08-06T12:39:11
WTXR,0.0033239999999999997,8000,2026-08-06T12:39:11
WU,0.007214000000000001,65000,2026-08-06T12:39:11
WUFG,0.0025,4800000,2026-08-06T12:39:11
WUGI,0.040615,10000,2026-08-06T12:39:11
WUHN,0.0025,150000,2026-08-06T12:39:11
WULF,0.003738,9700000,2026-08-06T12:39:11
WULX,0.12727,40000,2026-08-06T12:39:11
WUXAY,0.078557,9000,2026-08-06T12:39:11
WVE,0.003659,3800000,2026-08-06T12:39:11
WVFC,0.00821,800,2026-08-06T12:39:11
WVMDF,0.054843,20000,2026-08-06T12:39:11
WVVI,0.042023000000000005,50000,2026-08-06T12:39:11
WVVIP,0.207104,9000,2026-08-06T12:39:11
WW,0.004076,1500000,2026-08-06T12:39:11
WWD,0.0025,600000,2026-08-06T12:39:11
WWDH,0.0025,1000000,2026-08-06T12:39:11
WWEB,0.0025,45000,2026-08-06T12:39:11
WWEI,0.0025,550000,2026-08-06T12:39:11
WWHC.OLD,0.002782,500,2026-08-06T12:39:11
WWIO,0.0025,10000000,2026-08-06T12:39:11
WWJD,0.053703,700000,2026-08-06T12:39:11
WWNG,0.0025,30000,2026-08-06T12:39:11
WWNTY,0.0025,1000,2026-08-06T12:39:11
WWPW,0.0025,250000,2026-08-06T12:39:11
WWR,0.004102,5100000,2026-08-06T12:39:11
WWRL,0.0025,25000,2026-08-06T12:39:11
WWTH,0.0025,2900000,2026-08-06T12:39:11
WWW,0.004535,1000000,2026-08-06T12:39:11
WXET,0.032246000000000004,10000,2026-08-06T12:39:11
WXM,1.183692,5000,2026-08-06T12:39:11
WXMN,0.0025,4000,2026-08-06T12:39:11
WXXWY,0.010072000000000001,500000,2026-08-06T12:39:11
WY,0.002782,6800000,2026-08-06T12:39:11
WYFI,0.080519,90000,2026-08-06T12:39:11
WYFL,0.102463,4000,2026-08-06T12:39:11
WYGC,0.003215,55000,2026-08-06T12:39:11
WYGPY,0.051495,900,2026-08-06T12:39:11
WYNMY,0.007416000000000001,10000,2026-08-06T12:39:11
WYNN,0.004135,350000,2026-08-06T12:39:11
WYPH,0.0025,60000,2026-08-06T12:39:11
WYTC,0.0033239999999999997,4000,2026-08-06T12:39:11
WYY,0.004911,350000,2026-08-06T12:39:11
XAGE,2.19786,40000,2026-08-06T12:39:11
XAGG,0.134261,35000,2026-08-06T12:39:11
XAGI,0.158392,2000,2026-08-06T12:39:11
XAIR,0.245274,55000,2026-08-06T12:39:11
XAIX,0.030038999999999996,50000,2026-08-06T12:39:11
XALL,0.133239,4600000,2026-08-06T12:39:11
XAPR,0.11103199999999999,25000,2026-08-06T12:39:11
XAR,0.011051,95000,2026-08-06T12:39:11
XAUG,0.091694,1000,2026-08-06T12:39:11
XB,0.047435,25000,2026-08-06T12:39:11
XBAP,0.027815,8000,2026-08-06T12:39:11
XBB,0.040670000000000005,8000,2026-08-06T12:39:11
XBCI,0.009804,65000,2026-08-06T12:39:11
XBFR,0.460139,100000,2026-08-06T12:39:11
XBI,0.01671,600000,2026-08-06T12:39:11
XBIL,0.0030930000000000003,300000,2026-08-06T12:39:11
XBIO,0.055131,200000,2026-08-06T12:39:11
XBIT,0.011162,850000,2026-08-06T12:39:11
XBJA,0.038771,35000,2026-08-06T12:39:11
XBJL,0.044729,1000,2026-08-06T12:39:11
XBOC,0.100168,80000,2026-08-06T12:39:11
XBOR,0.0025,30000,2026-08-06T12:39:11
XBOTF,0.03605,500000,2026-08-06T12:39:11
XBOX,0.026136,100000,2026-08-06T12:39:11
XBP,0.211028,150000,2026-08-06T12:39:11
XBRAF,0.05992600000000001,300000,2026-08-06T12:39:11
XBTY,0.051301,4000,2026-08-06T12:39:11
XC,0.009377,1000,2026-08-06T12:39:11
XCBE,0.012199999999999999,2100000,2026-08-06T12:39:11
XCBEU,0.012199999999999999,500,2026-08-06T12:39:11
XCCC,0.024432,150000,2026-08-06T12:39:11
XCEM,0.030775999999999998,150000,2026-08-06T12:39:11
XCHG,0.0025,100,2026-08-06T12:39:11
XCHO,0.0025,3200000,2026-08-06T12:39:11
XCLK,0.0025,10000000,2026-08-06T12:39:11
XCLL,0.071536,8300000,2026-08-06T12:39:11
XCLR,0.402766,200,2026-08-06T12:39:11
XCNY,0.006842,8000,2026-08-06T12:39:11
XCOM,0.140801,1000,2026-08-06T12:39:11
XCOMQ,0.0025,650000,2026-08-06T12:39:11
XCOR,0.003215,6000,2026-08-06T12:39:11
XCPL,0.0025,10000000,2026-08-06T12:39:11
XCPT,0.0025,50000,2026-08-06T12:39:11
XCRP,0.0025,15000,2026-08-06T12:39:11
XCRT,0.0033239999999999997,2800000,2026-08-06T12:39:11
XCUR,0.201626,75000,2026-08-06T12:39:11
XDAT,0.10156000000000001,6000,2026-08-06T12:39:11
XDEC,0.012254000000000001,10000,2026-08-06T12:39:11
XDEF,0.051495,6000,2026-08-06T12:39:11
XDIV,0.044729,200000,2026-08-06T12:39:11
XDQQ,0.10156000000000001,60000,2026-08-06T12:39:11
XDSL,0.0025,350000,2026-08-06T12:39:11
XDSQ,0.057725,25000,2026-08-06T12:39:11
XDTE,0.023079000000000002,150000,2026-08-06T12:39:11
XEBEQ,0.220946,1000,2026-08-06T12:39:11
XEL,0.0025,3300000,2026-08-06T12:39:11
XELA,0.07251,150000,2026-08-06T12:39:11
XELAP,0.214832,70000,2026-08-06T12:39:11
XELB,0.128969,300000,2026-08-06T12:39:11
XELLL,0.002862,200000,2026-08-06T12:39:11
XEMD,0.004298,10000,2026-08-06T12:39:11
XENE,0.0043430000000000005,1100000,2026-08-06T12:39:11
XENO,0.0025,5000,2026-08-06T12:39:11
XERI,0.185199,7700000,2026-08-06T12:39:11
XERS,0.004081,5500000,2026-08-06T12:39:11
XES,0.030494,70000,2026-08-06T12:39:11
XFCH,0.0025,6000,2026-08-06T12:39:11
XFCI,0.0025,2000,2026-08-06T12:39:11
XFEB,0.035257000000000004,15000,2026-08-06T12:39:11
XFIV,0.057645,60000,2026-08-06T12:39:11
XFLH,0.311295,150000,2026-08-06T12:39:11
XFLH U,0.012199999999999999,5000,2026-08-06T12:39:11
XFLS,0.0025,150000,2026-08-06T12:39:11
XFLT,0.002752,750000,2026-08-06T12:39:11
XFLX,0.06232,400,2026-08-06T12:39:11
XFOR,0.00473,1100000,2026-08-06T12:39:11
XFTB,0.0025,150000,2026-08-06T12:39:11
XGN,0.004628,3100000,2026-08-06T12:39:11
XHB,0.014211,150000,2026-08-06T12:39:11
XHE,0.043059,95000,2026-08-06T12:39:11
XHG,0.060967,45000,2026-08-06T12:39:11
XHLD,0.21231999999999998,600000,2026-08-06T12:39:11
XHLF,0.011389,400000,2026-08-06T12:39:11
XHR,0.003909,1400000,2026-08-06T12:39:11
XHS,0.042678,35000,2026-08-06T12:39:11
XIDE,0.146679,15000,2026-08-06T12:39:11
XIFR,0.002956,3200000,2026-08-06T12:39:11
XIGMF,0.0025,100,2026-08-06T12:39:11
XIGV,0.01902,4000,2026-08-06T12:39:11
XIIIU,1.112345,4400000,2026-08-06T12:39:11
XIJN,0.24330100000000002,7000,2026-08-06T12:39:11
XIMR,0.008195000000000001,10000,2026-08-06T12:39:11
XIN,0.07531,100000,2026-08-06T12:39:11
XISE,0.108218,10000,2026-08-06T12:39:11
XISHY,0.152988,5000,2026-08-06T12:39:11
XITK,0.14892,8000,2026-08-06T12:39:11
XITO,0.01464,100000,2026-08-06T12:39:11
XJAN,0.0025,50000,2026-08-06T12:39:11
XJH,0.027718,250000,2026-08-06T12:39:11
XJR,0.052577,200000,2026-08-06T12:39:11
XJUL,0.0025,900,2026-08-06T12:39:11
XJUN,0.020373000000000002,30000,2026-08-06T12:39:11
XLACF,0.02335,30000,2026-08-06T12:39:11
XLB,0.005489000000000001,1100000,2026-08-06T12:39:11
XLBI,0.04233,4000,2026-08-06T12:39:11
XLBX,0.150989,9000,2026-08-06T12:39:11
XLC,0.004815,350000,2026-08-06T12:39:11
XLCI,0.177886,2000,2026-08-06T12:39:11
XLE,0.004163,5300000,2026-08-06T12:39:11
XLEI,0.047435,30000,2026-08-06T12:39:11
XLF,0.002782,10000000,2026-08-06T12:39:11
XLFI,0.16081099999999998,7000,2026-08-06T12:39:11
XLFX,0.100884,9000,2026-08-06T12:39:11
XLG,0.005416,550000,2026-08-06T12:39:11
XLI,0.004188,650000,2026-08-06T12:39:11
XLII,0.13689199999999999,1000,2026-08-06T12:39:11
XLIT,0.0025,2800000,2026-08-06T12:39:11
XLK,0.004081,3000000,2026-08-06T12:39:11
XLKI,0.14621399999999998,4000,2026-08-06T12:39:11
XLKX,0.040670000000000005,1000,2026-08-06T12:39:11
XLO,0.050319,100000,2026-08-06T12:39:11
XLP,0.004236,1400000,2026-08-06T12:39:11
XLRE,0.0034000000000000002,1100000,2026-08-06T12:39:11
XLRI,0.04516200000000001,1000,2026-08-06T12:39:11
XLSI,0.054742,5000,2026-08-06T12:39:11
XLSR,0.049281,100000,2026-08-06T12:39:11
XLU,0.0025,5600000,2026-08-06T12:39:11
XLUI,0.052848,20000,2026-08-06T12:39:11
XLUX,0.013607000000000001,9000,2026-08-06T12:39:11
XLV,0.002878,1200000,2026-08-06T12:39:11
XLVI,0.09966599999999999,30000,2026-08-06T12:39:11
XLVX,0.14892,200,2026-08-06T12:39:11
XLWH,0.0025,400,2026-08-06T12:39:11
XLY,0.004135,500000,2026-08-06T12:39:11
XLYI,0.004135,2000,2026-08-06T12:39:11
XMAG,0.029411,30000,2026-08-06T12:39:11
XMAR,0.027195999999999998,15000,2026-08-06T12:39:11
XMAX,0.16049600000000003,600000,2026-08-06T12:39:11
XME,0.009666000000000001,50000,2026-08-06T12:39:11
XMHQ,0.010165,150000,2026-08-06T12:39:11
XMLV,0.015732,70000,2026-08-06T12:39:11
XMMO,0.017124,150000,2026-08-06T12:39:11
XMPT,0.051833,25000,2026-08-06T12:39:11
XMTR,0.002782,500000,2026-08-06T12:39:11
XMVM,0.029072,25000,2026-08-06T12:39:11
XNAV,0.11054800000000001,6000,2026-08-06T12:39:11
XNCR,0.00414,500000,2026-08-06T12:39:11
XNDU,0.153931,100000,2026-08-06T12:39:11
XNDX,0.11676199999999999,6000,2026-08-06T12:39:11
XNET,0.014283999999999998,4800000,2026-08-06T12:39:11
XNEZ,0.0025,600000,2026-08-06T12:39:11
XNGSY,0.042023000000000005,450000,2026-08-06T12:39:11
XNOV,0.340955,25000,2026-08-06T12:39:11
XNRG,0.0025,10000000,2026-08-06T12:39:11
XNTK,0.028492000000000003,150000,2026-08-06T12:39:11
XOCT,0.046082,20000,2026-08-06T12:39:11
XOM,0.004081,10000000,2026-08-06T12:39:11
XOMO,0.035257000000000004,40000,2026-08-06T12:39:11
XOMX,0.092089,70000,2026-08-06T12:39:11
XONE,0.035793,45000,2026-08-06T12:39:11
XONI,0.0025,500000,2026-08-06T12:39:11
XOP,0.018118000000000002,150000,2026-08-06T12:39:11
XOS,0.099097,65000,2026-08-06T12:39:11
XOVL,0.151577,8000,2026-08-06T12:39:11
XOVR,0.008392,10000000,2026-08-06T12:39:11
XP,0.004158,10000000,2026-08-06T12:39:11
XPAY,0.036319,55000,2026-08-06T12:39:11
XPEL,0.0032519999999999997,700000,2026-08-06T12:39:11
XPER,0.004007,400000,2026-08-06T12:39:11
XPEV,0.0059819999999999995,8300000,2026-08-06T12:39:11
XPH,0.03728,100000,2026-08-06T12:39:11
XPL,0.004135,850000,2026-08-06T12:39:11
XPND,0.040670000000000005,8000,2026-08-06T12:39:11
XPO,0.002906,800000,2026-08-06T12:39:11
XPOF,0.005173,800000,2026-08-06T12:39:11
XPON,0.11347099999999999,55000,2026-08-06T12:39:11
XPP,0.027139000000000003,30000,2026-08-06T12:39:11
XPRO,0.002771,600000,2026-08-06T12:39:11
XQQI,0.019911,400000,2026-08-06T12:39:11
XQTM,0.06747,1000,2026-08-06T12:39:11
XRAY,0.004135,3200000,2026-08-06T12:39:11
XREG,0.0025,10000000,2026-08-06T12:39:11
XRLX,0.097501,10000,2026-08-06T12:39:11
XRMI,0.021726000000000002,45000,2026-08-06T12:39:11
XRN,0.004136,65000,2026-08-06T12:39:11
XRN PRA,0.084408,20000,2026-08-06T12:39:11
XRN PRB,0.194926,4000,2026-08-06T12:39:11
XRP,0.033805,650000,2026-08-06T12:39:11
XRPC,0.017076,200000,2026-08-06T12:39:11
XRPI,0.020457,150000,2026-08-06T12:39:11
XRPM,0.077447,1000,2026-08-06T12:39:11
XRPN,0.039941,1600000,2026-08-06T12:39:11
XRPNU,1.112345,300,2026-08-06T12:39:11
XRPR,0.10561999999999999,500000,2026-08-06T12:39:11
XRPT,0.049843,10000,2026-08-06T12:39:11
XRPZ,0.039658,400000,2026-08-06T12:39:11
XRT,0.012567,700000,2026-08-06T12:39:11
XRTX,0.9856969999999999,30000,2026-08-06T12:39:11
XRX,0.017601,1400000,2026-08-06T12:39:11
XSD,0.037964000000000005,50000,2026-08-06T12:39:11
XSEM,0.27563099999999996,3000,2026-08-06T12:39:11
XSEP,0.007747,10000,2026-08-06T12:39:11
XSHD,0.023769,55000,2026-08-06T12:39:11
XSHP,0.116391,6000,2026-08-06T12:39:11
XSHQ,0.024678,100000,2026-08-06T12:39:11
XSLL,0.012254000000000001,450000,2026-08-06T12:39:11
XSLLU,0.012199999999999999,250000,2026-08-06T12:39:11
XSLV,0.007518,55000,2026-08-06T12:39:11
XSMO,0.028421,300000,2026-08-06T12:39:11
XSNX,0.0025,1000,2026-08-06T12:39:11
XSOE,0.005958,150000,2026-08-06T12:39:11
XSPC,0.15487399999999998,6000,2026-08-06T12:39:11
XSPI,0.039471,100000,2026-08-06T12:39:11
XSVM,0.015797000000000002,100000,2026-08-06T12:39:11
XSVN,0.04845,75000,2026-08-06T12:39:11
XSW,0.071218,85000,2026-08-06T12:39:11
XT,0.012821,100000,2026-08-06T12:39:11
XTAIF,0.20413,150000,2026-08-06T12:39:11
XTAP,0.493994,100000,2026-08-06T12:39:11
XTEN,0.07987,100000,2026-08-06T12:39:11
XTEPY,0.097501,100,2026-08-06T12:39:11
XTGRF,0.092965,10000,2026-08-06T12:39:11
XTIA,0.057472,1100000,2026-08-06T12:39:11
XTJA,0.059955999999999995,100,2026-08-06T12:39:11
XTJL,0.0025,10000,2026-08-06T12:39:11
XTL,0.033780000000000004,55000,2026-08-06T12:39:11
XTLB,1.2721559999999998,80000,2026-08-06T12:39:11
XTN,0.101638,70000,2026-08-06T12:39:11
XTNT,0.004059,1000000,2026-08-06T12:39:11
XTOC,0.029574,25000,2026-08-06T12:39:11
XTPT,0.0033239999999999997,250000,2026-08-06T12:39:11
XTR,0.182748,1000,2026-08-06T12:39:11
XTRAF,0.038791,3100000,2026-08-06T12:39:11
XTRE,0.077485,55000,2026-08-06T12:39:11
XTRM,0.0025,10000000,2026-08-06T12:39:11
XTWO,0.060171999999999996,100000,2026-08-06T12:39:11
XTWY,0.936439,40000,2026-08-06T12:39:11
XUDV,0.115092,100,2026-08-06T12:39:11
XUSP,0.046395,20000,2026-08-06T12:39:11
XV,0.021797,80000,2026-08-06T12:39:11
XVUG,0.158392,700,2026-08-06T12:39:11
XVV,0.034036,300000,2026-08-06T12:39:11
XWEL,0.217117,200000,2026-08-06T12:39:11
XXI,0.016747,350000,2026-08-06T12:39:11
XXII,1.310984,10000,2026-08-06T12:39:11
XXRP,0.036907,200000,2026-08-06T12:39:11
XXV,0.043060999999999995,350000,2026-08-06T12:39:11
XYF,0.009349,4300000,2026-08-06T12:39:11
XYIGY,0.0025,2000,2026-08-06T12:39:11
XYL,0.003085,3200000,2026-08-06T12:39:11
XYLD,0.03232,30000,2026-08-06T12:39:11
XYLG,0.027139000000000003,20000,2026-08-06T12:39:11
XYNH,0.0025,2000000,2026-08-06T12:39:11
XYTS,0.0025,20000,2026-08-06T12:39:11
XYZ,0.0025,10000000,2026-08-06T12:39:11
XYZG,0.038276,10000,2026-08-06T12:39:11
XYZY,0.043925,10000,2026-08-06T12:39:11
XZO,0.0072770000000000005,100000,2026-08-06T12:39:11
YAAS,0.866025,20000,2026-08-06T12:39:11
YAHOY,0.058188000000000004,300000,2026-08-06T12:39:11
YALA,0.004135,2000000,2026-08-06T12:39:11
YALL,0.14892,50000,2026-08-06T12:39:11
YAMCY,0.0033239999999999997,7000,2026-08-06T12:39:11
YANG,0.243033,300000,2026-08-06T12:39:11
YARIY,0.054025,100000,2026-08-06T12:39:11
YARW,0.034175,150000,2026-08-06T12:39:11
YASKY,0.039993,10000,2026-08-06T12:39:11
YAYO,0.048804,800000,2026-08-06T12:39:11
YB,0.055991,1600000,2026-08-06T12:39:11
YBAO,0.0025,3000,2026-08-06T12:39:11
YBGJ,0.0025,10000,2026-08-06T12:39:11
YBIT,0.09372899999999999,25000,2026-08-06T12:39:11
YBMN,0.068852,30000,2026-08-06T12:39:11
YBST,0.097501,1000,2026-08-06T12:39:11
YBTC,0.096081,15000,2026-08-06T12:39:11
YBTY,0.005489000000000001,3000,2026-08-06T12:39:11
YBZN,0.0025,5000,2026-08-06T12:39:11
YCBD,0.10930899999999999,850000,2026-08-06T12:39:11
YCL,0.012407,95000,2026-08-06T12:39:11
YCS,0.030296,70000,2026-08-06T12:39:11
YCY U,0.012199999999999999,200,2026-08-06T12:39:11
YDDL,1.059142,200000,2026-08-06T12:39:11
YDEC,0.177227,85000,2026-08-06T12:39:11
YDES,0.313823,100000,2026-08-06T12:39:11
YDKG,0.16003799999999999,300000,2026-08-06T12:39:11
YEAR,0.012803,100000,2026-08-06T12:39:11
YECO,0.0025,8000,2026-08-06T12:39:11
YELP,0.004081,1200000,2026-08-06T12:39:11
YESD,0.0025,1500000,2026-08-06T12:39:11
YETH,0.024825,8000,2026-08-06T12:39:11
YETI,0.0027860000000000003,1200000,2026-08-06T12:39:11
YEVN,0.0025,80000,2026-08-06T12:39:11
YEXT,0.004151,750000,2026-08-06T12:39:11
YFFI,0.097501,300,2026-08-06T12:39:11
YFYA,0.014487000000000002,500,2026-08-06T12:39:11
YGFGF,0.0025,25000,2026-08-06T12:39:11
YGLD,0.034169,95000,2026-08-06T12:39:11
YGMZF,0.463476,5700000,2026-08-06T12:39:11
YGTFF,0.035424000000000004,650000,2026-08-06T12:39:11
YGYI.OLD,0.141021,800000,2026-08-06T12:39:11
YGYIP.OLD,0.0025,15000,2026-08-06T12:39:11
YHC,0.15492699999999998,100000,2026-08-06T12:39:11
YHGJ,0.06908500000000001,200000,2026-08-06T12:39:11
YHNA,0.012199999999999999,150000,2026-08-06T12:39:11
YHNAU,0.012199999999999999,100,2026-08-06T12:39:11
YI,0.065143,1000000,2026-08-06T12:39:11
YIBO,0.089778,150000,2026-08-06T12:39:11
YICC,0.081264,150000,2026-08-06T12:39:11
YINN,0.007781,2500000,2026-08-06T12:39:11
YIPI,0.0025,100000,2026-08-06T12:39:11
YITYY,0.0025,500,2026-08-06T12:39:11
YJ,0.063553,800000,2026-08-06T12:39:11
YJUN,0.042893,25000,2026-08-06T12:39:11
YKLTY,0.0025,8000,2026-08-06T12:39:11
YLD,0.107269,2000,2026-08-06T12:39:11
YLDE,0.06367300000000001,4000,2026-08-06T12:39:11
YLDW,0.029845,450000,2026-08-06T12:39:11
YLLXF,0.004135,10000,2026-08-06T12:39:11
YMAG,0.056041999999999995,1100000,2026-08-06T12:39:11
YMAR,0.02866,50000,2026-08-06T12:39:11
YMAT,1.273964,3000,2026-08-06T12:39:11
YMAX,0.093233,1600000,2026-08-06T12:39:11
YMHAY,0.045239,9000,2026-08-06T12:39:11
YMM,0.004081,10000000,2026-08-06T12:39:11
YMMCF,0.008007,35000,2026-08-06T12:39:11
YMT,0.53944,200000,2026-08-06T12:39:11
YNGFF.OL1,0.307506,100000,2026-08-06T12:39:11
YNGR,0.0025,3400000,2026-08-06T12:39:11
YNOT,0.257257,500,2026-08-06T12:39:11
YNVYF,0.013715999999999999,25000,2026-08-06T12:39:11
YOGAQ.OLD,0.0025,150000,2026-08-06T12:39:11
YOKE,0.159745,300,2026-08-06T12:39:11
YOLO,0.050427,350000,2026-08-06T12:39:11
YOOIF,0.0027939999999999996,15000,2026-08-06T12:39:11
YORW,0.002782,200000,2026-08-06T12:39:11
YOTA,0.08705500000000001,80000,2026-08-06T12:39:11
YOU,0.0025,1800000,2026-08-06T12:39:11
YOUL,0.321064,2400000,2026-08-06T12:39:11
YOURF,1.3575460000000001,1400000,2026-08-06T12:39:11
YPF,0.0041470000000000005,3600000,2026-08-06T12:39:11
YPPN,0.0025,7000,2026-08-06T12:39:11
YQ,0.19839099999999998,1100000,2026-08-06T12:39:11
YQQQ,0.043510999999999994,15000,2026-08-06T12:39:11
YRD,0.009838,2400000,2026-08-06T12:39:11
YSAG,0.06232,80000,2026-08-06T12:39:11
YSAU,0.173898,200000,2026-08-06T12:39:11
YSEP,0.11243399999999999,25000,2026-08-06T12:39:11
YSG,0.025162,4300000,2026-08-06T12:39:11
YSPY,0.18139500000000003,50000,2026-08-06T12:39:11
YSS,0.1936,450000,2026-08-06T12:39:11
YSTR,0.0025,1000,2026-08-06T12:39:11
YSWY,0.007899,250000,2026-08-06T12:39:11
YSXT,0.35402500000000003,1100000,2026-08-06T12:39:11
YSYB,0.063429,100000,2026-08-06T12:39:11
YTENQ,1.3575460000000001,30000,2026-08-06T12:39:11
YTHL,0.0025,45000,2026-08-06T12:39:11
YTRA,0.030746000000000002,4000000,2026-08-06T12:39:11
YUEIY,0.013499,4000,2026-08-06T12:39:11
YUII,0.086776,400000,2026-08-06T12:39:11
YUKA,0.152724,400000,2026-08-06T12:39:11
YUM,0.00419,1900000,2026-08-06T12:39:11
YUMAQ,0.0025,7000,2026-08-06T12:39:11
YUMC,0.002811,2700000,2026-08-06T12:39:11
YVRLF,0.382971,200000,2026-08-06T12:39:11
YXI,0.047165,15000,2026-08-06T12:39:11
YYAI,0.638429,75000,2026-08-06T12:39:11
YYGH,0.842561,100000,2026-08-06T12:39:11
YYY,0.016561,500000,2026-08-06T12:39:11
YYYH,0.0025,800,2026-08-06T12:39:11
YZCAY,0.10020699999999999,50000,2026-08-06T12:39:11
Z,0.0031430000000000004,2600000,2026-08-06T12:39:11
ZAAP,0.0025,800000,2026-08-06T12:39:11
ZAHLY,0.0025,850000,2026-08-06T12:39:11
ZALT,0.021084000000000002,150000,2026-08-06T12:39:11
ZANA,0.0025,100,2026-08-06T12:39:11
ZAP,0.029845,60000,2026-08-06T12:39:11
ZAPPF,0.094852,700000,2026-08-06T12:39:11
ZAPR,0.037888000000000005,35000,2026-08-06T12:39:11
ZAUG,0.094457,65000,2026-08-06T12:39:11
ZAZA,0.0025,450000,2026-08-06T12:39:11
ZBAO,3.826997,300000,2026-08-06T12:39:11
ZBH,0.0032500000000000003,1600000,2026-08-06T12:39:11
ZBIO,0.005323,200000,2026-08-06T12:39:11
ZBRA,0.002782,550000,2026-08-06T12:39:11
ZCAR,0.21117899999999998,150000,2026-08-06T12:39:11
ZCBA,0.11103199999999999,10000,2026-08-06T12:39:11
ZCBB,0.0025,10000,2026-08-06T12:39:11
ZCBC,0.0025,9000,2026-08-06T12:39:11
ZCBD,0.0025,1000,2026-08-06T12:39:11
ZCBE,0.0025,10000,2026-08-06T12:39:11
ZCBF,0.132682,10000,2026-08-06T12:39:11
ZCBG,0.097501,10000,2026-08-06T12:39:11
ZCMD,5.307953,2000,2026-08-06T12:39:11
ZCOM,0.0025,100,2026-08-06T12:39:11
ZCRMF,0.010475000000000002,800000,2026-08-06T12:39:11
ZCTSF,0.00415,3500000,2026-08-06T12:39:11
ZD,0.0040999999999999995,3000000,2026-08-06T12:39:11
ZDAI,0.206127,90000,2026-08-06T12:39:11
ZDEC,0.0025,300000,2026-08-06T12:39:11
ZDEK,0.002566,100000,2026-08-06T12:39:11
ZDGE,0.016573,450000,2026-08-06T12:39:11
ZDLA,0.0025,40000,2026-08-06T12:39:11
ZDPY,0.0025,65000,2026-08-06T12:39:11
ZDZT,0.0025,3000,2026-08-06T12:39:11
ZECP,0.030492,500000,2026-08-06T12:39:11
ZEFIF,0.18513400000000002,40000,2026-08-06T12:39:11
ZENA,0.145149,100000,2026-08-06T12:39:11
ZENG,0.0025,2800000,2026-08-06T12:39:11
ZENO.OLD,0.0025,5000,2026-08-06T12:39:11
ZENVF,0.051664,650000,2026-08-06T12:39:11
ZEO,0.023399999999999997,1100000,2026-08-06T12:39:11
ZEON,0.0025,1,2026-08-06T12:39:11
ZEOX,0.052051,10000,2026-08-06T12:39:11
ZEPP,0.021022,2200000,2026-08-06T12:39:11
ZETA,0.004135,3700000,2026-08-06T12:39:11
ZETX,0.144181,30000,2026-08-06T12:39:11
ZEVY,0.508508,100000,2026-08-06T12:39:11
ZFEB,0.043376,30000,2026-08-06T12:39:11
ZG,0.004253,950000,2026-08-06T12:39:11
ZGN,0.004173,75000,2026-08-06T12:39:11
ZH,0.003846,3300000,2026-08-06T12:39:11
ZHDG,0.040670000000000005,90000,2026-08-06T12:39:11
ZHDM,0.0025,100000,2026-08-06T12:39:11
ZHJD,0.0025,200,2026-08-06T12:39:11
ZHOG,0.132682,100,2026-08-06T12:39:11
ZHUD,0.0025,1300000,2026-08-06T12:39:11
ZHUZY,0.0025,700,2026-08-06T12:39:11
ZHYBF,0.01464,9000,2026-08-06T12:39:11
ZHYLF,0.0025,30000,2026-08-06T12:39:11
ZICX,0.002782,400,2026-08-06T12:39:11
ZIG,0.013908,5000,2026-08-06T12:39:11
ZIJMY,0.055138,25000,2026-08-06T12:39:11
ZIM,0.0025,8200000,2026-08-06T12:39:11
ZIMCF,0.0025,20000,2026-08-06T12:39:11
ZINC,0.2557,10000,2026-08-06T12:39:11
ZION,0.004081,2300000,2026-08-06T12:39:11
ZIONP,0.242285,45000,2026-08-06T12:39:11
ZIP,0.021726000000000002,1300000,2026-08-06T12:39:11
ZIVO,0.129703,25000,2026-08-06T12:39:11
ZJAN,0.015902,80000,2026-08-06T12:39:11
ZJK,0.12244,850000,2026-08-06T12:39:11
ZJUL,0.097546,100000,2026-08-06T12:39:11
ZJUN,0.351444,25000,2026-08-06T12:39:11
ZJYL,0.316862,80000,2026-08-06T12:39:11
ZKH,0.308475,10000000,2026-08-06T12:39:11
ZKIN,0.078557,150000,2026-08-06T12:39:11
ZKP,0.012199999999999999,700000,2026-08-06T12:39:11
ZKPU,0.012199999999999999,30000,2026-08-06T12:39:11
ZLAB,0.021289,1800000,2026-08-06T12:39:11
ZLDPY,0.0025,100,2026-08-06T12:39:11
ZLIOY,0.0025,5000,2026-08-06T12:39:11
ZLNDY,0.054506,35000,2026-08-06T12:39:11
ZM,0.0025,9100000,2026-08-06T12:39:11
ZMAR,0.005489000000000001,100000,2026-08-06T12:39:11
ZMAY,0.104653,55000,2026-08-06T12:39:11
ZMDC,0.113739,100,2026-08-06T12:39:11
ZMDTF,0.021431,500000,2026-08-06T12:39:11
ZMGD,0.0025,700000,2026-08-06T12:39:11
ZMRK,0.0025,9400000,2026-08-06T12:39:11
ZMSPF,0.0025,900000,2026-08-06T12:39:11
ZMUN,0.18680700000000003,7000,2026-08-06T12:39:11
ZNAE,0.0025,100000,2026-08-06T12:39:11
ZNB,0.44927799999999996,45000,2026-08-06T12:39:11
ZNBR,0.0025,950000,2026-08-06T12:39:11
ZNCXF,0.05226600000000001,200000,2026-08-06T12:39:11
ZNDX,0.0025,4000,2026-08-06T12:39:11
ZNGYQ,0.0025,10000000,2026-08-06T12:39:11
ZNKKY,0.0025,400,2026-08-06T12:39:11
ZNNC,0.0025,500000,2026-08-06T12:39:11
ZNOG,0.019576,5100000,2026-08-06T12:39:11
ZNOV,0.051495,100000,2026-08-06T12:39:11
ZNRG,0.0025,10000,2026-08-06T12:39:11
ZNTL,0.005354,650000,2026-08-06T12:39:11
ZOCT,0.0025,45000,2026-08-06T12:39:11
ZOMDF,0.004135,10000000,2026-08-06T12:39:11
ZONE,0.0055179999999999995,1200000,2026-08-06T12:39:11
ZONX,0.0025,8200000,2026-08-06T12:39:11
ZOOZ,0.265896,100000,2026-08-06T12:39:11
ZORM,0.0025,650000,2026-08-06T12:39:11
ZPAS,0.0025,8000,2026-08-06T12:39:11
ZPHYF,0.326465,1000,2026-08-06T12:39:11
ZPTA,0.178253,1000000,2026-08-06T12:39:11
ZRFY,0.0025,10000000,2026-08-06T12:39:11
ZRMG,0.0025,100,2026-08-06T12:39:11
ZROZ,0.007013,950000,2026-08-06T12:39:11
ZS,0.0025,2100000,2026-08-06T12:39:11
ZSANQ,0.046726000000000004,350000,2026-08-06T12:39:11
ZSB,0.089382,3000,2026-08-06T12:39:11
ZSC,0.12185700000000001,500,2026-08-06T12:39:11
ZSEP,0.0025,90000,2026-08-06T12:39:11
ZSHGY,0.0025,2000,2026-08-06T12:39:11
ZSL,0.248963,65000,2026-08-06T12:39:11
ZSPC,0.359653,200000,2026-08-06T12:39:11
ZSQR,0.118217,100000,2026-08-06T12:39:11
ZSTK,0.14246999999999999,55000,2026-08-06T12:39:11
ZSTN,0.0025,45000,2026-08-06T12:39:11
ZTAX,0.008195000000000001,1000,2026-08-06T12:39:11
ZTEK,0.048665,950000,2026-08-06T12:39:11
ZTEN,0.040670000000000005,3000,2026-08-06T12:39:11
ZTG,0.40497900000000003,500000,2026-08-06T12:39:11
ZTLLF,0.043087999999999994,45000,2026-08-06T12:39:11
ZTNO,0.0025,200,2026-08-06T12:39:11
ZTO,0.004135,9500000,2026-08-06T12:39:11
ZTOP,0.109679,2000,2026-08-06T12:39:11
ZTR,0.0037019999999999996,100000,2026-08-06T12:39:11
ZTRE,0.073145,5000,2026-08-06T12:39:11
ZTS,0.003757,5200000,2026-08-06T12:39:11
ZTWO,0.138095,800,2026-08-06T12:39:11
ZULU,0.0025,10000,2026-08-06T12:39:11
ZUMZ,0.003942,55000,2026-08-06T12:39:11
ZURA,0.0054800000000000005,800000,2026-08-06T12:39:11
ZURVY,0.004298,200000,2026-08-06T12:39:11
ZUUZF,0.02653,100000,2026-08-06T12:39:11
ZVIA,0.024432,10000000,2026-08-06T12:39:11
ZVLO,0.0025,5000,2026-08-06T12:39:11
ZVOI,0.006586,1600000,2026-08-06T12:39:11
ZVOL,0.028919,60000,2026-08-06T12:39:11
ZVRA,0.0025180000000000003,750000,2026-08-06T12:39:11
ZVSA,0.159985,500000,2026-08-06T12:39:11
ZVTK,0.0025,1000000,2026-08-06T12:39:11
ZWS,0.004081,1400000,2026-08-06T12:39:11
ZYME,0.003886,2200000,2026-08-06T12:39:11
ZZZOF,0.009834,2000,2026-08-06T12:39:11
