,Pair,Long Short Band,Foil Decay Band,Leverage,Gross return %,Net return %,Borrow paid ($),Max drawdown %,Worst day %,Trades,Rate source,Shares available,Borrow rate (used) %,Breakeven borrow rate % (annualized),Min margin cushion ($),Stopped,De-risks
0,TQQQ / QQQ,0.005,0.01,3,9.870180861191862,9.34120499477064,52.8975866421221,-0.3439622864637431,-0.33359063277552764,460,live,10000000,0.8377000000000001,15.630676241166103,2442.285863552417,False,0
1,TQQQ / QQQ,0.005,0.025,3,9.873932977060084,9.344381351225852,52.95516258342326,-0.34396228646374194,-0.33359063277552764,459,live,10000000,0.8377000000000001,15.619617146586695,2330.45997413038,False,0
2,TQQQ / QQQ,0.005,0.05,3,9.865386076955954,9.333080613968862,53.23054629870911,-0.3565750661242453,-0.345860824948179,459,live,10000000,0.8377000000000001,15.525359950826617,2200.160426472079,False,0
3,TQQQ / QQQ,0.005,0.075,3,9.820712587517397,9.287262057861206,53.34505296561895,-0.36749082088238194,-0.35652122437590716,459,live,10000000,0.8377000000000001,15.421881650142009,2118.828588228701,False,0
4,TQQQ / QQQ,0.005,0.1,3,9.856998717581257,9.321450878382215,53.55478391990429,-0.3369898797343069,-0.3268076100970313,460,live,10000000,0.8377000000000001,15.418245059240984,1897.2967571590216,False,0
5,TQQQ / QQQ,0.005,0.015,3,9.86351819046284,9.334664311599937,52.88538788629028,-0.34396228646374194,-0.3335906327755265,460,live,10000000,0.8377000000000001,15.623728062497005,2442.285863552417,False,0
6,TQQQ / QQQ,0.0075,0.01,3,9.89961886675765,9.37064300033643,52.8975866421221,-0.3439622864637431,-0.33359063277552764,440,live,10000000,0.8377000000000001,15.677295035761214,2442.285863552417,False,0
7,TQQQ / QQQ,0.0075,0.025,3,9.902851455173234,9.373299829339,52.95516258342326,-0.34396228646374194,-0.33359063277552764,438,live,10000000,0.8377000000000001,15.665363411792136,2330.45997413038,False,0
8,TQQQ / QQQ,0.0075,0.05,3,9.896002307923247,9.363696844936156,53.23054629870911,-0.3565750661242453,-0.345860824948179,441,live,10000000,0.8377000000000001,15.573541340018792,2200.160426472079,False,0
9,TQQQ / QQQ,0.0075,0.075,3,9.856233913450051,9.322783383793862,53.34505296561894,-0.3674908208823831,-0.35652122437590833,438,live,10000000,0.8377000000000001,15.477662295355653,2119.6621917987113,False,0
10,TQQQ / QQQ,0.0075,0.1,3,9.882731760718084,9.34718392151904,53.55478391990429,-0.3369898797343069,-0.3268076100970313,439,live,10000000,0.8377000000000001,15.458496496475723,1898.0559622801175,False,0
11,TQQQ / QQQ,0.0075,0.015,3,9.895663464705724,9.366809585842821,52.88538788629028,-0.34396228646374194,-0.3335906327755265,440,live,10000000,0.8377000000000001,15.674645900693,2442.285863552417,False,0
12,TQQQ / QQQ,0.01,0.01,3,9.884166755524348,9.355190889103127,52.8975866421221,-0.3439622864637431,-0.33359063277552764,425,live,10000000,0.8377000000000001,15.652824668771292,2442.285863552417,False,0
13,TQQQ / QQQ,0.01,0.025,3,9.888214460286644,9.35866283445241,52.95516258342326,-0.34396228646374194,-0.33359063277552764,423,live,10000000,0.8377000000000001,15.642209086475544,2330.45997413038,False,0
14,TQQQ / QQQ,0.01,0.05,3,9.885936648583801,9.353631185596711,53.23054629870911,-0.3565750661242453,-0.345860824948179,426,live,10000000,0.8377000000000001,15.55770080593647,2200.160426472079,False,0
15,TQQQ / QQQ,0.01,0.075,3,9.824587936848609,9.29113740719242,53.34505296561895,-0.36749082088238194,-0.35652122437590716,425,live,10000000,0.8377000000000001,15.427967275620436,2119.6621917987113,False,0
16,TQQQ / QQQ,0.01,0.1,3,9.866423008909713,9.33087516971067,53.55478391990429,-0.3369898797343069,-0.3268076100970313,425,live,10000000,0.8377000000000001,15.432986466577542,1898.0559622801175,False,0
17,TQQQ / QQQ,0.01,0.015,3,9.880937439721995,9.352083560859093,52.88538788629028,-0.34396228646374194,-0.3335906327755265,425,live,10000000,0.8377000000000001,15.651320003650524,2442.285863552417,False,0
18,TQQQ / QQQ,0.025,0.01,3,9.915692544761013,9.386716678339793,52.8975866421221,-0.3439622864637431,-0.33359063277552764,361,live,10000000,0.8377000000000001,15.702749732124799,2456.692545787182,False,0
19,TQQQ / QQQ,0.025,0.025,3,9.92627240620877,9.396720780374537,52.95516258342326,-0.34396228646374194,-0.33359063277552764,348,live,10000000,0.8377000000000001,15.70241311521163,2346.2537233932917,False,0
20,TQQQ / QQQ,0.025,0.05,3,9.909047574480935,9.376742111493844,53.23054629870911,-0.3565750661242453,-0.345860824948179,349,live,10000000,0.8377000000000001,15.594070942954016,2199.5075442693997,False,0
21,TQQQ / QQQ,0.025,0.075,3,9.86896282259114,9.33551229293495,53.34505296561894,-0.3674908208823831,-0.35652122437590833,345,live,10000000,0.8377000000000001,15.497651041443063,2117.1656847302593,False,0
22,TQQQ / QQQ,0.025,0.1,3,9.876929702278051,9.341381863079008,53.55478391990429,-0.3369898797343069,-0.3268076100970313,345,live,10000000,0.8377000000000001,15.449420959241767,1903.2861388473739,False,0
23,TQQQ / QQQ,0.025,0.015,3,9.911018988112854,9.382165109249952,52.88538788629028,-0.34396228646374194,-0.3335906327755265,342,live,10000000,0.8377000000000001,15.698968917829244,2456.4487136649595,False,0
24,TQQQ / QQQ,0.05,0.01,3,9.915692544761013,9.386716678339793,52.8975866421221,-0.3439622864637431,-0.33359063277552764,361,live,10000000,0.8377000000000001,15.702749732124799,2456.692545787182,False,0
25,TQQQ / QQQ,0.05,0.025,3,9.85670647900247,9.327154853168237,52.95516258342326,-0.34396228646374194,-0.33359063277552764,230,live,10000000,0.8377000000000001,15.592366475039555,2381.3216497934127,False,0
26,TQQQ / QQQ,0.05,0.05,3,9.970704160140125,9.438398697153033,53.23054629870911,-0.3565750661242453,-0.345860824948179,242,live,10000000,0.8377000000000001,15.691101173522878,2199.5075442693997,False,0
27,TQQQ / QQQ,0.05,0.075,3,9.911844098771645,9.378393569115456,53.345052965618954,-0.3674908208823831,-0.35652122437590833,233,live,10000000,0.8377000000000001,15.564989328799458,2121.518603371821,False,0
28,TQQQ / QQQ,0.05,0.1,3,9.678103044388267,9.142555205189225,53.55478391990429,-0.3369898797343058,-0.3268076100970313,237,live,10000000,0.8377000000000001,15.13841776004415,1910.9056777078858,False,0
29,TQQQ / QQQ,0.05,0.015,3,9.874820046258389,9.345966167395488,52.88538788629028,-0.34396228646374194,-0.3335906327755265,313,live,10000000,0.8377000000000001,15.641630104967206,2456.692545787182,False,0
30,TQQQ / QQQ,0.075,0.01,3,9.915692544761013,9.386716678339793,52.8975866421221,-0.3439622864637431,-0.33359063277552764,361,live,10000000,0.8377000000000001,15.702749732124799,2456.692545787182,False,0
31,TQQQ / QQQ,0.075,0.025,3,9.898166331823562,9.368614705989328,52.95516258342326,-0.34396228646374194,-0.33359063277552764,228,live,10000000,0.8377000000000001,15.657951994965991,2381.3216497934127,False,0
32,TQQQ / QQQ,0.075,0.05,3,10.74110092253828,10.20879545955119,53.23054629870911,-0.33502607932532896,-0.33502607932532896,174,live,10000000,0.8377000000000001,16.90349032361617,2199.5075442693997,False,0
33,TQQQ / QQQ,0.075,0.075,3,9.964498606896978,9.431048077240789,53.345052965618954,-0.3674908208823831,-0.35652122437590833,169,live,10000000,0.8377000000000001,15.64767493693826,2126.1417684030266,False,0
34,TQQQ / QQQ,0.075,0.1,3,10.410376338093087,9.874828498894045,53.55478391990429,-0.3165697425283554,-0.3165697425283554,170,live,10000000,0.8377000000000001,16.28383427232802,1925.1172820585925,False,0
35,TQQQ / QQQ,0.075,0.015,3,9.874820046258389,9.345966167395488,52.88538788629028,-0.34396228646374194,-0.3335906327755265,313,live,10000000,0.8377000000000001,15.641630104967206,2456.692545787182,False,0
36,TQQQ / QQQ,0.1,0.01,3,9.915692544761013,9.386716678339793,52.8975866421221,-0.3439622864637431,-0.33359063277552764,361,live,10000000,0.8377000000000001,15.702749732124799,2456.692545787182,False,0
37,TQQQ / QQQ,0.1,0.025,3,9.898166331823562,9.368614705989328,52.95516258342326,-0.34396228646374194,-0.33359063277552764,228,live,10000000,0.8377000000000001,15.657951994965991,2381.3216497934127,False,0
38,TQQQ / QQQ,0.1,0.05,3,11.208559018773293,10.6762535557862,53.23054629870911,-0.33502607932533013,-0.33502607932533013,112,live,10000000,0.8377000000000001,17.639138695546492,2290.6020584271973,False,0
39,TQQQ / QQQ,0.1,0.075,3,10.184302749609282,9.650852219953093,53.345052965618954,-0.3674908208823831,-0.35652122437590833,134,live,10000000,0.8377000000000001,15.992842708106794,2150.3526897885504,False,0
40,TQQQ / QQQ,0.1,0.1,3,10.87810767663124,10.342559837432196,53.55478391990429,-0.3165697425283565,-0.3165697425283565,125,live,10000000,0.8377000000000001,17.015456199660235,1937.5487082921827,False,0
41,TQQQ / QQQ,0.1,0.015,3,9.874820046258389,9.345966167395488,52.88538788629028,-0.34396228646374194,-0.3335906327755265,313,live,10000000,0.8377000000000001,15.641630104967206,2456.692545787182,False,0
42,UPRO / SPY,0.005,0.01,3,8.130642802383104,7.566693009525796,56.39497928573066,-1.221292802808528,-1.221292802808528,445,live,800000,0.8934,12.880430796588547,2450.1674044207393,False,0
43,UPRO / SPY,0.005,0.025,3,8.120044117227893,7.554548445636191,56.549567159170344,-1.2212928028085275,-1.2212928028085275,445,live,800000,0.8934,12.82847558127585,2377.2746405278285,False,0
44,UPRO / SPY,0.005,0.05,3,8.142156920357838,7.5741715976415565,56.798532271628154,-1.221292802808528,-1.221292802808528,444,live,800000,0.8934,12.807026346843239,2185.1905022316205,False,0
45,UPRO / SPY,0.005,0.075,3,8.155325369751719,7.583963433813149,57.13619359385705,-1.221292802808528,-1.221292802808528,448,live,800000,0.8934,12.751930478826159,2008.6457879131385,False,0
46,UPRO / SPY,0.005,0.1,3,8.062306793467052,7.493285336372788,56.902145709426364,-1.221292802808528,-1.221292802808528,447,live,800000,0.8934,12.658336165502867,1890.4739075065481,False,0
47,UPRO / SPY,0.005,0.015,3,8.135064555629356,7.5706992616026385,56.43652940267166,-1.221292802808528,-1.221292802808528,445,live,800000,0.8934,12.877947582749746,2450.1674044207393,False,0
48,UPRO / SPY,0.0075,0.01,3,8.13472069736615,7.570770904508844,56.39497928573066,-1.221292802808528,-1.221292802808528,430,live,800000,0.8934,12.886890930848718,2450.3428924223044,False,0
49,UPRO / SPY,0.0075,0.025,3,8.123241463863383,7.557745792271681,56.54956715917036,-1.2212928028085275,-1.2212928028085275,430,live,800000,0.8934,12.833526918761965,2377.4501285293954,False,0
50,UPRO / SPY,0.0075,0.05,3,8.146100654898731,7.57811533218245,56.798532271628154,-1.221292802808528,-1.221292802808528,429,live,800000,0.8934,12.813229557204354,2185.3659902331874,False,0
51,UPRO / SPY,0.0075,0.075,3,8.155866173732313,7.584504237793745,57.13619359385701,-1.221292802808528,-1.221292802808528,431,live,800000,0.8934,12.752776097418995,2008.8212759147054,False,0
52,UPRO / SPY,0.0075,0.1,3,8.06877993611362,7.499758479019356,56.90214570942636,-1.221292802808528,-1.221292802808528,430,live,800000,0.8934,12.66849941254451,1890.7214808137069,False,0
53,UPRO / SPY,0.0075,0.015,3,8.139172314675553,7.574807020648837,56.43652940267166,-1.221292802808528,-1.221292802808528,430,live,800000,0.8934,12.884450236209688,2450.3428924223044,False,0
54,UPRO / SPY,0.01,0.01,3,8.13830327765187,7.574353484794563,56.39497928573066,-1.221292802808528,-1.221292802808528,409,live,800000,0.8934,12.892566395700026,2450.3428924223044,False,0
55,UPRO / SPY,0.01,0.025,3,8.127410258713528,7.5619145871218265,56.54956715917035,-1.2212928028085275,-1.2212928028085275,407,live,800000,0.8934,12.840113001567227,2377.4501285293954,False,0
56,UPRO / SPY,0.01,0.05,3,8.149183395065737,7.581198072349456,56.798532271628154,-1.221292802808528,-1.221292802808528,407,live,800000,0.8934,12.818078485433752,2185.3659902331874,False,0
57,UPRO / SPY,0.01,0.075,3,8.158346479627061,7.586984543688491,57.13619359385701,-1.221292802808528,-1.221292802808528,411,live,800000,0.8934,12.756654383925298,2008.8212759147054,False,0
58,UPRO / SPY,0.01,0.1,3,8.07231199961854,7.503290542524279,56.90214570942636,-1.221292802808528,-1.221292802808528,409,live,800000,0.8934,12.674044977647467,1890.5243348757958,False,0
59,UPRO / SPY,0.01,0.015,3,8.137491282326556,7.573125988299839,56.43652940267166,-1.221292802808528,-1.221292802808528,413,live,800000,0.8934,12.881789132990745,2450.3428924223044,False,0
60,UPRO / SPY,0.025,0.01,3,8.064184477534933,7.500234684677627,56.39497928573066,-1.221292802808528,-1.221292802808528,325,live,800000,0.8934,12.775148609820588,2468.3623335254506,False,0
61,UPRO / SPY,0.025,0.025,3,8.132871526857395,7.567375855265691,56.54956715917035,-1.2212928028085275,-1.2212928028085275,300,live,800000,0.8934,12.848741002106994,2376.9886709782095,False,0
62,UPRO / SPY,0.025,0.05,3,8.136968170796797,7.568982848080517,56.798532271628154,-1.221292802808528,-1.221292802808528,297,live,800000,0.8934,12.798864817535291,2183.3173987225273,False,0
63,UPRO / SPY,0.025,0.075,3,8.16522106830812,7.59385913236955,57.136193593856994,-1.221292802808528,-1.221292802808528,296,live,800000,0.8934,12.76740371310063,2030.3226713545664,False,0
64,UPRO / SPY,0.025,0.1,3,8.017815674752596,7.4487942176583335,56.902145709426364,-1.221292802808528,-1.221292802808528,294,live,800000,0.8934,12.58848226990028,1886.5917678514525,False,0
65,UPRO / SPY,0.025,0.015,3,8.145513301974313,7.581148007947597,56.43652940267166,-1.221292802808528,-1.221292802808528,304,live,800000,0.8934,12.894488128533457,2456.298657050721,False,0
66,UPRO / SPY,0.05,0.01,3,8.062060865663154,7.498111072805849,56.39497928573066,-1.221292802808528,-1.221292802808528,324,live,800000,0.8934,12.771784418769764,2468.3623335254506,False,0
67,UPRO / SPY,0.05,0.025,3,8.173493973814075,7.607998302222371,56.54956715917035,-1.2212928028085275,-1.2212928028085275,171,live,800000,0.8934,12.912918494410244,2416.3624387429354,False,0
68,UPRO / SPY,0.05,0.05,3,8.239487842049925,7.671502519333644,56.798532271628154,-1.2212928028085275,-1.2212928028085275,182,live,800000,0.8934,12.960120875807233,2189.609394537518,False,0
69,UPRO / SPY,0.05,0.075,3,8.367935488166246,7.796573552227676,57.136193593856994,-1.221292802808528,-1.221292802808528,176,live,800000,0.8934,13.084374535463429,2036.2295100890824,False,0
70,UPRO / SPY,0.05,0.1,3,8.104603349576914,7.53558189248265,56.902145709426364,-1.221292802808528,-1.221292802808528,175,live,800000,0.8934,12.724744457769233,1924.4729660606145,False,0
71,UPRO / SPY,0.05,0.015,3,8.038205784538112,7.473840490511395,56.43652940267166,-1.221292802808528,-1.221292802808528,256,live,800000,0.8934,12.724618476568352,2468.3623335254506,False,0
72,UPRO / SPY,0.075,0.01,3,8.062060865663154,7.498111072805849,56.39497928573066,-1.221292802808528,-1.221292802808528,324,live,800000,0.8934,12.771784418769764,2468.3623335254506,False,0
73,UPRO / SPY,0.075,0.025,3,8.198428910200189,7.6329332386084845,56.54956715917035,-1.2212928028085275,-1.2212928028085275,169,live,800000,0.8934,12.952312026998477,2416.3624387429354,False,0
74,UPRO / SPY,0.075,0.05,3,8.348442867566304,7.780457544850022,56.798532271628154,-1.2212928028085275,-1.2212928028085275,130,live,800000,0.8934,13.131499282789335,2189.919215855509,False,0
75,UPRO / SPY,0.075,0.075,3,8.236437362240205,7.665075426301633,57.136193593856994,-1.221292802808528,-1.221292802808528,120,live,800000,0.8934,12.878759813318275,2036.813146143446,False,0
76,UPRO / SPY,0.075,0.1,3,8.054963882147565,7.4859424250533015,56.90214570942638,-1.221292802808528,-1.221292802808528,118,live,800000,0.8934,12.646807326140062,1925.540607363957,False,0
77,UPRO / SPY,0.075,0.015,3,8.038205784538112,7.473840490511395,56.43652940267166,-1.221292802808528,-1.221292802808528,256,live,800000,0.8934,12.724618476568352,2468.3623335254506,False,0
78,UPRO / SPY,0.1,0.01,3,8.062060865663154,7.498111072805849,56.39497928573066,-1.221292802808528,-1.221292802808528,324,live,800000,0.8934,12.771784418769764,2468.3623335254506,False,0
79,UPRO / SPY,0.1,0.025,3,8.198428910200189,7.6329332386084845,56.54956715917035,-1.2212928028085275,-1.2212928028085275,169,live,800000,0.8934,12.952312026998477,2416.3624387429354,False,0
80,UPRO / SPY,0.1,0.05,3,8.24760861833804,7.679623295621759,56.798532271628154,-1.221292802808528,-1.221292802808528,79,live,800000,0.8934,12.972894271959628,2290.5468859671582,False,0
81,UPRO / SPY,0.1,0.075,3,8.21823942119669,7.646877485258122,57.13619359385701,-1.221292802808528,-1.221292802808528,92,live,800000,0.8934,12.850304924209208,2038.6821610642837,False,0
82,UPRO / SPY,0.1,0.1,3,8.402512097576107,7.833490640481846,56.902145709426364,-1.221292802808528,-1.221292802808528,85,live,800000,0.8934,13.19248020330965,1922.1274233314361,False,0
83,UPRO / SPY,0.1,0.015,3,8.038205784538112,7.473840490511395,56.43652940267166,-1.221292802808528,-1.221292802808528,256,live,800000,0.8934,12.724618476568352,2468.3623335254506,False,0
84,UDOW / DIA,0.005,0.01,3,6.997102584959795,5.499384402848405,149.771818211139,-0.37125437092704416,-0.3510893146033243,450,live,200000,2.3721,11.082076214354604,2443.017501210802,False,0
85,UDOW / DIA,0.005,0.025,3,6.993535108888301,5.495580480593733,149.79546282945668,-0.37125437092704416,-0.34892428964982286,451,live,200000,2.3721,11.074677642727414,2346.268680901707,False,0
86,UDOW / DIA,0.005,0.05,3,7.039214936745167,5.5355114251893625,150.3703511555805,-0.37125437092704433,-0.35891484244480465,455,live,200000,2.3721,11.10439765760531,2149.941610599524,False,0
87,UDOW / DIA,0.005,0.075,3,7.029348019907582,5.521238363975084,150.81096559324973,-0.37125437092704416,-0.34892428964982286,451,live,200000,2.3721,11.05643503602706,1982.4343337437176,False,0
88,UDOW / DIA,0.005,0.1,3,7.134182497397499,5.614519243472796,151.96632539247037,-0.371254370927044,-0.34892428964982286,455,live,200000,2.3721,11.13601599457713,1794.2217311395852,False,0
89,UDOW / DIA,0.005,0.015,3,7.004078025143539,5.5063915335211595,149.76864916223786,-0.3712543709270441,-0.3481359086526851,450,live,200000,2.3721,11.09335870783298,2443.017501210802,False,0
90,UDOW / DIA,0.0075,0.01,3,6.9886604432831385,5.490942261171748,149.771818211139,-0.37125437092704416,-0.3510893146033243,436,live,200000,2.3721,11.068705471774068,2443.017501210802,False,0
91,UDOW / DIA,0.0075,0.025,3,6.984684166842928,5.486729538548361,149.79546282945668,-0.37125437092704416,-0.34892428964982286,436,live,200000,2.3721,11.060661651034975,2346.268680901707,False,0
92,UDOW / DIA,0.0075,0.05,3,7.028453382641925,5.5247498710861205,150.3703511555805,-0.37125437092704433,-0.35891484244480465,436,live,200000,2.3721,11.087421250825566,2149.7873036962865,False,0
93,UDOW / DIA,0.0075,0.075,3,7.024650643401889,5.516540987469392,150.81096559324973,-0.371254370927044,-0.34892428964982286,434,live,200000,2.3721,11.049046550206205,1982.2800268404799,False,0
94,UDOW / DIA,0.0075,0.1,3,7.126876322382296,5.607213068457593,151.96632539247037,-0.37125437092704416,-0.34892428964982286,435,live,200000,2.3721,11.124611508939406,1794.1782052843992,False,0
95,UDOW / DIA,0.0075,0.015,3,7.000256502361814,5.502570010739435,149.76864916223786,-0.3712543709270441,-0.3481359086526851,435,live,200000,2.3721,11.087306016404408,2443.017501210802,False,0
96,UDOW / DIA,0.01,0.01,3,7.00749430636818,5.509776124256789,149.771818211139,-0.37125437092704416,-0.3510893146033243,411,live,200000,2.3721,11.098534719464075,2443.017501210802,False,0
97,UDOW / DIA,0.01,0.025,3,7.009547193702599,5.511592565408032,149.79546282945668,-0.37125437092704416,-0.34892428964982286,408,live,200000,2.3721,11.100033728733331,2346.268680901707,False,0
98,UDOW / DIA,0.01,0.05,3,7.033680995209012,5.529977483653207,150.3703511555805,-0.37125437092704433,-0.35891484244480465,412,live,200000,2.3721,11.095667836455707,2149.7873036962865,False,0
99,UDOW / DIA,0.01,0.075,3,7.0236841003235835,5.515574444391086,150.81096559324973,-0.37125437092704416,-0.34892428964982286,407,live,200000,2.3721,11.047526278237234,1981.9567214789076,False,0
100,UDOW / DIA,0.01,0.1,3,7.133253311617111,5.613590057692407,151.96632539247037,-0.37125437092704416,-0.34892428964982286,409,live,200000,2.3721,11.134565593256987,1793.8383719190042,False,0
101,UDOW / DIA,0.01,0.015,3,7.017708957317646,5.520022465695267,149.76864916223786,-0.3712543709270441,-0.3481359086526851,412,live,200000,2.3721,11.114947961919908,2443.017501210802,False,0
102,UDOW / DIA,0.025,0.01,3,6.958071078595039,5.460352896483649,149.771818211139,-0.3718807024142985,-0.35160750382199357,333,live,200000,2.3721,11.020257751206007,2464.678444004935,False,0
103,UDOW / DIA,0.025,0.025,3,6.99632304193801,5.498368413643443,149.79546282945668,-0.37188070241429855,-0.34892428964982286,309,live,200000,2.3721,11.079092500068418,2346.8610419831693,False,0
104,UDOW / DIA,0.025,0.05,3,7.068792299246041,5.565088787690236,150.3703511555805,-0.37188070241429855,-0.35891484244480465,305,live,200000,2.3721,11.151056098613891,2150.37966477775,False,0
105,UDOW / DIA,0.025,0.075,3,7.105265167542715,5.597155511610218,150.81096559324973,-0.37188070241429866,-0.34892428964982286,302,live,200000,2.3721,11.175844831725207,1982.4232298084462,False,0
106,UDOW / DIA,0.025,0.1,3,7.179197818812019,5.6595345648873145,151.96632539247037,-0.37188070241429855,-0.34892428964982286,304,live,200000,2.3721,11.20628211679309,1795.2042647964718,False,0
107,UDOW / DIA,0.025,0.015,3,7.0670746794063755,5.569388187783997,149.76864916223786,-0.37188070241429855,-0.3481359086526851,311,live,200000,2.3721,11.193135506524001,2450.8274539038175,False,0
108,UDOW / DIA,0.05,0.01,3,6.958071078595039,5.460352896483649,149.771818211139,-0.3718807024142985,-0.35160750382199357,333,live,200000,2.3721,11.020257751206007,2464.678444004935,False,0
109,UDOW / DIA,0.05,0.025,3,7.299053519758179,5.801098891463612,149.79546282945668,-0.37188070241429855,-0.3489907662412389,157,live,200000,2.3721,11.558484167127647,2350.178398097514,False,0
110,UDOW / DIA,0.05,0.05,3,7.274601815794666,5.7708983042388615,150.3703511555805,-0.37188070241429855,-0.3604370644194387,172,live,200000,2.3721,11.475721666296097,2194.013331529656,False,0
111,UDOW / DIA,0.05,0.075,3,7.413105660750871,5.904996004818374,150.8109655932497,-0.37188070241429866,-0.3489907662412395,154,live,200000,2.3721,11.660045984517076,2020.7386589503294,False,0
112,UDOW / DIA,0.05,0.1,3,7.520428907029694,6.000765653104991,151.96632539247034,-0.37188070241429855,-0.34899076624123837,158,live,200000,2.3721,11.738922662170951,1792.3957703939795,False,0
113,UDOW / DIA,0.05,0.015,3,7.253246209511212,5.7555597178888345,149.76864916223786,-0.37188070241429855,-0.3481359086526851,252,live,200000,2.3721,11.488001948220553,2464.678444004935,False,0
114,UDOW / DIA,0.075,0.01,3,6.958071078595039,5.460352896483649,149.771818211139,-0.3718807024142985,-0.35160750382199357,333,live,200000,2.3721,11.020257751206007,2464.678444004935,False,0
115,UDOW / DIA,0.075,0.025,3,7.286045006868227,5.788090378573661,149.79546282945668,-0.37188070241429855,-0.3489907662412389,152,live,200000,2.3721,11.537884415410613,2395.05589873381,False,0
116,UDOW / DIA,0.075,0.05,3,6.9343426662765495,5.430639154720744,150.3703511555805,-0.3925314265469955,-0.36054536205879234,123,live,200000,2.3721,10.938961113188904,2148.6348372291986,False,0
117,UDOW / DIA,0.075,0.075,3,7.339906190442583,5.831796534510086,150.81096559324973,-0.3927142305067336,-0.34899076624123837,106,live,200000,2.3721,11.54491081325466,2017.1756437291497,False,0
118,UDOW / DIA,0.075,0.1,3,7.403532369534858,5.883869115610155,151.96632539247034,-0.37188070241429855,-0.34899076624123837,112,live,200000,2.3721,11.556454423977149,1797.5513220313496,False,0
119,UDOW / DIA,0.075,0.015,3,7.253246209511212,5.7555597178888345,149.76864916223786,-0.37188070241429855,-0.3481359086526851,252,live,200000,2.3721,11.488001948220553,2464.678444004935,False,0
120,UDOW / DIA,0.1,0.01,3,6.958071078595039,5.460352896483649,149.771818211139,-0.3718807024142985,-0.35160750382199357,333,live,200000,2.3721,11.020257751206007,2464.678444004935,False,0
121,UDOW / DIA,0.1,0.025,3,7.286045006868227,5.788090378573661,149.79546282945668,-0.37188070241429855,-0.3489907662412389,152,live,200000,2.3721,11.537884415410613,2395.05589873381,False,0
122,UDOW / DIA,0.1,0.05,3,6.630761574945597,5.127058063389792,150.3703511555805,-0.3925314265469955,-0.36054536205879234,76,live,200000,2.3721,10.460060384945558,2255.1322026454045,False,0
123,UDOW / DIA,0.1,0.075,3,7.14354749935998,5.635437843427483,150.81096559324973,-0.3985250708669543,-0.3489907662412395,86,live,200000,2.3721,11.236058967313099,2017.77026116434,False,0
124,UDOW / DIA,0.1,0.1,3,7.12905849170824,5.609395237783536,151.96632539247034,-0.3931572797543231,-0.34899076624123837,79,live,200000,2.3721,11.128017739790023,1880.2555889593677,False,0
125,UDOW / DIA,0.1,0.015,3,7.253246209511212,5.7555597178888345,149.76864916223786,-0.37188070241429855,-0.3481359086526851,252,live,200000,2.3721,11.488001948220553,2464.678444004935,False,0
126,TNA / IWM,0.005,0.01,3,7.838775515965741,4.471190619584388,336.75848963813536,-0.9158445750704572,-0.8984422849718202,469,live,150000,5.3332999999999995,12.414398670163685,2456.765092933034,False,0
127,TNA / IWM,0.005,0.025,3,7.85382838266503,4.4868934226880945,336.6934959976936,-0.9166402135375784,-0.8984422849718202,470,live,150000,5.3332999999999995,12.440639160298552,2370.79488615256,False,0
128,TNA / IWM,0.005,0.05,3,7.8446188423771,4.471250016766357,337.3368825610744,-0.9442275461450902,-0.9254819301653431,469,live,150000,5.3332999999999995,12.402351428167671,2204.392929683452,False,0
129,TNA / IWM,0.005,0.075,3,7.774773166612647,4.39969308686541,337.50800797472385,-0.9491206020564885,-0.9302778449295063,469,live,150000,5.3332999999999995,12.285693005719908,2039.4660849306883,False,0
130,TNA / IWM,0.005,0.1,3,7.85809676296622,4.475398812683955,338.26979502822644,-0.9837017126844705,-0.9641724216572322,469,live,150000,5.3332999999999995,12.389396890263463,1834.753022255577,False,0
131,TNA / IWM,0.005,0.015,3,7.837837881516689,4.470656253177746,336.71816283389427,-0.9157746444031124,-0.8984422849718202,470,live,150000,5.3332999999999995,12.414400346474311,2451.4979926673213,False,0
132,TNA / IWM,0.0075,0.01,3,7.841429473800914,4.473844577419559,336.75848963813536,-0.9158445750704572,-0.8984422849718202,458,live,150000,5.3332999999999995,12.418601787162316,2456.765092933034,False,0
133,TNA / IWM,0.0075,0.025,3,7.856626690896169,4.489691730919232,336.6934959976936,-0.9166402135375784,-0.8984422849718202,459,live,150000,5.3332999999999995,12.445071742889704,2370.79488615256,False,0
134,TNA / IWM,0.0075,0.05,3,7.847785826091644,4.4744170004809,337.33688256107445,-0.9442275461450907,-0.9254819301653436,460,live,150000,5.3332999999999995,12.407358433069282,2204.573307727085,False,0
135,TNA / IWM,0.0075,0.075,3,7.777490959938342,4.402410880191103,337.5080079747239,-0.949120602056488,-0.9302778449295055,458,live,150000,5.3332999999999995,12.289987661491455,2045.6670586341716,False,0
136,TNA / IWM,0.0075,0.1,3,7.860925681274901,4.478227730992636,338.26979502822644,-0.9837017126844705,-0.9641724216572322,459,live,150000,5.3332999999999995,12.393857078621227,1834.753022255577,False,0
137,TNA / IWM,0.0075,0.015,3,7.8404398284086785,4.473258200069735,336.71816283389427,-0.9157746444031124,-0.8984422849718202,459,live,150000,5.3332999999999995,12.418521586398601,2451.6783707109544,False,0
138,TNA / IWM,0.01,0.01,3,7.818709637948011,4.451124741566657,336.75848963813536,-0.9158445750704572,-0.8984422849718202,451,live,150000,5.3332999999999995,12.382620006663036,2456.765092933034,False,0
139,TNA / IWM,0.01,0.025,3,7.82112699362523,4.454192033648294,336.6934959976936,-0.9166402135375784,-0.8984422849718202,449,live,150000,5.3332999999999995,12.38883943139403,2370.79488615256,False,0
140,TNA / IWM,0.01,0.05,3,7.823893704661818,4.450524879051073,337.33688256107445,-0.9442275461450907,-0.9254819301653436,451,live,150000,5.3332999999999995,12.369584961560836,2203.853820078384,False,0
141,TNA / IWM,0.01,0.075,3,7.743066708060106,4.367986628312867,337.50800797472397,-0.9491206020564885,-0.9302778449295063,449,live,150000,5.3332999999999995,12.235590474401322,2045.6670586341716,False,0
142,TNA / IWM,0.01,0.1,3,7.82868730204991,4.445989351767645,338.26979502822644,-0.9837017126844705,-0.9641724216572322,448,live,150000,5.3332999999999995,12.34302873082083,1834.753022255577,False,0
143,TNA / IWM,0.01,0.015,3,7.8059498822223325,4.4387682538833895,336.71816283389427,-0.9157746444031124,-0.8984422849718202,450,live,150000,5.3332999999999995,12.363892745338317,2451.1988196989923,False,0
144,TNA / IWM,0.025,0.01,3,7.880853618040643,4.513268721659288,336.75848963813536,-0.9158445750704572,-0.8984422849718202,402,live,150000,5.3332999999999995,12.481038457637847,2476.622840199758,False,0
145,TNA / IWM,0.025,0.025,3,7.863902778145277,4.49696781816834,336.6934959976936,-0.9166402135375784,-0.8984422849718202,379,live,150000,5.3332999999999995,12.456597227220986,2370.79488615256,False,0
146,TNA / IWM,0.025,0.05,3,7.861212361535311,4.487843535924566,337.33688256107445,-0.9442275461450907,-0.9254819301653436,377,live,150000,5.3332999999999995,12.428585801075432,2202.039769908488,False,0
147,TNA / IWM,0.025,0.075,3,7.786559159215633,4.4114790794683945,337.50800797472385,-0.9491206020564885,-0.9302778449295063,368,live,150000,5.3332999999999995,12.304317225846326,2044.7906823989706,False,0
148,TNA / IWM,0.025,0.1,3,7.8788825075328015,4.496184557250538,338.26979502822644,-0.9837017126844705,-0.9641724216572322,373,live,150000,5.3332999999999995,12.422168545648097,1835.7748926789254,False,0
149,TNA / IWM,0.025,0.015,3,7.844217450797299,4.477035822458356,336.7181628338942,-0.9157746444031118,-0.8984422849718198,377,live,150000,5.3332999999999995,12.424504986080894,2476.474204899452,False,0
150,TNA / IWM,0.05,0.01,3,7.874909379161338,4.5073244827799845,336.75848963813536,-0.9217888139497609,-0.9032437039111255,400,live,150000,5.3332999999999995,12.47162446803092,2476.622840199758,False,0
151,TNA / IWM,0.05,0.025,3,7.812715084302285,4.445780124325349,336.6934959976936,-0.9170408765514452,-0.9032437039111255,263,live,150000,5.3332999999999995,12.375514779588945,2410.1382315559813,False,0
152,TNA / IWM,0.05,0.05,3,8.019519390893056,4.646150565282311,337.33688256107445,-0.9446402675692951,-0.9304278532833974,268,live,150000,5.3332999999999995,12.678869396887343,2207.9970531596755,False,0
153,TNA / IWM,0.05,0.075,3,7.782990503503114,4.407910423755874,337.5080079747239,-0.9495354622331694,-0.9352493981813654,262,live,150000,5.3332999999999995,12.29867803771986,2050.920238509105,False,0
154,TNA / IWM,0.05,0.1,3,7.814254623765271,4.431556673483007,338.26979502822644,-0.984131688248632,-0.9693251129358316,264,live,150000,5.3332999999999995,12.320273579687978,1834.9268751489699,False,0
155,TNA / IWM,0.05,0.015,3,7.82279857286297,4.455616944524028,336.7181628338942,-0.9217188832824167,-0.9032437039111261,342,live,150000,5.3332999999999995,12.390579491618183,2474.8662775648027,False,0
156,TNA / IWM,0.075,0.01,3,7.874909379161338,4.5073244827799845,336.75848963813536,-0.9217888139497609,-0.9032437039111255,400,live,150000,5.3332999999999995,12.47162446803092,2476.622840199758,False,0
157,TNA / IWM,0.075,0.025,3,7.8350018089494,4.468066848972464,336.6934959976936,-0.9170408765514452,-0.9032437039111255,261,live,150000,5.3332999999999995,12.410817448031722,2410.1382315559813,False,0
158,TNA / IWM,0.075,0.05,3,8.322179736454961,4.948810910844218,337.3368825610744,-0.9556863916048791,-0.9230267100225302,197,live,150000,5.3332999999999995,13.157375751938236,2200.5454130993057,False,0
159,TNA / IWM,0.075,0.075,3,7.815086026443145,4.440005946695907,337.5080079747239,-0.9606388280879866,-0.9278099016571013,178,live,150000,5.3332999999999995,12.349395368405801,2027.6193799617758,False,0
160,TNA / IWM,0.075,0.1,3,8.10526054789106,4.722562597608796,338.2697950282264,-0.9956396040859653,-0.9616145591278411,181,live,150000,5.3332999999999995,12.779085426903174,1818.2270353200038,False,0
161,TNA / IWM,0.075,0.015,3,7.82279857286297,4.455616944524028,336.7181628338942,-0.9217188832824167,-0.9032437039111261,342,live,150000,5.3332999999999995,12.390579491618183,2474.8662775648027,False,0
162,TNA / IWM,0.1,0.01,3,7.874909379161338,4.5073244827799845,336.75848963813536,-0.9217888139497609,-0.9032437039111255,400,live,150000,5.3332999999999995,12.47162446803092,2476.622840199758,False,0
163,TNA / IWM,0.1,0.025,3,7.8350018089494,4.468066848972464,336.6934959976936,-0.9170408765514452,-0.9032437039111255,261,live,150000,5.3332999999999995,12.410817448031722,2410.1382315559813,False,0
164,TNA / IWM,0.1,0.05,3,8.60802856872927,5.234659743118526,337.3368825610744,-0.9402512174959873,-0.9230267100225308,125,live,150000,5.3332999999999995,13.609303085111641,2291.809836484973,False,0
165,TNA / IWM,0.1,0.075,3,8.429267278757235,5.054187199009997,337.5080079747239,-0.9451236677827318,-0.9278099016571013,145,live,150000,5.3332999999999995,13.319924302703576,2027.6193799617758,False,0
166,TNA / IWM,0.1,0.1,3,8.79167795217008,5.408980001887814,338.26979502822644,-0.9795591505252866,-0.9616145591278404,135,live,150000,5.3332999999999995,13.861319192982055,1818.2270353200038,False,0
167,TNA / IWM,0.1,0.015,3,7.82279857286297,4.455616944524028,336.7181628338942,-0.9217188832824167,-0.9032437039111261,342,live,150000,5.3332999999999995,12.390579491618183,2474.8662775648027,False,0
168,TMF / TLT,0.005,0.01,3,1.9239736198680473,0.9990221219881388,92.49514978799084,-1.009105100758971,-0.6216849863318206,448,live,3800000,1.4651,3.047526012909526,2444.2029882479437,False,0
169,TMF / TLT,0.005,0.025,3,1.9224979549456689,0.997234679836583,92.52632751090859,-1.0169917824400585,-0.621704306161976,448,live,3800000,1.4651,3.044162488194309,2334.4653729934207,False,0
170,TMF / TLT,0.005,0.05,3,1.804449465913551,0.8786225297631391,92.5826936150412,-1.0325179404831244,-0.6435479709730726,447,live,3800000,1.4651,2.8555001040501544,2139.980112755641,False,0
171,TMF / TLT,0.005,0.075,3,1.6654872931152525,0.7454483327383247,92.00389603769278,-1.002219912338612,-0.6435479709730726,448,live,3800000,1.4651,2.652176199302992,2020.735349757295,False,0
172,TMF / TLT,0.005,0.1,3,1.6892295360758047,0.7701712802009536,91.90582558748511,-1.059894366949155,-0.672927334865321,448,live,3800000,1.4651,2.6928545361347216,1781.2576012151112,False,0
173,TMF / TLT,0.005,0.015,3,1.9301849098552908,1.0052591914002433,92.49257184550477,-1.0166449563072724,-0.6217043061619759,449,live,3800000,1.4651,3.0574497551571813,2421.68925246429,False,0
174,TMF / TLT,0.0075,0.01,3,1.9232269705874316,0.9982754727075231,92.49514978799084,-1.009105100758971,-0.6216849863318206,431,live,3800000,1.4651,3.0463433391546992,2444.2029882479437,False,0
175,TMF / TLT,0.0075,0.025,3,1.9281613066885326,1.002898031579447,92.52632751090859,-1.0169917824400585,-0.621704306161976,430,live,3800000,1.4651,3.0531300727312525,2334.4653729934207,False,0
176,TMF / TLT,0.0075,0.05,3,1.8150175935934438,0.8891906574430319,92.5826936150412,-1.0325179404831244,-0.6435479709730726,428,live,3800000,1.4651,2.872223924949328,2139.8764959611844,False,0
177,TMF / TLT,0.0075,0.075,3,1.6689206827855099,0.7488817224085821,92.00389603769278,-1.002219912338612,-0.6435479709730726,429,live,3800000,1.4651,2.657643640816375,2021.2703122980802,False,0
178,TMF / TLT,0.0075,0.1,3,1.6915720831206984,0.7725138272458468,91.90582558748514,-1.059894366949155,-0.672927334865321,429,live,3800000,1.4651,2.696588864893028,1780.8936841978866,False,0
179,TMF / TLT,0.0075,0.015,3,1.9284348649413294,1.0035091464862818,92.49257184550477,-1.0166449563072724,-0.6217043061619759,433,live,3800000,1.4651,3.054677650595392,2421.68925246429,False,0
180,TMF / TLT,0.01,0.01,3,1.9418228641075588,1.0168713662276505,92.49514978799084,-1.009105100758971,-0.6216849863318206,413,live,3800000,1.4651,3.07579876861104,2444.3987480144897,False,0
181,TMF / TLT,0.01,0.025,3,1.9486355303406662,1.02337225523158,92.52632751090859,-1.0169917824400585,-0.621704306161976,409,live,3800000,1.4651,3.0855498022068484,2334.6611327599667,False,0
182,TMF / TLT,0.01,0.05,3,1.82390324218604,0.8980763060356278,92.5826936150412,-1.0325179404831244,-0.6435479709730726,410,live,3800000,1.4651,2.8862852610853698,2140.0722557277304,False,0
183,TMF / TLT,0.01,0.075,3,1.6772869056224369,0.757247945245509,92.00389603769278,-1.002219912338612,-0.6435479709730726,406,live,3800000,1.4651,2.6709662864936403,2022.1069345817723,False,0
184,TMF / TLT,0.01,0.1,3,1.702619848550102,0.7835615926752507,91.90582558748514,-1.059894366949155,-0.6729273348653211,407,live,3800000,1.4651,2.714200459182241,1781.882221050142,False,0
185,TMF / TLT,0.01,0.015,3,1.9402679252284936,1.0153422067734457,92.49257184550477,-1.0166449563072724,-0.6217043061619759,415,live,3800000,1.4651,3.0734214440490786,2421.885012230836,False,0
186,TMF / TLT,0.025,0.01,3,1.9937700651952914,1.0688185673153832,92.49514978799084,-1.0051817550704738,-0.6216849863318206,322,live,3800000,1.4651,3.1580818337102197,2461.7452626262984,False,0
187,TMF / TLT,0.025,0.025,3,2.013277373848232,1.088014098739146,92.52632751090859,-1.0006138559565139,-0.621704306161976,294,live,3800000,1.4651,3.187906361113576,2339.6358152427865,False,0
188,TMF / TLT,0.025,0.05,3,1.8358496378610114,0.9100227017105993,92.58269361504122,-1.0162014763341247,-0.6435479709730723,290,live,3800000,1.4651,2.9051901596360405,2139.030972698066,False,0
189,TMF / TLT,0.025,0.075,3,1.7381894211361784,0.8181504607592507,92.00389603769278,-0.9866192244446808,-0.6435479709730724,277,live,3800000,1.4651,2.7679494353840166,2043.309386457161,False,0
190,TMF / TLT,0.025,0.1,3,1.7550800829881692,0.8360218271133181,91.90582558748511,-1.047829022769248,-0.6729273348653211,279,live,3800000,1.4651,2.797828987606753,1784.6436344758113,False,0
191,TMF / TLT,0.025,0.015,3,1.9881481361490563,1.0632224176940086,92.49257184550477,-1.0003284921582734,-0.6217043061619759,290,live,3800000,1.4651,3.1492646124463097,2446.3421975610017,False,0
192,TMF / TLT,0.05,0.01,3,2.0118367885307036,1.086885290650795,92.49514978799084,-1.0051817550704738,-0.6216849863318206,320,live,3800000,1.4651,3.186699070851176,2461.7452626262984,False,0
193,TMF / TLT,0.05,0.025,3,2.2407133700957473,1.3154500949866614,92.52632751090859,-0.9975573596874445,-0.621704306161976,154,live,3800000,1.4651,3.5480378902320835,2372.9247290443454,False,0
194,TMF / TLT,0.05,0.05,3,1.885207510775772,0.95938057462536,92.5826936150412,-1.038251861393581,-0.6435479709730723,163,live,3800000,1.4651,2.9832978672256445,2139.238782358797,False,0
195,TMF / TLT,0.05,0.075,3,1.7956879890578814,0.8756490286809535,92.00389603769278,-1.0163635312681536,-0.6435479709730724,162,live,3800000,1.4651,2.8595120272850973,2032.2938604099236,False,0
196,TMF / TLT,0.05,0.1,3,1.9321506178343975,1.0130923619595464,91.90582558748511,-1.0635153221064053,-0.6729273348653214,149,live,3800000,1.4651,3.0801027596390402,1792.3464682038384,False,0
197,TMF / TLT,0.05,0.015,3,1.9189967991611945,0.9940710807061468,92.49257184550477,-0.9836064933356441,-0.6217043061619759,254,live,3800000,1.4651,3.039727574174582,2444.9821633662505,False,0
198,TMF / TLT,0.075,0.01,3,2.0118367885307036,1.086885290650795,92.49514978799084,-1.0051817550704738,-0.6216849863318206,320,live,3800000,1.4651,3.186699070851176,2461.7452626262984,False,0
199,TMF / TLT,0.075,0.025,3,2.271673743962608,1.3464104688535217,92.52632751090859,-0.9775751970436045,-0.6217043061619759,137,live,3800000,1.4651,3.597061822092979,2391.9730366420154,False,0
200,TMF / TLT,0.075,0.05,3,1.7753414448463827,0.8495145086959706,92.58269361504121,-1.0952355096809006,-0.6403898577337006,105,live,3800000,1.4651,2.809437324927708,2133.529037265801,False,0
201,TMF / TLT,0.075,0.075,3,2.166174205844424,1.2461352454674959,92.00389603769278,-1.0224676382130553,-0.6403898577337007,91,live,3800000,1.4651,3.449486343146227,2063.567658193886,False,0
202,TMF / TLT,0.075,0.1,3,1.7762818199667039,0.857223564091853,91.90582558748508,-1.0832316326039433,-0.6696250468911089,93,live,3800000,1.4651,2.8316273509299608,1786.9836656694351,False,0
203,TMF / TLT,0.075,0.015,3,1.9189967991611945,0.9940710807061468,92.49257184550477,-0.9836064933356441,-0.6217043061619759,254,live,3800000,1.4651,3.039727574174582,2444.9821633662505,False,0
204,TMF / TLT,0.1,0.01,3,2.0118367885307036,1.086885290650795,92.49514978799084,-1.0051817550704738,-0.6216849863318206,320,live,3800000,1.4651,3.186699070851176,2461.7452626262984,False,0
205,TMF / TLT,0.1,0.025,3,2.271673743962608,1.3464104688535217,92.52632751090859,-0.9775751970436045,-0.6217043061619759,137,live,3800000,1.4651,3.597061822092979,2391.9730366420154,False,0
206,TMF / TLT,0.1,0.05,3,1.9069057844989488,0.9810788483485368,92.58269361504121,-1.0622868468839128,-0.6403898577337006,69,live,3800000,1.4651,3.0176348902593553,2139.959445643325,False,0
207,TMF / TLT,0.1,0.075,3,1.7854044372278561,0.8653654768509285,92.00389603769278,-1.0224676382130553,-0.6403898577337007,74,live,3800000,1.4651,2.843136164484681,2054.386324849581,False,0
208,TMF / TLT,0.1,0.1,3,1.6970432471806,0.7779849913057493,91.90582558748508,-1.1233114830706503,-0.6696250468911089,64,live,3800000,1.4651,2.705310621553092,1776.3965707753177,False,0
209,TMF / TLT,0.1,0.015,3,1.9189967991611945,0.9940710807061468,92.49257184550477,-0.9836064933356441,-0.6217043061619759,254,live,3800000,1.4651,3.039727574174582,2444.9821633662505,False,0
210,SOXL / SOXX,0.005,0.01,3,11.619741078610973,9.347361746587621,227.23793320233506,-1.0356094282583388,-1.0356094282583388,471,live,150000,3.5992999999999995,18.404908667693405,2480.137271395003,False,0
211,SOXL / SOXX,0.005,0.025,3,11.586813605471349,9.313020505758729,227.37930997126182,-1.03560942825834,-1.03560942825834,472,live,150000,3.5992999999999995,18.341342585410924,2356.569584488586,False,0
212,SOXL / SOXX,0.005,0.05,3,11.463667284104586,9.185790344068815,227.78769400357712,-1.03560942825834,-1.03560942825834,471,live,150000,3.5992999999999995,18.113874779833115,2254.2560210815327,False,0
213,SOXL / SOXX,0.005,0.075,3,11.457989232934382,9.169206997095799,228.87822358385836,-1.0356094282583388,-1.0356094282583388,471,live,150000,3.5992999999999995,18.0186389077729,2064.304951181117,False,0
214,SOXL / SOXX,0.005,0.1,3,11.128332514777357,8.84432490424589,228.40076105314685,-1.1297083359712654,-1.1297083359712654,471,live,150000,3.5992999999999995,17.536809875654388,1939.5048494146067,False,0
215,SOXL / SOXX,0.005,0.015,3,11.609495047065115,9.33741551130126,227.20795357638568,-1.0356094282583388,-1.0356094282583388,471,live,150000,3.5992999999999995,18.39110597369681,2480.137271395003,False,0
216,SOXL / SOXX,0.0075,0.01,3,11.613116691905335,9.340737359881983,227.23793320233506,-1.0356094282583388,-1.0356094282583388,461,live,150000,3.5992999999999995,18.39441607311045,2479.967488137144,False,0
217,SOXL / SOXX,0.0075,0.025,3,11.577894318302615,9.304101218589997,227.37930997126182,-1.03560942825834,-1.03560942825834,462,live,150000,3.5992999999999995,18.327223802875046,2356.3998012307247,False,0
218,SOXL / SOXX,0.0075,0.05,3,11.454948313543186,9.177071373507415,227.78769400357712,-1.03560942825834,-1.03560942825834,461,live,150000,3.5992999999999995,18.10009783245283,2261.3311425482443,False,0
219,SOXL / SOXX,0.0075,0.075,3,11.44894970119416,9.160167465355578,228.87822358385836,-1.0356094282583388,-1.0356094282583388,461,live,150000,3.5992999999999995,18.004423493967636,2064.304951181117,False,0
220,SOXL / SOXX,0.0075,0.1,3,11.118254373813702,8.834246763282232,228.40076105314685,-1.1297083359712654,-1.1297083359712654,460,live,150000,3.5992999999999995,17.52092803156454,1939.3465764665452,False,0
221,SOXL / SOXX,0.0075,0.015,3,11.599339608850263,9.327260073086407,227.20795357638568,-1.0356094282583388,-1.0356094282583388,460,live,150000,3.5992999999999995,18.375018302384536,2479.967488137144,False,0
222,SOXL / SOXX,0.01,0.01,3,11.609974363541115,9.337595031517763,227.23793320233506,-1.0356094282583388,-1.0356094282583388,450,live,150000,3.5992999999999995,18.389438830833182,2479.967488137144,False,0
223,SOXL / SOXX,0.01,0.025,3,11.580269998947532,9.306476899234916,227.37930997126182,-1.03560942825834,-1.03560942825834,451,live,150000,3.5992999999999995,18.330984385729458,2356.3998012307247,False,0
224,SOXL / SOXX,0.01,0.05,3,11.446437550538139,9.168560610502368,227.78769400357712,-1.03560942825834,-1.03560942825834,450,live,150000,3.5992999999999995,18.086649876267984,2261.3311425482443,False,0
225,SOXL / SOXX,0.01,0.075,3,11.450224542090288,9.161442306251704,228.87822358385836,-1.0356094282583388,-1.0356094282583388,452,live,150000,3.5992999999999995,18.006428287069216,2064.304951181117,False,0
226,SOXL / SOXX,0.01,0.1,3,11.110209137693236,8.826201527161768,228.40076105314685,-1.1297083359712654,-1.1297083359712654,450,live,150000,3.5992999999999995,17.508249782054833,1939.9595699589681,False,0
227,SOXL / SOXX,0.01,0.015,3,11.59621456286242,9.324135027098562,227.20795357638568,-1.0356094282583388,-1.0356094282583388,449,live,150000,3.5992999999999995,18.37006778113429,2479.967488137144,False,0
228,SOXL / SOXX,0.025,0.01,3,11.68054498072705,9.408165648703699,227.23793320233506,-1.0356094282583388,-1.0356094282583388,417,live,150000,3.5992999999999995,18.50121806542566,2479.967488137144,False,0
229,SOXL / SOXX,0.025,0.025,3,11.57675007424892,9.302956974536302,227.37930997126182,-1.03560942825834,-1.03560942825834,403,live,150000,3.5992999999999995,18.32541252214639,2356.3998012307247,False,0
230,SOXL / SOXX,0.025,0.05,3,11.35818649645274,9.08030955641697,227.78769400357712,-1.03560942825834,-1.03560942825834,401,live,150000,3.5992999999999995,17.94720335332957,2261.3311425482443,False,0
231,SOXL / SOXX,0.025,0.075,3,11.43184175961859,9.143059523780009,228.87822358385836,-1.0356094282583388,-1.0356094282583388,402,live,150000,3.5992999999999995,17.977519836140885,2064.304951181117,False,0
232,SOXL / SOXX,0.025,0.1,3,11.113447030605911,8.829439420074443,228.40076105314685,-1.1297083359712654,-1.1297083359712654,401,live,150000,3.5992999999999995,17.513352281672987,1941.7223262971202,False,0
233,SOXL / SOXX,0.025,0.015,3,11.585951809781497,9.313872274017639,227.20795357638568,-1.0356094282583388,-1.0356094282583388,396,live,150000,3.5992999999999995,18.3538101076758,2479.967488137144,False,0
234,SOXL / SOXX,0.05,0.01,3,11.68054498072705,9.408165648703699,227.23793320233506,-1.0356094282583388,-1.0356094282583388,417,live,150000,3.5992999999999995,18.50121806542566,2479.967488137144,False,0
235,SOXL / SOXX,0.05,0.025,3,11.889011571006696,9.615218471294076,227.37930997126182,-1.03560942825834,-1.03560942825834,336,live,150000,3.5992999999999995,18.819706750333772,2403.9878304478643,False,0
236,SOXL / SOXX,0.05,0.05,3,11.768786257912083,9.490909317876312,227.7876940035771,-1.03560942825834,-1.03560942825834,339,live,150000,3.5992999999999995,18.595996839687707,2261.3311425482443,False,0
237,SOXL / SOXX,0.05,0.075,3,11.961208048024796,9.672425812186212,228.87822358385836,-1.0356094282583388,-1.0356094282583388,336,live,150000,3.5992999999999995,18.809992254017,2064.304951181117,False,0
238,SOXL / SOXX,0.05,0.1,3,11.542198524532427,9.25819091400096,228.40076105314685,-1.1297083359712654,-1.1297083359712654,339,live,150000,3.5992999999999995,18.18900907238333,1960.3559199910706,False,0
239,SOXL / SOXX,0.05,0.015,3,11.695565910935443,9.423486375171585,227.20795357638568,-1.0356094282583388,-1.0356094282583388,381,live,150000,3.5992999999999995,18.527454572173276,2479.967488137144,False,0
240,SOXL / SOXX,0.075,0.01,3,11.68054498072705,9.408165648703699,227.23793320233506,-1.0356094282583388,-1.0356094282583388,417,live,150000,3.5992999999999995,18.50121806542566,2479.967488137144,False,0
241,SOXL / SOXX,0.075,0.025,3,11.879607528662255,9.605814428949637,227.37930997126182,-1.03560942825834,-1.03560942825834,335,live,150000,3.5992999999999995,18.804820624760332,2403.9878304478643,False,0
242,SOXL / SOXX,0.075,0.05,3,10.853010271716093,8.575133331680322,227.7876940035771,-1.03560942825834,-1.03560942825834,281,live,150000,3.5992999999999995,17.148968490973026,2286.5433357718284,False,0
243,SOXL / SOXX,0.075,0.075,3,10.952981928433728,8.664199692595144,228.87822358385836,-1.0356094282583388,-1.0356094282583388,284,live,150000,3.5992999999999995,17.22447301351375,2064.304951181117,False,0
244,SOXL / SOXX,0.075,0.1,3,10.258240971081865,7.974233360550395,228.40076105314685,-1.1297083359712654,-1.1297083359712654,276,live,150000,3.5992999999999995,16.16565836163012,2018.1811503821928,False,0
245,SOXL / SOXX,0.075,0.015,3,11.695565910935443,9.423486375171585,227.20795357638568,-1.0356094282583388,-1.0356094282583388,381,live,150000,3.5992999999999995,18.527454572173276,2479.967488137144,False,0
246,SOXL / SOXX,0.1,0.01,3,11.68054498072705,9.408165648703699,227.23793320233506,-1.0356094282583388,-1.0356094282583388,417,live,150000,3.5992999999999995,18.50121806542566,2479.967488137144,False,0
247,SOXL / SOXX,0.1,0.025,3,11.879607528662255,9.605814428949637,227.37930997126182,-1.03560942825834,-1.03560942825834,335,live,150000,3.5992999999999995,18.804820624760332,2403.9878304478643,False,0
248,SOXL / SOXX,0.1,0.05,3,10.445236409106933,8.167359469071162,227.7876940035771,-1.03560942825834,-1.03560942825834,223,live,150000,3.5992999999999995,16.504640240445983,2326.791888771848,False,0
249,SOXL / SOXX,0.1,0.075,3,9.978067168062926,7.689284932224343,228.87822358385836,-1.0356094282583388,-1.0356094282583388,240,live,150000,3.5992999999999995,15.691338649720969,2064.304951181117,False,0
250,SOXL / SOXX,0.1,0.1,3,10.23193743857791,7.947929828046442,228.40076105314685,-1.1297083359712654,-1.1297083359712654,236,live,150000,3.5992999999999995,16.124207403189814,2049.214841465421,False,0
251,SOXL / SOXX,0.1,0.015,3,11.695565910935443,9.423486375171585,227.20795357638568,-1.0356094282583388,-1.0356094282583388,381,live,150000,3.5992999999999995,18.527454572173276,2479.967488137144,False,0
252,FAS / XLF,0.005,0.01,3,10.472604072612231,9.933113415152414,53.94906574598155,-0.8208586371846514,-0.8208586371846514,460,live,600000,0.8543999999999999,16.585630901877817,2437.299913448772,False,0
253,FAS / XLF,0.005,0.025,3,10.485091840797324,9.945329786944132,53.976205385319325,-0.812564009525897,-0.812564009525897,459,live,600000,0.8543999999999999,16.59705865728347,2316.5298572928114,False,0
254,FAS / XLF,0.005,0.05,3,10.411458832012217,9.871063453283636,54.03953787285828,-0.846790674288638,-0.846790674288638,459,live,600000,0.8543999999999999,16.46118892985406,2157.4213953270955,False,0
255,FAS / XLF,0.005,0.075,3,10.548771652327137,10.00397940830479,54.479224402234635,-0.8537684280423832,-0.8537684280423832,460,live,600000,0.8543999999999999,16.543683575969958,2029.600326631802,False,0
256,FAS / XLF,0.005,0.1,3,10.432401107518078,9.889600596827904,54.28005106901744,-0.8037752745280412,-0.8037752745280412,458,live,600000,0.8543999999999999,16.421214296445577,1846.1515200637768,False,0
257,FAS / XLF,0.005,0.015,3,10.477736298886102,9.938182605735609,53.95536931504947,-0.812564009525897,-0.812564009525897,459,live,600000,0.8543999999999999,16.591820253320577,2389.557952809184,False,0
258,FAS / XLF,0.0075,0.01,3,10.479971322325127,9.940480664865312,53.94906574598155,-0.8208586371846514,-0.8208586371846514,442,live,600000,0.8543999999999999,16.597298533314362,2437.299913448772,False,0
259,FAS / XLF,0.0075,0.025,3,10.494791892028491,9.955029838175298,53.976205385319325,-0.812564009525897,-0.812564009525897,441,live,600000,0.8543999999999999,16.612413059677532,2316.5298572928114,False,0
260,FAS / XLF,0.0075,0.05,3,10.425388186691253,9.88499280796267,54.03953787285828,-0.846790674288638,-0.846790674288638,441,live,600000,0.8543999999999999,16.48321213935257,2157.4213953270955,False,0
261,FAS / XLF,0.0075,0.075,3,10.562855577077617,10.01806333305527,54.479224402234635,-0.8537684280423832,-0.8537684280423832,443,live,600000,0.8543999999999999,16.56577145522823,2029.7681240436177,False,0
262,FAS / XLF,0.0075,0.1,3,10.450312074895816,9.907511564205643,54.280051069017446,-0.8037752745280412,-0.8037752745280412,440,live,600000,0.8543999999999999,16.449407214886428,1846.1515200637768,False,0
263,FAS / XLF,0.0075,0.015,3,10.479072235172689,9.939518542022196,53.95536931504947,-0.812564009525897,-0.812564009525897,443,live,600000,0.8543999999999999,16.593935749846224,2389.557952809184,False,0
264,FAS / XLF,0.01,0.01,3,10.478768474057647,9.939277816597832,53.94906574598155,-0.8208586371846514,-0.8208586371846514,428,live,600000,0.8543999999999999,16.59539356323652,2436.7190730092725,False,0
265,FAS / XLF,0.01,0.025,3,10.502277173691507,9.962515119838313,53.976205385319325,-0.812564009525897,-0.812564009525897,426,live,600000,0.8543999999999999,16.624261659643437,2315.949016853312,False,0
266,FAS / XLF,0.01,0.05,3,10.423668198650244,9.883272819921661,54.03953787285828,-0.846790674288638,-0.846790674288638,427,live,600000,0.8543999999999999,16.48049272715905,2156.840554887597,False,0
267,FAS / XLF,0.01,0.075,3,10.570810446140959,10.026018202118612,54.479224402234635,-0.8537684280423832,-0.8537684280423832,429,live,600000,0.8543999999999999,16.578247110310137,2028.595634192805,False,0
268,FAS / XLF,0.01,0.1,3,10.4494186028029,9.906618092112726,54.28005106901744,-0.8037752745280412,-0.8037752745280412,428,live,600000,0.8543999999999999,16.448000837145152,1844.979030212964,False,0
269,FAS / XLF,0.01,0.015,3,10.476100885304936,9.936547192154443,53.95536931504947,-0.812564009525897,-0.812564009525897,429,live,600000,0.8543999999999999,16.589230525214763,2389.557952809184,False,0
270,FAS / XLF,0.025,0.01,3,10.539827587217552,10.000336929757736,53.94906574598155,-0.8208586371846514,-0.8208586371846514,346,live,600000,0.8543999999999999,16.6920938592703,2455.1484973377173,False,0
271,FAS / XLF,0.025,0.025,3,10.55797776930991,10.018215715456716,53.976205385319325,-0.812564009525897,-0.812564009525897,325,live,600000,0.8543999999999999,16.71243123095107,2315.949016853312,False,0
272,FAS / XLF,0.025,0.05,3,10.420655452788832,9.88026007406025,54.03953787285828,-0.8467906742886379,-0.8467906742886379,319,live,600000,0.8543999999999999,16.475729381347236,2156.840554887597,False,0
273,FAS / XLF,0.025,0.075,3,10.549636700326056,10.00484445630371,54.479224402234635,-0.8537684280423832,-0.8537684280423832,321,live,600000,0.8543999999999999,16.54504023443635,2035.7253624853702,False,0
274,FAS / XLF,0.025,0.1,3,10.465838431835873,9.9230379211457,54.28005106901744,-0.8037752745280412,-0.8037752745280412,319,live,600000,0.8543999999999999,16.473846615934,1844.1009245841142,False,0
275,FAS / XLF,0.025,0.015,3,10.498870326362844,9.95931663321235,53.95536931504947,-0.812564009525897,-0.812564009525897,321,live,600000,0.8543999999999999,16.62528664101351,2389.557952809184,False,0
276,FAS / XLF,0.05,0.01,3,10.549405088431953,10.009914430972138,53.94906574598155,-0.8208586371846514,-0.8208586371846514,345,live,600000,0.8543999999999999,16.707261901430872,2455.1484973377173,False,0
277,FAS / XLF,0.05,0.025,3,10.660833973680392,10.121071919827198,53.976205385319325,-0.8187717755068306,-0.8187717755068306,185,live,600000,0.8543999999999999,16.875244345335066,2371.77054077483,False,0
278,FAS / XLF,0.05,0.05,3,10.427316090342725,9.886920711614142,54.03953787285828,-0.8532599225930125,-0.8532599225930125,199,live,600000,0.8543999999999999,16.486260279556312,2156.327919248871,False,0
279,FAS / XLF,0.05,0.075,3,10.789369789642075,10.244577545619729,54.479224402234635,-0.860290984470017,-0.860290984470017,189,live,600000,0.8543999999999999,16.92101466094307,2029.6573622754986,False,0
280,FAS / XLF,0.05,0.1,3,10.532935449980926,9.990134939290751,54.28005106901744,-0.809915896986132,-0.809915896986132,188,live,600000,0.8543999999999999,16.579461277626635,1853.8614449010147,False,0
281,FAS / XLF,0.05,0.015,3,10.51089835569014,9.971344662539645,53.95536931504947,-0.8187717755068309,-0.8187717755068309,291,live,600000,0.8543999999999999,16.644333398338503,2422.9994183040917,False,0
282,FAS / XLF,0.075,0.01,3,10.549405088431953,10.009914430972138,53.94906574598155,-0.8208586371846514,-0.8208586371846514,345,live,600000,0.8543999999999999,16.707261901430872,2455.1484973377173,False,0
283,FAS / XLF,0.075,0.025,3,10.624361998609693,10.084599944756501,53.976205385319325,-0.8187717755068306,-0.8187717755068306,178,live,600000,0.8543999999999999,16.817512136711002,2371.77054077483,False,0
284,FAS / XLF,0.075,0.05,3,10.217055515904566,9.67666013717598,54.03953787285828,-0.8532599225930128,-0.8532599225930128,136,live,600000,0.8543999999999999,16.153824729824876,2154.3097776754594,False,0
285,FAS / XLF,0.075,0.075,3,10.188508901151458,9.643716657129112,54.479224402234635,-0.8602909844700168,-0.8602909844700168,144,live,600000,0.8543999999999999,15.978681966674154,2051.1582935703955,False,0
286,FAS / XLF,0.075,0.1,3,10.150532689552506,9.607732178862332,54.28005106901744,-0.8099158969861322,-0.8099158969861322,136,live,600000,0.8543999999999999,15.977536791419707,1843.2430526714852,False,0
287,FAS / XLF,0.075,0.015,3,10.51089835569014,9.971344662539645,53.95536931504947,-0.8187717755068309,-0.8187717755068309,291,live,600000,0.8543999999999999,16.644333398338503,2422.9994183040917,False,0
288,FAS / XLF,0.1,0.01,3,10.549405088431953,10.009914430972138,53.94906574598155,-0.8208586371846514,-0.8208586371846514,345,live,600000,0.8543999999999999,16.707261901430872,2455.1484973377173,False,0
289,FAS / XLF,0.1,0.025,3,10.624361998609693,10.084599944756501,53.976205385319325,-0.8187717755068306,-0.8187717755068306,178,live,600000,0.8543999999999999,16.817512136711002,2371.77054077483,False,0
290,FAS / XLF,0.1,0.05,3,10.169122818343956,9.628727439615373,54.03953787285828,-0.8353333991392187,-0.8353333991392187,89,live,600000,0.8543999999999999,16.078040038823005,2255.279903367634,False,0
291,FAS / XLF,0.1,0.075,3,10.009212779255718,9.464420535233371,54.479224402234635,-0.8422167422586607,-0.8422167422586607,105,live,600000,0.8543999999999999,15.697491093954172,2026.4835399706626,False,0
292,FAS / XLF,0.1,0.1,3,10.606224526229125,10.063424015538951,54.280051069017446,-0.7939240140264854,-0.7939240140264854,98,live,600000,0.8543999999999999,16.69482260377359,1825.6939556411144,False,0
293,FAS / XLF,0.1,0.015,3,10.51089835569014,9.971344662539645,53.95536931504947,-0.8187717755068309,-0.8187717755068309,291,live,600000,0.8543999999999999,16.644333398338503,2422.9994183040917,False,0
294,ERX / XLE,0.005,0.01,2,2.7528250573793414,-3.1848997102208148,593.7724767600156,-3.732000515063441,-1.2466071155088327,432,live,200000,6.268699999999989,2.9062705181884927,2166.864995801143,False,0
295,ERX / XLE,0.005,0.025,2,2.832387979285555,-3.113924410988434,594.6312390273989,-3.6626406079090885,-1.2468651662113814,428,live,200000,6.268699999999989,2.9859498392295634,2062.13108743448,False,0
296,ERX / XLE,0.005,0.05,2,2.7807481569195214,-3.1705310766413373,595.1279233560858,-3.7050343030543726,-1.2625799830165283,427,live,200000,6.268699999999989,2.9290636999486637,1858.4347492458228,False,0
297,ERX / XLE,0.005,0.075,2,2.8449755298305286,-3.1241126433618374,596.9088173192366,-3.6772894729393935,-1.2721777606263578,428,live,200000,6.268699999999989,2.987775952773464,1737.983774006484,False,0
298,ERX / XLE,0.005,0.1,2,2.8696118943822655,-3.0895093774735387,595.9121271855804,-3.6249811075022786,-1.3146416288807221,427,live,200000,6.268699999999989,3.018689377454462,1505.944396768782,False,0
299,ERX / XLE,0.005,0.015,2,2.7630741355326474,-3.1754395001598628,593.851363569251,-3.7172255964941026,-1.2466071155088327,431,live,200000,6.268699999999989,2.9167033867379053,2112.2243607371256,False,0
300,ERX / XLE,0.0075,0.01,2,2.7519589061073337,-3.1857658614928224,593.7724767600156,-3.7446826832881337,-1.2466071155088327,400,live,200000,6.268699999999989,2.9053560867031436,2166.7783806739426,False,0
301,ERX / XLE,0.0075,0.025,2,2.8060540312657225,-3.140258359008267,594.6312390273989,-3.692261096188353,-1.2468651662113814,396,live,200000,6.268699999999989,2.9581881595334316,2059.2596064190475,False,0
302,ERX / XLE,0.0075,0.05,2,2.7509962791544487,-3.2002829544064095,595.1279233560858,-3.754527835395264,-1.2625799830165283,395,live,200000,6.268699999999989,2.8977249593474577,1854.1617826423253,False,0
303,ERX / XLE,0.0075,0.075,2,2.804576263715155,-3.1645119094772114,596.9088173192366,-3.733309536730466,-1.2721777606263573,393,live,200000,6.268699999999989,2.945348889853735,1734.039880602414,False,0
304,ERX / XLE,0.0075,0.1,2,2.8179644581251546,-3.141156813730649,595.9121271855804,-3.6921425482570824,-1.3146416288807221,394,live,200000,6.268699999999989,2.964358836273158,1499.945778550422,False,0
305,ERX / XLE,0.0075,0.015,2,2.7548184771994206,-3.183695158493089,593.851363569251,-3.745015683561543,-1.2466071155088327,401,live,200000,6.268699999999989,2.907988706841837,2122.4343892768193,False,0
306,ERX / XLE,0.01,0.01,2,2.786465905369428,-3.1512588622307276,593.7724767600156,-3.7335095049643447,-1.2466071155088327,371,live,200000,6.268699999999989,2.941786543610583,2170.6789155596452,False,0
307,ERX / XLE,0.01,0.025,2,2.812798658696064,-3.133513731577925,594.6312390273989,-3.7166395307354967,-1.2468651662113814,364,live,200000,6.268699999999989,2.9652984563354865,2058.740045069644,False,0
308,ERX / XLE,0.01,0.05,2,2.817963395580872,-3.1333158379799864,595.1279233560858,-3.7075581592294466,-1.2625799830165283,357,live,200000,6.268699999999989,2.9682638714480647,1860.1811329826587,False,0
309,ERX / XLE,0.01,0.075,2,2.814329927004499,-3.154758246187868,596.9088173192366,-3.7623077333820323,-1.2721777606263573,354,live,200000,6.268699999999989,2.955592127562386,1734.5268440201007,False,0
310,ERX / XLE,0.01,0.1,2,2.8907121563541986,-3.068409115501605,595.9121271855804,-3.650636062778953,-1.3146416288807221,354,live,200000,6.268699999999989,3.040885806456194,1506.7242164208546,False,0
311,ERX / XLE,0.01,0.015,2,2.8082315342663553,-3.1302821014261544,593.851363569251,-3.709112096341759,-1.2466071155088327,363,live,200000,6.268699999999989,2.9643715749088644,2127.775694983513,False,0
312,ERX / XLE,0.025,0.01,2,2.7634432535954927,-3.1742815140046634,593.7724767600156,-3.7679239950030494,-1.2466071155088327,358,live,200000,6.268699999999989,2.917480584202902,2168.3766503822517,False,0
313,ERX / XLE,0.025,0.025,2,2.7197957153692824,-3.2265166749047065,594.6312390273989,-3.815486475859311,-1.2468651662113814,198,live,200000,6.268699999999989,2.8672532288788553,2037.450352234955,False,0
314,ERX / XLE,0.025,0.05,2,2.748697746440986,-3.2025814871198723,595.1279233560858,-3.707512812902726,-1.2625799830165283,213,live,200000,6.268699999999989,2.8953038308042642,1848.6174906271344,False,0
315,ERX / XLE,0.025,0.075,2,2.7130502017755793,-3.256037971416787,596.9088173192366,-3.890752466049789,-1.2423889259003837,200,live,200000,6.268699999999989,2.849228777730518,1720.664090431279,False,0
316,ERX / XLE,0.025,0.1,2,2.7551869607633863,-3.203934311092418,595.9121271855804,-3.7928280513474437,-1.2838584762281149,193,live,200000,6.268699999999989,2.8983200228712014,1490.1973058455715,False,0
317,ERX / XLE,0.025,0.015,2,2.7747735384478083,-3.1637400972447014,593.851363569251,-3.735466790663166,-1.2466071155088327,277,live,200000,6.268699999999989,2.929053286317738,2125.3331281404735,False,0
318,ERX / XLE,0.05,0.01,2,2.7634432535954927,-3.1742815140046634,593.7724767600156,-3.7679239950030494,-1.2466071155088327,358,live,200000,6.268699999999989,2.917480584202902,2168.3766503822517,False,0
319,ERX / XLE,0.05,0.025,2,2.7342547514779607,-3.2120576387960287,594.6312390273989,-3.7759982142918607,-1.2468651662113814,182,live,200000,6.268699999999989,2.8824961817722694,2075.8514121074986,False,0
320,ERX / XLE,0.05,0.05,2,2.102931449781819,-3.8483477837790394,595.1279233560858,-4.252527413014805,-1.2638899620826425,95,live,200000,6.268699999999989,2.2150945808267273,1811.5184368499386,False,0
321,ERX / XLE,0.05,0.075,2,2.191058060018816,-3.77803011317355,596.9088173192366,-4.28670095147107,-1.2748930217428471,111,live,200000,6.268699999999989,2.301035813564504,1661.1194612546005,False,0
322,ERX / XLE,0.05,0.1,2,2.4010664256829646,-3.5580548461728396,595.9121271855804,-4.062041106147369,-1.2838584762281149,96,live,200000,6.268699999999989,2.525802784676565,1514.2480325415236,False,0
323,ERX / XLE,0.05,0.015,2,2.7669398650169206,-3.1715737706755895,593.851363569251,-3.7433004640940535,-1.2466071155088327,276,live,200000,6.268699999999989,2.920784054040311,2124.549760797385,False,0
324,ERX / XLE,0.075,0.01,2,2.7634432535954927,-3.1742815140046634,593.7724767600156,-3.7679239950030494,-1.2466071155088327,358,live,200000,6.268699999999989,2.917480584202902,2168.3766503822517,False,0
325,ERX / XLE,0.075,0.025,2,2.7342547514779607,-3.2120576387960287,594.6312390273989,-3.7759982142918607,-1.2468651662113814,182,live,200000,6.268699999999989,2.8824961817722694,2075.8514121074986,False,0
326,ERX / XLE,0.075,0.05,2,2.4074729657012166,-3.543806267859642,595.1279233560858,-4.058202463323098,-1.2638899620826425,87,live,200000,6.268699999999989,2.5358792938138306,1937.1835693464136,False,0
327,ERX / XLE,0.075,0.075,2,2.8147653758505973,-3.1543227973417696,596.9088173192366,-3.826640695335897,-1.2038812430497756,50,live,200000,6.268699999999989,2.9560494332851928,1861.1258025680163,False,0
328,ERX / XLE,0.075,0.1,2,1.7643843572270006,-4.194736914628804,595.9121271855804,-4.8114598267872655,-1.3174475223710003,69,live,200000,6.268699999999989,1.856044828687368,1436.7674170977589,False,0
329,ERX / XLE,0.075,0.015,2,2.7669398650169206,-3.1715737706755895,593.851363569251,-3.7433004640940535,-1.2466071155088327,276,live,200000,6.268699999999989,2.920784054040311,2124.549760797385,False,0
330,ERX / XLE,0.1,0.01,2,2.7634432535954927,-3.1742815140046634,593.7724767600156,-3.7679239950030494,-1.2466071155088327,358,live,200000,6.268699999999989,2.917480584202902,2168.3766503822517,False,0
331,ERX / XLE,0.1,0.025,2,2.7342547514779607,-3.2120576387960287,594.6312390273989,-3.7759982142918607,-1.2468651662113814,182,live,200000,6.268699999999989,2.8824961817722694,2075.8514121074986,False,0
332,ERX / XLE,0.1,0.05,2,2.4074729657012166,-3.543806267859642,595.1279233560858,-4.058202463323098,-1.2638899620826425,87,live,200000,6.268699999999989,2.5358792938138306,1937.1835693464136,False,0
333,ERX / XLE,0.1,0.075,2,3.7787918672191965,-2.1902963059731695,596.9088173192366,-2.822842933314066,-1.2038812430497756,43,live,200000,6.268699999999989,3.968464175889061,1963.5105086226922,False,0
334,ERX / XLE,0.1,0.1,2,4.071616457493878,-1.8875048143619262,595.9121271855804,-2.8131216873361358,-1.2190075660800297,30,live,200000,6.268699999999989,4.283138557296572,1783.3706740495982,False,0
335,ERX / XLE,0.1,0.015,2,2.7669398650169206,-3.1715737706755895,593.851363569251,-3.7433004640940535,-1.2466071155088327,276,live,200000,6.268699999999989,2.920784054040311,2124.549760797385,False,0
336,QLD / QQQ,0.005,0.01,2,6.984344854327464,6.477438952802029,50.6905901525436,-0.33244865894905273,-0.33244865894905273,400,live,3200000,0.5353,7.375569685163565,2458.813713868931,False,0
337,QLD / QQQ,0.005,0.025,2,6.992455713824223,6.484289852254023,50.81658615702001,-0.33244865894905384,-0.33244865894905384,399,live,3200000,0.5353,7.365826448955653,2377.481933610985,False,0
338,QLD / QQQ,0.005,0.05,2,6.977276368229054,6.467090619195533,51.01857490335209,-0.34790560279715466,-0.34790560279715466,397,live,3200000,0.5353,7.320737686202245,2252.5584268424373,False,0
339,QLD / QQQ,0.005,0.075,2,6.963543110173405,6.452693226947513,51.08498832258925,-0.34857622828980195,-0.34857622828980195,396,live,3200000,0.5353,7.2968297522885415,2019.5537632511841,False,0
340,QLD / QQQ,0.005,0.1,2,7.039127881965553,6.524465814335461,51.46620676300921,-0.3548849563639544,-0.3548849563639544,397,live,3200000,0.5353,7.3213966837835835,1887.634693506543,False,0
341,QLD / QQQ,0.005,0.015,2,6.97590633228129,6.468715318670792,50.71910136104961,-0.33244865894905384,-0.33244865894905384,397,live,3200000,0.5353,7.362517393768177,2423.375040554648,False,0
342,QLD / QQQ,0.0075,0.01,2,6.944799101111672,6.437893199586236,50.6905901525436,-0.33244865894905273,-0.33244865894905273,348,live,3200000,0.5353,7.333808794961438,2467.5819756047786,False,0
343,QLD / QQQ,0.0075,0.025,2,6.936650425742371,6.428484564172172,50.81658615702001,-0.33244865894905384,-0.33244865894905384,355,live,3200000,0.5353,7.307041369182859,2386.972977078871,False,0
344,QLD / QQQ,0.0075,0.05,2,6.96135979409826,6.451174045064738,51.01857490335209,-0.34790560279715466,-0.34790560279715466,353,live,3200000,0.5353,7.304037607557643,2251.7343563912873,False,0
345,QLD / QQQ,0.0075,0.075,2,6.9246846268895075,6.413834743663616,51.084988322589254,-0.34857622828980195,-0.34857622828980195,350,live,3200000,0.5353,7.2561114379952745,2018.602491569407,False,0
346,QLD / QQQ,0.0075,0.1,2,7.014388565246435,6.499726497616343,51.46620676300921,-0.3548849563639544,-0.3548849563639544,354,live,3200000,0.5353,7.295665321259191,1887.2394704942699,False,0
347,QLD / QQQ,0.0075,0.015,2,6.943722356342947,6.43653134273245,50.71910136104961,-0.33244865894905384,-0.33244865894905384,352,live,3200000,0.5353,7.328549752667531,2422.977680361476,False,0
348,QLD / QQQ,0.01,0.01,2,6.911540396150359,6.404634494624924,50.6905901525436,-0.33244865894905273,-0.33244865894905273,321,live,3200000,0.5353,7.298687119099675,2467.5819756047786,False,0
349,QLD / QQQ,0.01,0.025,2,6.901622978056402,6.393457116486203,50.81658615702001,-0.33244865894905384,-0.33244865894905384,327,live,3200000,0.5353,7.270143588036437,2386.972977078871,False,0
350,QLD / QQQ,0.01,0.05,2,6.917973301492538,6.407787552459017,51.01857490335209,-0.34790560279715466,-0.34790560279715466,320,live,3200000,0.5353,7.258515384453925,2252.1131398991747,False,0
351,QLD / QQQ,0.01,0.075,2,6.879789164150245,6.368939280924353,51.084988322589254,-0.34857622828980195,-0.34857622828980195,315,live,3200000,0.5353,7.209067204467087,2018.0209616540506,False,0
352,QLD / QQQ,0.01,0.1,2,6.94533909373297,6.430677026102878,51.46620676300921,-0.3548849563639544,-0.3548849563639544,316,live,3200000,0.5353,7.223846968157396,1886.6579405789134,False,0
353,QLD / QQQ,0.01,0.015,2,6.926891796800804,6.419700783190308,50.71910136104961,-0.33244865894905384,-0.33244865894905384,329,live,3200000,0.5353,7.310786428237205,2422.977680361476,False,0
354,QLD / QQQ,0.025,0.01,2,6.956223143719131,6.449317242193696,50.6905901525436,-0.33244865894905273,-0.33244865894905273,310,live,3200000,0.5353,7.3458727500058965,2467.5819756047786,False,0
355,QLD / QQQ,0.025,0.025,2,7.189571225626803,6.681405364056603,50.81658615702001,-0.33244865894905384,-0.33244865894905384,166,live,3200000,0.5353,7.573467184879716,2405.4319468777176,False,0
356,QLD / QQQ,0.025,0.05,2,6.946310908968699,6.4361251599351785,51.018574903352075,-0.34790560279715466,-0.34790560279715466,179,live,3200000,0.5353,7.288247930513325,2256.9174185712363,False,0
357,QLD / QQQ,0.025,0.075,2,7.1443793180325965,6.633529434806705,51.084988322589254,-0.34308701827518917,-0.34308701827518917,167,live,3200000,0.5353,7.486321078890687,2041.4550447475704,False,0
358,QLD / QQQ,0.025,0.1,2,7.120044646853627,6.6053825792235354,51.466206763009204,-0.3492963995479431,-0.3492963995479431,165,live,3200000,0.5353,7.40555820834288,1917.10725146595,False,0
359,QLD / QQQ,0.025,0.015,2,6.8523494580445306,6.345158444434035,50.71910136104961,-0.33244865894905384,-0.33244865894905384,247,live,3200000,0.5353,7.232112885399403,2441.608340492565,False,0
360,QLD / QQQ,0.05,0.01,2,6.956223143719131,6.449317242193696,50.6905901525436,-0.33244865894905273,-0.33244865894905273,310,live,3200000,0.5353,7.3458727500058965,2467.5819756047786,False,0
361,QLD / QQQ,0.05,0.025,2,7.271630356895104,6.763464495324905,50.81658615702001,-0.33244865894905384,-0.33244865894905384,163,live,3200000,0.5353,7.659907963943843,2405.4319468777176,False,0
362,QLD / QQQ,0.05,0.05,2,7.622074082206614,7.111888333173094,51.01857490335208,-0.33737112808282743,-0.33737112808282743,73,live,3200000,0.5353,7.997276019438816,2342.843311868086,False,0
363,QLD / QQQ,0.05,0.075,2,7.443871396086473,6.933021512860581,51.084988322589254,-0.33802144724169464,-0.33802144724169464,98,live,3200000,0.5353,7.800147341059663,2040.311916306082,False,0
364,QLD / QQQ,0.05,0.1,2,7.67202064085841,7.1573585732283185,51.466206763009204,-0.3441391489689204,-0.3441391489689204,76,live,3200000,0.5353,7.979668421965867,1920.6424992639477,False,0
365,QLD / QQQ,0.05,0.015,2,6.8523494580445306,6.345158444434035,50.71910136104961,-0.33244865894905384,-0.33244865894905384,247,live,3200000,0.5353,7.232112885399403,2441.608340492565,False,0
366,QLD / QQQ,0.075,0.01,2,6.956223143719131,6.449317242193696,50.6905901525436,-0.33244865894905273,-0.33244865894905273,310,live,3200000,0.5353,7.3458727500058965,2467.5819756047786,False,0
367,QLD / QQQ,0.075,0.025,2,7.271630356895104,6.763464495324905,50.81658615702001,-0.33244865894905384,-0.33244865894905384,163,live,3200000,0.5353,7.659907963943843,2405.4319468777176,False,0
368,QLD / QQQ,0.075,0.05,2,7.806069294178056,7.295883545144536,51.01857490335208,-0.33737112808282743,-0.33737112808282743,69,live,3200000,0.5353,8.19032852463892,2342.843311868086,False,0
369,QLD / QQQ,0.075,0.075,2,7.701330936722759,7.190481053496867,51.084988322589254,-0.33786743447804835,-0.33786743447804835,42,live,3200000,0.5353,8.069929319343219,2131.14551043118,False,0
370,QLD / QQQ,0.075,0.1,2,7.179621363602238,6.664959295972148,51.466206763009204,-0.37418143018441924,-0.3592769240471762,56,live,3200000,0.5353,7.46752394951822,1893.2080912517868,False,0
371,QLD / QQQ,0.075,0.015,2,6.8523494580445306,6.345158444434035,50.71910136104961,-0.33244865894905384,-0.33244865894905384,247,live,3200000,0.5353,7.232112885399403,2441.608340492565,False,0
372,QLD / QQQ,0.1,0.01,2,6.956223143719131,6.449317242193696,50.6905901525436,-0.33244865894905273,-0.33244865894905273,310,live,3200000,0.5353,7.3458727500058965,2467.5819756047786,False,0
373,QLD / QQQ,0.1,0.025,2,7.271630356895104,6.763464495324905,50.81658615702001,-0.33244865894905384,-0.33244865894905384,163,live,3200000,0.5353,7.659907963943843,2405.4319468777176,False,0
374,QLD / QQQ,0.1,0.05,2,7.806069294178056,7.295883545144536,51.01857490335208,-0.33737112808282743,-0.33737112808282743,69,live,3200000,0.5353,8.19032852463892,2342.843311868086,False,0
375,QLD / QQQ,0.1,0.075,2,7.62936850979587,7.118518626569978,51.084988322589254,-0.33786743447804835,-0.33786743447804835,41,live,3200000,0.5353,7.9945226521424555,2131.14551043118,False,0
376,QLD / QQQ,0.1,0.1,2,7.0723579805890235,6.557695912958931,51.466206763009204,-0.5155686593715711,-0.34202205542103686,25,live,3200000,0.5353,7.355959308293791,2018.4202963641892,False,0
377,QLD / QQQ,0.1,0.015,2,6.8523494580445306,6.345158444434035,50.71910136104961,-0.33244865894905384,-0.33244865894905384,247,live,3200000,0.5353,7.232112885399403,2441.608340492565,False,0
378,SSO / SPY,0.005,0.01,2,6.328357035339853,5.619626469530821,70.87305658090331,-1.2009116036732115,-1.2009116036732115,379,live,2800000,0.7481,6.6798923688771605,2471.927860950431,False,0
379,SSO / SPY,0.005,0.025,2,6.332096228651955,5.621096438292721,71.09997903592347,-1.2009116036732115,-1.2009116036732115,376,live,2800000,0.7481,6.662507152443915,2331.342761631455,False,0
380,SSO / SPY,0.005,0.05,2,6.348325363175094,5.633070672022188,71.52546911529072,-1.2009116036732115,-1.2009116036732115,370,live,2800000,0.7481,6.639847683537961,2177.313604547873,False,0
381,SSO / SPY,0.005,0.075,2,6.291103542616964,5.576107294892272,71.49962477246922,-1.2008123593045734,-1.2008123593045734,371,live,2800000,0.7481,6.5823765861830585,2000.2522326187518,False,0
382,SSO / SPY,0.005,0.1,2,6.366646398948944,5.64882551470211,71.78208842468352,-1.2008123593045734,-1.2008123593045734,371,live,2800000,0.7481,6.635204234899218,1802.3126985085946,False,0
383,SSO / SPY,0.005,0.015,2,6.309625675904735,5.6001955491504045,70.94301267543308,-1.2009116036732115,-1.2009116036732115,374,live,2800000,0.7481,6.65355302817427,2420.334789465687,False,0
384,SSO / SPY,0.0075,0.01,2,6.313181940626815,5.604451374817783,70.87305658090331,-1.2009116036732115,-1.2009116036732115,322,live,2800000,0.7481,6.663874309402241,2478.2935630490383,False,0
385,SSO / SPY,0.0075,0.025,2,6.3290904553646445,5.6180906650054085,71.09997903592347,-1.2009116036732115,-1.2009116036732115,319,live,2800000,0.7481,6.659344536889414,2331.342761631455,False,0
386,SSO / SPY,0.0075,0.05,2,6.346120796836955,5.630866105684047,71.52546911529072,-1.2009116036732115,-1.2009116036732115,309,live,2800000,0.7481,6.6375418810064115,2187.832151766137,False,0
387,SSO / SPY,0.0075,0.075,2,6.278284687831462,5.56328844010677,71.49962477246922,-1.2008123593045734,-1.2008123593045734,309,live,2800000,0.7481,6.568964228711881,1999.3073764829815,False,0
388,SSO / SPY,0.0075,0.1,2,6.3707918501923615,5.652970965945526,71.78208842468354,-1.2008123593045734,-1.2008123593045734,312,live,2800000,0.7481,6.639524549539345,1802.2670663590143,False,0
389,SSO / SPY,0.0075,0.015,2,6.323141023000016,5.613710896245686,70.94301267543308,-1.2009116036732115,-1.2009116036732115,323,live,2800000,0.7481,6.667805074684104,2420.334789465687,False,0
390,SSO / SPY,0.01,0.01,2,6.315068832264381,5.606338266455349,70.87305658090331,-1.2009116036732115,-1.2009116036732115,266,live,2800000,0.7481,6.665866016409333,2480.9231673646664,False,0
391,SSO / SPY,0.01,0.025,2,6.3064716171794934,5.5954718268202575,71.09997903592347,-1.2009116036732115,-1.2009116036732115,271,live,2800000,0.7481,6.635545440074263,2331.342761631455,False,0
392,SSO / SPY,0.01,0.05,2,6.332005239165123,5.616750548012217,71.52546911529072,-1.2009116036732115,-1.2009116036732115,257,live,2800000,0.7481,6.622778120873255,2187.8733500508097,False,0
393,SSO / SPY,0.01,0.075,2,6.265846694722563,5.5508504469978694,71.49962477246922,-1.2008123593045734,-1.2008123593045734,259,live,2800000,0.7481,6.555950366507179,1999.3072157469105,False,0
394,SSO / SPY,0.01,0.1,2,6.369304029555983,5.6514831453091485,71.78208842468352,-1.2008123593045734,-1.2008123593045734,262,live,2800000,0.7481,6.637973969662804,1801.8505419444755,False,0
395,SSO / SPY,0.01,0.015,2,6.311562588123596,5.602132461369265,70.94301267543308,-1.2009116036732115,-1.2009116036732115,268,live,2800000,0.7481,6.655595518303015,2420.334789465687,False,0
396,SSO / SPY,0.025,0.01,2,6.277964385225731,5.569233819416699,70.87305658090331,-1.2009116036732115,-1.2009116036732115,259,live,2800000,0.7481,6.626700446066069,2480.9231673646664,False,0
397,SSO / SPY,0.025,0.025,2,6.278691902637283,5.567692112278048,71.09997903592347,-1.2009116036732115,-1.2009116036732115,123,live,2800000,0.7481,6.606316170627465,2369.4081780869237,False,0
398,SSO / SPY,0.025,0.05,2,6.377024596524253,5.6617699053713455,71.52546911529072,-1.2009116036732115,-1.2009116036732115,118,live,2800000,0.7481,6.669864818320955,2191.0731687214884,False,0
399,SSO / SPY,0.025,0.075,2,6.351110234163366,5.636113986438675,71.49962477246922,-1.2008123593045734,-1.2008123593045734,121,live,2800000,0.7481,6.645161539375078,2002.4866974802972,False,0
400,SSO / SPY,0.025,0.1,2,6.27160129373143,5.553780409484595,71.78208842468354,-1.2008123593045734,-1.2008123593045734,124,live,2800000,0.7481,6.536149937687141,1825.6569109622014,False,0
401,SSO / SPY,0.025,0.015,2,6.393832560921663,5.684402434167331,70.94301267543308,-1.2009116036732115,-1.2009116036732115,186,live,2800000,0.7481,6.742349892453728,2440.372440463346,False,0
402,SSO / SPY,0.05,0.01,2,6.277964385225731,5.569233819416699,70.87305658090331,-1.2009116036732115,-1.2009116036732115,259,live,2800000,0.7481,6.626700446066069,2480.9231673646664,False,0
403,SSO / SPY,0.05,0.025,2,6.235464299062707,5.524464508703472,71.09997903592347,-1.2009116036732115,-1.2009116036732115,119,live,2800000,0.7481,6.560832936071515,2369.4081780869237,False,0
404,SSO / SPY,0.05,0.05,2,6.454836561062488,5.739581869909582,71.52546911529072,-1.2009116036732115,-1.2009116036732115,44,live,2800000,0.7481,6.751249996763091,2259.5398439086075,False,0
405,SSO / SPY,0.05,0.075,2,6.805406616903239,6.090410369178548,71.49962477246922,-1.2008123593045734,-1.2008123593045734,58,live,2800000,0.7481,7.120491479929621,2001.2376375478489,False,0
406,SSO / SPY,0.05,0.1,2,6.655365133998313,5.937544249751476,71.78208842468354,-1.2008123593045734,-1.2008123593045734,49,live,2800000,0.7481,6.936101701705382,1788.8409885620567,False,0
407,SSO / SPY,0.05,0.015,2,6.393832560921663,5.684402434167331,70.94301267543308,-1.2009116036732115,-1.2009116036732115,186,live,2800000,0.7481,6.742349892453728,2440.372440463346,False,0
408,SSO / SPY,0.075,0.01,2,6.277964385225731,5.569233819416699,70.87305658090331,-1.2009116036732115,-1.2009116036732115,259,live,2800000,0.7481,6.626700446066069,2480.9231673646664,False,0
409,SSO / SPY,0.075,0.025,2,6.235464299062707,5.524464508703472,71.09997903592347,-1.2009116036732115,-1.2009116036732115,119,live,2800000,0.7481,6.560832936071515,2369.4081780869237,False,0
410,SSO / SPY,0.075,0.05,2,6.454836561062488,5.739581869909582,71.52546911529072,-1.2009116036732115,-1.2009116036732115,44,live,2800000,0.7481,6.751249996763091,2259.5398439086075,False,0
411,SSO / SPY,0.075,0.075,2,6.26749282403829,5.552496576313598,71.49962477246922,-1.2008123593045734,-1.2008123593045734,30,live,2800000,0.7481,6.557672710288724,2127.83212646219,False,0
412,SSO / SPY,0.075,0.1,2,6.181584614640332,5.463763730393498,71.78208842468352,-1.2008123593045734,-1.2008123593045734,36,live,2800000,0.7481,6.442336175638817,1818.2386724033913,False,0
413,SSO / SPY,0.075,0.015,2,6.393832560921663,5.684402434167331,70.94301267543308,-1.2009116036732115,-1.2009116036732115,186,live,2800000,0.7481,6.742349892453728,2440.372440463346,False,0
414,SSO / SPY,0.1,0.01,2,6.277964385225731,5.569233819416699,70.87305658090331,-1.2009116036732115,-1.2009116036732115,259,live,2800000,0.7481,6.626700446066069,2480.9231673646664,False,0
415,SSO / SPY,0.1,0.025,2,6.235464299062707,5.524464508703472,71.09997903592347,-1.2009116036732115,-1.2009116036732115,119,live,2800000,0.7481,6.560832936071515,2369.4081780869237,False,0
416,SSO / SPY,0.1,0.05,2,6.454836561062488,5.739581869909582,71.52546911529072,-1.2009116036732115,-1.2009116036732115,44,live,2800000,0.7481,6.751249996763091,2259.5398439086075,False,0
417,SSO / SPY,0.1,0.075,2,6.172370383952894,5.457374136228202,71.49962477246922,-1.2008123593045734,-1.2008123593045734,28,live,2800000,0.7481,6.4581461775910505,2127.83212646219,False,0
418,SSO / SPY,0.1,0.1,2,5.8152503717378226,5.097429487490987,71.78208842468354,-1.2008123593045734,-1.2008123593045734,21,live,2800000,0.7481,6.0605492241447605,1943.7833409329578,False,0
419,SSO / SPY,0.1,0.015,2,6.393832560921663,5.684402434167331,70.94301267543308,-1.2009116036732115,-1.2009116036732115,186,live,2800000,0.7481,6.742349892453728,2440.372440463346,False,0
420,NVDL / NVDA,0.005,0.01,2,17.904159040395964,13.12578643325954,477.8372607136423,-0.5777600109995769,-0.536989569358405,457,live,800000,5.0457,18.905812228876105,2499.0443749999995,False,0
421,NVDL / NVDA,0.005,0.025,2,17.865838748157223,13.086503473375958,477.9335274781265,-0.5777034919159212,-0.536838681597584,455,live,800000,5.0457,18.861548183748827,2445.497674404711,False,0
422,NVDL / NVDA,0.005,0.05,2,17.86805136957589,13.082246666662614,478.58047029132774,-0.5814468355498229,-0.536838681597584,457,live,800000,5.0457,18.838384011070865,2228.725136511959,False,0
423,NVDL / NVDA,0.005,0.075,2,18.014151557638623,13.226408163617151,478.7743394021474,-0.6054291068663349,-0.5337242723088422,457,live,800000,5.0457,18.98472767522964,2024.6617982609087,False,0
424,NVDL / NVDA,0.005,0.1,2,17.911179548062556,13.113150324196916,479.802922386564,-0.603747961443363,-0.536838681597584,456,live,800000,5.0457,18.83574159909911,1789.757370590154,False,0
425,NVDL / NVDA,0.005,0.015,2,17.906100782444476,13.128355678811667,477.77451036328085,-0.5778543796767429,-0.5369895693584056,455,live,800000,5.0457,18.910345938983404,2444.96815845355,False,0
426,NVDL / NVDA,0.0075,0.01,2,17.897833265290835,13.119460658154411,477.8372607136423,-0.5777600109995769,-0.536989569358405,436,live,800000,5.0457,18.899132556512278,2499.0443749999995,False,0
427,NVDL / NVDA,0.0075,0.025,2,17.874265420322356,13.094930145541092,477.9335274781265,-0.5777034919159212,-0.536838681597584,434,live,800000,5.0457,18.87044449616448,2445.497674404711,False,0
428,NVDL / NVDA,0.0075,0.05,2,17.87231546674569,13.086510763832413,478.58047029132774,-0.5814468355498229,-0.536838681597584,439,live,800000,5.0457,18.842879671973318,2228.725136511959,False,0
429,NVDL / NVDA,0.0075,0.075,2,18.00906225123585,13.221318857214376,478.77433940214746,-0.6054291068663349,-0.5337242723088422,439,live,800000,5.0457,18.97936416444739,2024.6617982609087,False,0
430,NVDL / NVDA,0.0075,0.1,2,17.911120274168916,13.113091050303277,479.80292238656403,-0.603747961443363,-0.536838681597584,437,live,800000,5.0457,18.83567926553023,1789.757370590154,False,0
431,NVDL / NVDA,0.0075,0.015,2,17.89990065610091,13.122155552468104,477.77451036328085,-0.5778543796767429,-0.5369895693584056,434,live,800000,5.0457,18.90379808496165,2444.96815845355,False,0
432,NVDL / NVDA,0.01,0.01,2,17.921423376961986,13.143050769825562,477.8372607136423,-0.5777600109995769,-0.536989569358405,421,live,800000,5.0457,18.924042423583206,2499.0443749999995,False,0
433,NVDL / NVDA,0.01,0.025,2,17.863006219224435,13.083670944443169,477.9335274781265,-0.6116111974398097,-0.536838681597584,413,live,800000,5.0457,18.85855779064718,2445.497674404711,False,0
434,NVDL / NVDA,0.01,0.05,2,17.886295763765474,13.100491060852196,478.58047029132774,-0.6153545410737138,-0.536838681597584,416,live,800000,5.0457,18.85761917536964,2228.725136511959,False,0
435,NVDL / NVDA,0.01,0.075,2,18.002306827447622,13.214563433426148,478.77433940214746,-0.6054291068663349,-0.5337242723088422,420,live,800000,5.0457,18.972244768313754,2024.6617982609087,False,0
436,NVDL / NVDA,0.01,0.1,2,17.911167481494207,13.113138257628568,479.80292238656403,-0.6300718526938807,-0.536838681597584,417,live,800000,5.0457,18.835728909663292,1789.757370590154,False,0
437,NVDL / NVDA,0.01,0.015,2,17.867697748675017,13.089952645042208,477.77451036328085,-0.6117620852006315,-0.5369895693584056,418,live,800000,5.0457,18.869789110754283,2444.96815845355,False,0
438,NVDL / NVDA,0.025,0.01,2,18.003687224267434,13.225314617131012,477.8372607136423,-0.5777600109995762,-0.5369895693584044,414,live,800000,5.0457,19.01090854484993,2499.0443749999995,False,0
439,NVDL / NVDA,0.025,0.025,2,18.245660431741147,13.466325156959883,477.9335274781265,-0.6116111974398108,-0.536838681597584,313,live,800000,5.0457,19.262538312851486,2462.850339175837,False,0
440,NVDL / NVDA,0.025,0.05,2,18.116657616251207,13.330852913337926,478.58047029132774,-0.6153545410737127,-0.536838681597584,315,live,800000,5.0457,19.100490932835985,2228.725136511959,False,0
441,NVDL / NVDA,0.025,0.075,2,18.29253022642413,13.504786832402656,478.77433940214746,-0.5765780398119432,-0.5337242723088422,313,live,800000,5.0457,19.278104979210678,2019.43819438204,False,0
442,NVDL / NVDA,0.025,0.1,2,18.198462447541136,13.400433223675495,479.80292238656403,-0.6300718526938807,-0.536838681597584,306,live,800000,5.0457,19.137853832740575,1787.9037982381797,False,0
443,NVDL / NVDA,0.025,0.015,2,17.911695884145278,13.133950780512471,477.77451036328085,-0.6117620852006315,-0.5369895693584056,375,live,800000,5.0457,18.916254836180592,2462.3208232246743,False,0
444,NVDL / NVDA,0.05,0.01,2,18.003687224267434,13.225314617131012,477.8372607136423,-0.5777600109995762,-0.5369895693584044,414,live,800000,5.0457,19.01090854484993,2499.0443749999995,False,0
445,NVDL / NVDA,0.05,0.025,2,18.18304853295202,13.403713258170754,477.9335274781265,-0.6116111974398108,-0.536838681597584,310,live,800000,5.0457,19.19643689088444,2450.9095621074557,False,0
446,NVDL / NVDA,0.05,0.05,2,17.15374630167041,12.36794159875713,478.58047029132774,-0.6590386295581516,-0.5368386815975833,198,live,800000,5.0457,18.085288282167276,2289.7933493879927,False,0
447,NVDL / NVDA,0.05,0.075,2,17.84611011204296,13.058366718021489,478.77433940214746,-0.6202621282963827,-0.5337242723088422,215,live,800000,5.0457,18.807632402517076,1992.131687863427,False,0
448,NVDL / NVDA,0.05,0.1,2,17.14986947589052,12.351840252024882,479.80292238656403,-0.6716358478173322,-0.536838681597584,202,live,800000,5.0457,18.035133255145848,1775.9364290955746,False,0
449,NVDL / NVDA,0.05,0.015,2,17.911695884145278,13.133950780512471,477.77451036328085,-0.6117620852006315,-0.5369895693584056,375,live,800000,5.0457,18.916254836180592,2462.3208232246743,False,0
450,NVDL / NVDA,0.075,0.01,2,18.003687224267434,13.225314617131012,477.8372607136423,-0.5777600109995762,-0.5369895693584044,414,live,800000,5.0457,19.01090854484993,2499.0443749999995,False,0
451,NVDL / NVDA,0.075,0.025,2,18.18304853295202,13.403713258170754,477.9335274781265,-0.6116111974398108,-0.536838681597584,310,live,800000,5.0457,19.19643689088444,2450.9095621074557,False,0
452,NVDL / NVDA,0.075,0.05,2,17.416295704538662,12.630491001625382,478.58047029132774,-0.6590386295581516,-0.5368386815975833,193,live,800000,5.0457,18.36209554955241,2289.7933493879927,False,0
453,NVDL / NVDA,0.075,0.075,2,15.323347999592057,10.535604605570581,478.77433940214746,-0.932254959875629,-0.8210122568602651,126,live,800000,5.0457,16.148947560157186,2141.663080452061,False,0
454,NVDL / NVDA,0.075,0.1,2,16.633668044023917,11.835638820158275,479.80292238656403,-0.9322549598756286,-0.8210122568602651,137,live,800000,5.0457,17.492285881100287,1786.7438637124378,False,0
455,NVDL / NVDA,0.075,0.015,2,17.911695884145278,13.133950780512471,477.77451036328085,-0.6117620852006315,-0.5369895693584056,375,live,800000,5.0457,18.916254836180592,2462.3208232246743,False,0
456,NVDL / NVDA,0.1,0.01,2,18.003687224267434,13.225314617131012,477.8372607136423,-0.5777600109995762,-0.5369895693584044,414,live,800000,5.0457,19.01090854484993,2499.0443749999995,False,0
457,NVDL / NVDA,0.1,0.025,2,18.18304853295202,13.403713258170754,477.9335274781265,-0.6116111974398108,-0.536838681597584,310,live,800000,5.0457,19.19643689088444,2450.9095621074557,False,0
458,NVDL / NVDA,0.1,0.05,2,17.416295704538662,12.630491001625382,478.58047029132774,-0.6590386295581516,-0.5368386815975833,193,live,800000,5.0457,18.36209554955241,2289.7933493879927,False,0
459,NVDL / NVDA,0.1,0.075,2,15.113329349566513,10.325585955545039,478.77433940214746,-0.932254959875629,-0.8210122568602651,124,live,800000,5.0457,15.927613412684469,2141.663080452061,False,0
460,NVDL / NVDA,0.1,0.1,2,18.022307790999317,13.224278567133679,479.80292238656403,-0.932254959875629,-0.8210122568602657,84,live,800000,5.0457,18.952606201047963,1935.9384339722892,False,0
461,NVDL / NVDA,0.1,0.015,2,17.911695884145278,13.133950780512471,477.77451036328085,-0.6117620852006315,-0.5369895693584056,375,live,800000,5.0457,18.916254836180592,2462.3208232246743,False,0
462,TSLL / TSLA,0.005,0.01,2,23.593648153544077,20.11692387519778,347.6724278346297,-0.3208475242435952,-0.3208475242435952,461,live,2900000,3.6709,24.911357954459895,2436.049004474109,False,0
463,TSLL / TSLA,0.005,0.025,2,23.641191918300926,20.16410565901835,347.7086259282578,-0.32634481079565375,-0.32634481079565375,460,live,2900000,3.6709,24.95895843285685,2388.6140754965472,False,0
464,TSLL / TSLA,0.005,0.05,2,23.550559726114006,20.07513640251339,347.54233236006144,-0.31553627107739884,-0.31553627107739884,460,live,2900000,3.6709,24.87517106521184,2188.0256048873944,False,0
465,TSLL / TSLA,0.005,0.075,2,23.502702716803498,20.02053403367232,348.21686831311763,-0.31553627107739884,-0.31553627107739884,461,live,2900000,3.6709,24.776534181432737,2003.362301581844,False,0
466,TSLL / TSLA,0.005,0.1,2,23.341286280544963,19.858530487267473,348.27557932774937,-0.32634481079565375,-0.32634481079565375,460,live,2900000,3.6709,24.60222102641858,1771.6499930139871,False,0
467,TSLL / TSLA,0.005,0.015,2,23.59672694727738,20.11993201406162,347.67949332157605,-0.3208475242435952,-0.3208475242435952,462,live,2900000,3.6709,24.914102388731795,2388.6140754965472,False,0
468,TSLL / TSLA,0.0075,0.01,2,23.589720993070053,20.112996714723756,347.6724278346297,-0.3208475242435952,-0.3208475242435952,447,live,2900000,3.6709,24.907211461315793,2447.652453160742,False,0
469,TSLL / TSLA,0.0075,0.025,2,23.63710039403909,20.160014134756512,347.70862592825773,-0.32634481079565375,-0.32634481079565375,446,live,2900000,3.6709,24.954638845911692,2388.6140754965472,False,0
470,TSLL / TSLA,0.0075,0.05,2,23.541203908489507,20.06578058488889,347.54233236006144,-0.31553627107739884,-0.31553627107739884,447,live,2900000,3.6709,24.865289025609773,2193.8580902047797,False,0
471,TSLL / TSLA,0.0075,0.075,2,23.491788736135295,20.009620053004117,348.21686831311763,-0.31553627107739884,-0.31553627107739884,446,live,2900000,3.6709,24.765028669988393,2011.208722379878,False,0
472,TSLL / TSLA,0.0075,0.1,2,23.368163840257246,19.885408046979755,348.27557932774937,-0.32634481079565375,-0.32634481079565375,447,live,2900000,3.6709,24.630550556194475,1784.2742261898893,False,0
473,TSLL / TSLA,0.0075,0.015,2,23.605407098084218,20.12861216486846,347.67949332157605,-0.3208475242435952,-0.3208475242435952,449,live,2900000,3.6709,24.9232671413873,2388.6140754965472,False,0
474,TSLL / TSLA,0.01,0.01,2,23.706692593731617,20.22996831538532,347.6724278346297,-0.3208475242435952,-0.3208475242435952,432,live,2900000,3.6709,25.03071594843974,2447.652453160742,False,0
475,TSLL / TSLA,0.01,0.025,2,23.764266134406974,20.28717987512439,347.70862592825773,-0.32634481079565375,-0.32634481079565375,430,live,2900000,3.6709,25.08889283948756,2388.6140754965472,False,0
476,TSLL / TSLA,0.01,0.05,2,23.66888295033038,20.193459626729766,347.54233236006144,-0.31553627107739884,-0.31553627107739884,431,live,2900000,3.6709,25.00014942995559,2193.8580902047797,False,0
477,TSLL / TSLA,0.01,0.075,2,23.60902721985249,20.12685853672131,348.21686831311763,-0.31553627107739884,-0.31553627107739884,432,live,2900000,3.6709,24.888621404585745,2011.208722379878,False,0
478,TSLL / TSLA,0.01,0.1,2,23.484932942958896,20.0021771496814,348.27557932774937,-0.32634481079565375,-0.32634481079565375,434,live,2900000,3.6709,24.753627718232323,1784.2742261898893,False,0
479,TSLL / TSLA,0.01,0.015,2,23.710621716567033,20.233826783351276,347.67949332157605,-0.3208475242435952,-0.3208475242435952,434,live,2900000,3.6709,25.034355759038768,2388.6140754965472,False,0
480,TSLL / TSLA,0.025,0.01,2,23.58593896259465,20.109214684248357,347.6724278346297,-0.3208475242435952,-0.3208475242435952,427,live,2900000,3.6709,24.903218203708732,2447.652453160742,False,0
481,TSLL / TSLA,0.025,0.025,2,23.57780838283354,20.10072212355096,347.70862592825773,-0.3999871657179301,-0.3999871657179301,352,live,2900000,3.6709,24.892041881757176,2413.8847968956325,False,0
482,TSLL / TSLA,0.025,0.05,2,23.42348498080205,19.948061657201436,347.54233236006144,-0.38668649892954815,-0.38668649892954815,360,live,2900000,3.6709,24.740948946312557,2190.105546930685,False,0
483,TSLL / TSLA,0.025,0.075,2,23.614172657270338,20.132003974139163,348.21686831311763,-0.38668649892954815,-0.38668649892954815,356,live,2900000,3.6709,24.894045721422746,2051.043044907481,False,0
484,TSLL / TSLA,0.025,0.1,2,23.14120746315556,19.65845166987807,348.27557932774937,-0.3999871657179301,-0.3999871657179301,354,live,2900000,3.6709,24.39133362163055,1780.5216829157944,False,0
485,TSLL / TSLA,0.025,0.015,2,23.62259503674771,20.145800103531954,347.67949332157605,-0.3208475242435952,-0.3208475242435952,400,live,2900000,3.6709,24.941414660942456,2413.8847968956325,False,0
486,TSLL / TSLA,0.05,0.01,2,23.565108527965034,20.08838424961874,347.6724278346297,-0.3208475242435952,-0.3208475242435952,426,live,2900000,3.6709,24.881224385286576,2447.652453160742,False,0
487,TSLL / TSLA,0.05,0.025,2,23.6719142110716,20.194827951789023,347.70862592825773,-0.3999871657179301,-0.3999871657179301,345,live,2900000,3.6709,24.991393194643614,2413.8847968956325,False,0
488,TSLL / TSLA,0.05,0.05,2,23.004593834326766,19.52917051072615,347.54233236006144,-0.4137208527440665,-0.2559848921251716,248,live,2900000,3.6709,24.29849708752632,2226.100333690996,False,0
489,TSLL / TSLA,0.05,0.075,2,22.67325382984872,19.19108514671754,348.21686831311763,-0.4826919234001777,-0.27160529907845554,258,live,2900000,3.6709,23.902129694977937,1995.2044760713852,False,0
490,TSLL / TSLA,0.05,0.1,2,22.248954646738575,18.766198853461084,348.27557932774937,-0.41968713292687665,-0.3999871657179301,251,live,2900000,3.6709,23.450879837846077,1780.5216829157944,False,0
491,TSLL / TSLA,0.05,0.015,2,23.6017646021181,20.124969668902338,347.67949332157605,-0.3208475242435952,-0.3208475242435952,399,live,2900000,3.6709,24.919421289475153,2413.8847968956325,False,0
492,TSLL / TSLA,0.075,0.01,2,23.565108527965034,20.08838424961874,347.6724278346297,-0.3208475242435952,-0.3208475242435952,426,live,2900000,3.6709,24.881224385286576,2447.652453160742,False,0
493,TSLL / TSLA,0.075,0.025,2,23.6719142110716,20.194827951789023,347.70862592825773,-0.3999871657179301,-0.3999871657179301,345,live,2900000,3.6709,24.991393194643614,2413.8847968956325,False,0
494,TSLL / TSLA,0.075,0.05,2,23.036107477265436,19.560684153664823,347.54233236006144,-0.4137208527440665,-0.2559848921251716,242,live,2900000,3.6709,24.331783228836933,2226.100333690996,False,0
495,TSLL / TSLA,0.075,0.075,2,22.014512876165764,18.532344193034586,348.21686831311763,-0.6223229120628911,-0.6223229120628911,163,live,2900000,3.6709,23.207685402664005,2092.3970132212144,False,0
496,TSLL / TSLA,0.075,0.1,2,21.012480554995328,17.529724761717837,348.27557932774937,-1.0357309156247647,-0.6223229120628911,177,live,2900000,3.6709,22.147609378245797,1780.5216829157944,False,0
497,TSLL / TSLA,0.075,0.015,2,23.6017646021181,20.124969668902338,347.67949332157605,-0.3208475242435952,-0.3208475242435952,399,live,2900000,3.6709,24.919421289475153,2413.8847968956325,False,0
498,TSLL / TSLA,0.1,0.01,2,23.565108527965034,20.08838424961874,347.6724278346297,-0.3208475242435952,-0.3208475242435952,426,live,2900000,3.6709,24.881224385286576,2447.652453160742,False,0
499,TSLL / TSLA,0.1,0.025,2,23.6719142110716,20.194827951789023,347.70862592825773,-0.3999871657179301,-0.3999871657179301,345,live,2900000,3.6709,24.991393194643614,2413.8847968956325,False,0
500,TSLL / TSLA,0.1,0.05,2,23.036107477265436,19.560684153664823,347.54233236006144,-0.4137208527440665,-0.2559848921251716,242,live,2900000,3.6709,24.331783228836933,2226.100333690996,False,0
501,TSLL / TSLA,0.1,0.075,2,21.959160286046387,18.47699160291521,348.21686831311763,-0.6223229120628911,-0.6223229120628911,159,live,2900000,3.6709,23.14933273754081,2114.9619847444283,False,0
502,TSLL / TSLA,0.1,0.1,2,24.22128415115334,20.73852835787585,348.27557932774937,-1.1693403937797389,-0.6223229120628911,105,live,2900000,3.6709,25.529757832028572,1932.2783502994462,False,0
503,TSLL / TSLA,0.1,0.015,2,23.6017646021181,20.124969668902338,347.67949332157605,-0.3208475242435952,-0.3208475242435952,399,live,2900000,3.6709,24.919421289475153,2413.8847968956325,False,0
504,CONL / COIN,0.005,0.01,2,26.408701068171673,17.32102669449615,908.6662388169871,-0.4780220244528641,-0.4780220244528641,472,live,2200000,9.596499999999999,27.88956795613082,2486.8152750814297,False,1
505,CONL / COIN,0.005,0.025,2,26.35534667025557,17.270024801204038,908.431132643218,-0.48443854913638007,-0.48443854913638007,472,live,2200000,9.596499999999999,27.840426106187067,2480.4501137940542,False,1
506,CONL / COIN,0.005,0.05,2,26.298964421865,17.224234622455022,907.5347356245717,-0.48443854913638007,-0.48443854913638007,472,live,2200000,9.596499999999999,27.81027900995021,2226.780866041192,False,1
507,CONL / COIN,0.005,0.075,2,26.079367214120147,17.020716148892227,905.6902560635,-0.48443854913638007,-0.48443854913638007,473,live,2200000,9.596499999999999,27.631374601602893,1961.0456377690298,False,1
508,CONL / COIN,0.005,0.1,2,26.116267108381603,17.069728220390466,904.478720142074,-0.44265745936845635,-0.44265745936845635,473,live,2200000,9.596499999999999,27.707529036768175,1755.6753394721545,False,1
509,CONL / COIN,0.005,0.015,2,26.415020316486785,17.326405565673408,908.7602365060279,-0.4768876505150047,-0.4768876505150047,473,live,2200000,9.596499999999999,27.89335584852568,2461.184092767924,False,1
510,CONL / COIN,0.0075,0.01,2,26.447174365285537,17.359499991610008,908.6662388169871,-0.4780220244528641,-0.4780220244528641,464,live,2200000,9.596499999999999,27.930198641887895,2486.8152750814297,False,1
511,CONL / COIN,0.0075,0.025,2,26.391896883400467,17.306575014348947,908.431132643218,-0.48443854913638007,-0.48443854913638007,463,live,2200000,9.596499999999999,27.879035862338537,2480.4501137940542,False,1
512,CONL / COIN,0.0075,0.05,2,26.32492654024981,17.250196740839815,907.5347356245717,-0.48443854913638007,-0.48443854913638007,464,live,2200000,9.596499999999999,27.83773308549436,2226.780866041192,False,1
513,CONL / COIN,0.0075,0.075,2,26.106613866623928,17.047962801396014,905.6902560635,-0.48443854913638007,-0.48443854913638007,463,live,2200000,9.596499999999999,27.660242727726907,1961.0456377690298,False,1
514,CONL / COIN,0.0075,0.1,2,26.101157678558994,17.054618790567858,904.478720142074,-0.44265745936845635,-0.44265745936845635,464,live,2200000,9.596499999999999,27.691498990674617,1755.6753394721545,False,1
515,CONL / COIN,0.0075,0.015,2,26.45349361360065,17.36487886278727,908.7602365060279,-0.4768876505150047,-0.4768876505150047,465,live,2200000,9.596499999999999,27.93398233126941,2461.184092767924,False,1
516,CONL / COIN,0.01,0.01,2,26.48078545480077,17.393119888900195,908.665358039492,-0.4780220244528641,-0.4780220244528641,452,live,2200000,9.596499999999999,27.96572157848582,2485.4630580814373,False,1
517,CONL / COIN,0.01,0.025,2,26.407018983541715,17.321705922265128,908.430251865723,-0.48443854913638235,-0.48443854913638235,449,live,2200000,9.596499999999999,27.895037112403987,2477.1292840799624,False,1
518,CONL / COIN,0.01,0.05,2,26.340661241950603,17.232287445701537,907.5329929669253,-0.48443854913638235,-0.48443854913638235,449,live,2200000,9.596499999999999,27.854398632261034,2225.4659801853704,False,1
519,CONL / COIN,0.01,0.075,2,26.098093604962084,17.03997964909833,905.6884908269875,-0.48443854913638235,-0.48443854913638235,449,live,2200000,9.596499999999999,27.65126930766606,1959.7307519132082,False,1
520,CONL / COIN,0.01,0.1,2,26.156694871234663,17.110694037930035,904.4769549055616,-0.44265745936846085,-0.44265745936846085,451,live,2200000,9.596499999999999,27.75047421583493,1754.360453616333,False,1
521,CONL / COIN,0.01,0.015,2,26.4763478189934,17.387740087638388,908.7595345601908,-0.4768876505150047,-0.4768876505150047,451,live,2200000,9.596499999999999,27.958137183416564,2459.8318757679317,False,1
522,CONL / COIN,0.025,0.01,2,26.51375587326863,17.426090307368053,908.665358039492,-0.4908545849677603,-0.4908545849677603,450,live,2200000,9.596499999999999,28.00054084563981,2485.4630580814373,False,1
523,CONL / COIN,0.025,0.025,2,26.37941859689143,17.29411282579008,908.4295228482006,-0.4864767324726199,-0.4864767324726199,370,live,2200000,9.596499999999999,27.865903823893323,2478.6833701559044,False,1
524,CONL / COIN,0.025,0.05,2,26.211163533689557,17.10279845323887,907.5316058374463,-0.48647673247261763,-0.48647673247261763,370,live,2200000,9.596499999999999,27.717480075661804,2218.1421946332066,False,1
525,CONL / COIN,0.025,0.075,2,26.186684594236613,17.128572892257214,905.6882654385512,-0.48647673247261763,-0.48647673247261763,372,live,2200000,9.596499999999999,27.745139516180966,1959.7307519132082,False,1
526,CONL / COIN,0.025,0.1,2,25.763573737086382,16.71577441945026,904.6568033387106,-0.444519856692026,-0.444519856692026,373,live,2200000,9.596499999999999,27.32796581835916,1746.5151173974937,False,1
527,CONL / COIN,0.025,0.015,2,26.472550416093142,17.38395726625693,908.7580764083108,-0.4912189694543213,-0.4912189694543213,429,live,2200000,9.596499999999999,27.954172105548707,2485.1624982038575,False,1
528,CONL / COIN,0.05,0.01,2,26.51375587326863,17.426090307368053,908.665358039492,-0.4908545849677603,-0.4908545849677603,450,live,2200000,9.596499999999999,28.00054084563981,2485.4630580814373,False,1
529,CONL / COIN,0.05,0.025,2,26.641785022552707,17.556464370956483,908.4310108976881,-0.4864767324726199,-0.4864767324726199,365,live,2200000,9.596499999999999,28.143008549169924,2478.6833701559044,False,1
530,CONL / COIN,0.05,0.05,2,25.25430135724725,16.177912251421777,907.516462016323,-0.6008607863483925,-0.48647673247261874,279,live,2200000,9.596499999999999,26.703374213513936,2204.4725712480176,False,1
531,CONL / COIN,0.05,0.075,2,25.682447216930164,16.624251992465897,905.6966176870383,-0.5325749057508019,-0.48647673247261874,297,live,2200000,9.596499999999999,27.210642409378906,1931.056387505767,False,1
532,CONL / COIN,0.05,0.1,2,25.802147301657953,16.754506064481774,904.6409952927163,-0.6150980392398253,-0.4445198566920271,292,live,2200000,9.596499999999999,27.36935983529478,1719.7853163263499,False,1
533,CONL / COIN,0.05,0.015,2,26.472550416093142,17.38395726625693,908.7580764083108,-0.4912189694543213,-0.4912189694543213,429,live,2200000,9.596499999999999,27.954172105548707,2485.1624982038575,False,1
534,CONL / COIN,0.075,0.01,2,26.51375587326863,17.426090307368053,908.665358039492,-0.4908545849677603,-0.4908545849677603,450,live,2200000,9.596499999999999,28.00054084563981,2485.4630580814373,False,1
535,CONL / COIN,0.075,0.025,2,26.641785022552707,17.556464370956483,908.4310108976881,-0.4864767324726199,-0.4864767324726199,365,live,2200000,9.596499999999999,28.143008549169924,2478.6833701559044,False,1
536,CONL / COIN,0.075,0.05,2,24.86687182668779,15.790517706942635,907.5129634082916,-0.6008607863483925,-0.48647673247261874,277,live,2200000,9.596499999999999,26.293815627341882,2260.264007855828,False,1
537,CONL / COIN,0.075,0.075,2,25.866341245634878,16.80810840180465,905.7003796236338,-0.9366254703062186,-0.6167134028568984,214,live,2200000,9.596499999999999,27.40536494951459,2052.5418852789007,False,1
538,CONL / COIN,0.075,0.1,2,26.448759464112154,17.40056795229499,904.696022756816,-1.219586632001076,-1.219586632001076,235,live,2200000,9.596499999999999,28.053540642264803,1763.2588164956796,False,1
539,CONL / COIN,0.075,0.015,2,26.472550416093142,17.38395726625693,908.7580764083108,-0.4912189694543213,-0.4912189694543213,429,live,2200000,9.596499999999999,27.954172105548707,2485.1624982038575,False,1
540,CONL / COIN,0.1,0.01,2,26.51375587326863,17.426090307368053,908.665358039492,-0.4908545849677603,-0.4908545849677603,450,live,2200000,9.596499999999999,28.00054084563981,2485.4630580814373,False,1
541,CONL / COIN,0.1,0.025,2,26.641785022552707,17.556464370956483,908.4310108976881,-0.4864767324726199,-0.4864767324726199,365,live,2200000,9.596499999999999,28.143008549169924,2478.6833701559044,False,1
542,CONL / COIN,0.1,0.05,2,24.86687182668779,15.790517706942635,907.5129634082916,-0.6008607863483925,-0.48647673247261874,277,live,2200000,9.596499999999999,26.293815627341882,2260.264007855828,False,1
543,CONL / COIN,0.1,0.075,2,25.423626687282674,16.36539384345246,905.7003796236338,-0.9366254703062186,-0.6167134028568984,211,live,2200000,9.596499999999999,26.936309278869526,2052.5418852789007,False,1
544,CONL / COIN,0.1,0.1,2,28.461268821251394,19.414950566852013,904.5086970150368,-0.9534627971070541,-0.6565963240783066,157,live,2200000,9.596499999999999,30.194410843677478,2069.400577994382,False,1
545,CONL / COIN,0.1,0.015,2,26.472550416093142,17.38395726625693,908.7580764083108,-0.4912189694543213,-0.4912189694543213,429,live,2200000,9.596499999999999,27.954172105548707,2485.1624982038575,False,1
546,TSLT / TSLA,0.005,0.01,2,21.192945331255835,17.41815140896324,377.4793922292598,-1.431174533507771,-1.309260238333585,427,live,750000,4.295,24.11355482485846,2471.441652693584,False,0
547,TSLT / TSLA,0.005,0.025,2,21.17042228922888,17.39687691967533,377.35453695535546,-1.4283223766561912,-1.309260238333585,427,live,750000,4.295,24.095897843410995,2410.577851755249,False,0
548,TSLT / TSLA,0.005,0.05,2,21.11185952191652,17.33929798022954,377.2561541686983,-1.431174533507771,-1.309260238333585,428,live,750000,4.295,24.035508935948243,2180.3163800432194,False,0
549,TSLT / TSLA,0.005,0.075,2,21.073368206875383,17.296054442171428,377.73137647039596,-1.3453801234955012,-1.2306355803531268,426,live,750000,4.295,23.961503355711773,2125.623299751329,False,0
550,TSLT / TSLA,0.005,0.1,2,21.092660319294666,17.314186343622033,377.84739756726304,-1.3422167510649547,-1.230635580353126,426,live,750000,4.295,23.976075170729167,1971.1684997645907,False,0
551,TSLT / TSLA,0.005,0.015,2,21.196441850797783,17.421276260283943,377.5165590513839,-1.4311745335077706,-1.3092602383335845,430,live,750000,4.295,24.11515880997059,2454.664611814298,False,0
552,TSLT / TSLA,0.0075,0.01,2,21.219443626802917,17.444649704510322,377.4793922292598,-1.431174533507771,-1.309260238333585,414,live,750000,4.295,24.14370486264002,2482.2847342978203,False,0
553,TSLT / TSLA,0.0075,0.025,2,21.19727656914735,17.423731199593796,377.35453695535546,-1.4283223766561912,-1.309260238333585,414,live,750000,4.295,24.126463033690783,2408.9315199933453,False,0
554,TSLT / TSLA,0.0075,0.05,2,21.136541595078178,17.363980053391195,377.2561541686983,-1.431174533507771,-1.309260238333585,415,live,750000,4.295,24.063609075086575,2178.6700482813158,False,0
555,TSLT / TSLA,0.0075,0.075,2,21.1097819487319,17.332468184027938,377.73137647039596,-1.3453801234955012,-1.2306355803531268,414,live,750000,4.295,24.002907652790594,2124.0962673924605,False,0
556,TSLT / TSLA,0.0075,0.1,2,21.12501536621481,17.346541390542182,377.84739756726304,-1.3422167510649547,-1.230635580353126,415,live,750000,4.295,24.012853226477795,1969.6414674057241,False,0
557,TSLT / TSLA,0.0075,0.015,2,21.195073281242856,17.419907690729016,377.5165590513839,-1.4311745335077706,-1.3092602383335845,419,live,750000,4.295,24.11360179052403,2453.0182800523944,False,0
558,TSLT / TSLA,0.01,0.01,2,21.17892442253203,17.404130500239432,377.4793922292598,-1.431174533507771,-1.309260238333585,398,live,750000,4.295,24.09760168828772,2482.2847342978203,False,0
559,TSLT / TSLA,0.01,0.025,2,21.161850612811037,17.38830524325748,377.35453695535546,-1.4283223766561912,-1.309260238333585,395,live,750000,4.295,24.086141673388052,2408.9315199933453,False,0
560,TSLT / TSLA,0.01,0.05,2,21.07504247329244,17.30248093160546,377.2561541686983,-1.431174533507771,-1.309260238333585,396,live,750000,4.295,23.993593324474954,2178.6700482813158,False,0
561,TSLT / TSLA,0.01,0.075,2,21.074460456480658,17.297146691776696,377.73137647039596,-1.3453801234955012,-1.2306355803531268,395,live,750000,4.295,23.962745299682243,2124.0962673924605,False,0
562,TSLT / TSLA,0.01,0.1,2,21.053105989093254,17.274632013420625,377.84739756726304,-1.3422167510649547,-1.230635580353126,398,live,750000,4.295,23.9311136732281,1968.9113489529364,False,0
563,TSLT / TSLA,0.01,0.015,2,21.15866521310937,17.383499622595533,377.5165590513839,-1.4311745335077706,-1.3092602383335845,400,live,750000,4.295,24.072180388234752,2453.0182800523944,False,0
564,TSLT / TSLA,0.025,0.01,2,21.126446830128057,17.35165290783546,377.4793922292598,-1.431174533507771,-1.309260238333585,396,live,750000,4.295,24.03789213486177,2482.2847342978203,False,0
565,TSLT / TSLA,0.025,0.025,2,21.225434425127652,17.451889055574096,377.35453695535546,-1.4283223766561912,-1.309260238333585,336,live,750000,4.295,24.158511937199716,2438.614911424971,False,0
566,TSLT / TSLA,0.025,0.05,2,21.031281928035302,17.25872038634832,377.2561541686983,-1.431174533507771,-1.309260238333585,338,live,750000,4.295,23.94377265493715,2178.6700482813158,False,0
567,TSLT / TSLA,0.025,0.075,2,21.311248524529177,17.533934759825215,377.73137647039596,-1.3453801234955012,-1.2306355803531268,336,live,750000,4.295,24.23198550995323,2124.0962673924605,False,0
568,TSLT / TSLA,0.025,0.1,2,21.31483736744786,17.536363391775232,377.84739756726304,-1.3422167510649547,-1.2306355803531268,330,live,750000,4.295,24.228624328924205,1968.0369685977812,False,0
569,TSLT / TSLA,0.025,0.015,2,21.220811517300362,17.445645926786526,377.5165590513839,-1.4311745335077706,-1.3092602383335845,371,live,750000,4.295,24.142884141514084,2472.1566434244432,False,0
570,TSLT / TSLA,0.05,0.01,2,21.126446830128057,17.35165290783546,377.4793922292598,-1.431174533507771,-1.309260238333585,396,live,750000,4.295,24.03789213486177,2482.2847342978203,False,0
571,TSLT / TSLA,0.05,0.025,2,20.966258610149957,17.192713240596404,377.35453695535546,-1.4918976309107024,-1.3092602383335845,327,live,750000,4.295,23.863521413351606,2438.614911424971,False,0
572,TSLT / TSLA,0.05,0.05,2,21.2990166759289,17.52645513424192,377.2561541686983,-1.431174533507771,-1.309260238333585,225,live,750000,4.295,24.24858431393763,2257.354640827385,False,0
573,TSLT / TSLA,0.05,0.075,2,21.025725614020335,17.248411849316376,377.73137647039596,-1.3453801234955012,-1.2306355803531268,235,live,750000,4.295,23.90733127760047,2114.5445793339604,False,0
574,TSLT / TSLA,0.05,0.1,2,20.838787338668478,17.060313362995846,377.84739756726304,-1.3422167510649559,-1.2306355803531268,232,live,750000,4.295,23.68749717368331,1971.5095417832154,False,0
575,TSLT / TSLA,0.05,0.015,2,21.220811517300362,17.445645926786526,377.5165590513839,-1.4311745335077706,-1.3092602383335845,371,live,750000,4.295,24.142884141514084,2472.1566434244432,False,0
576,TSLT / TSLA,0.075,0.01,2,21.126446830128057,17.35165290783546,377.4793922292598,-1.431174533507771,-1.309260238333585,396,live,750000,4.295,24.03789213486177,2482.2847342978203,False,0
577,TSLT / TSLA,0.075,0.025,2,20.966258610149957,17.192713240596404,377.35453695535546,-1.4918976309107024,-1.3092602383335845,327,live,750000,4.295,23.863521413351606,2438.614911424971,False,0
578,TSLT / TSLA,0.075,0.05,2,21.092042680344925,17.319481138657945,377.2561541686983,-1.431174533507771,-1.309260238333585,221,live,750000,4.295,24.012947783900888,2257.354640827385,False,0
579,TSLT / TSLA,0.075,0.075,2,19.44247564469012,15.665161879986162,377.73137647039596,-1.7536593288275888,-1.492637187126993,147,live,750000,4.295,22.107094643351413,2229.025955730778,False,0
580,TSLT / TSLA,0.075,0.1,2,19.159118512500587,15.380644536827957,377.84739756726304,-1.7463846037748445,-1.4926371871269928,156,live,750000,4.295,21.77821378180634,1963.103399687643,False,0
581,TSLT / TSLA,0.075,0.015,2,21.220811517300362,17.445645926786526,377.5165590513839,-1.4311745335077706,-1.3092602383335845,371,live,750000,4.295,24.142884141514084,2472.1566434244432,False,0
582,TSLT / TSLA,0.1,0.01,2,21.126446830128057,17.35165290783546,377.4793922292598,-1.431174533507771,-1.309260238333585,396,live,750000,4.295,24.03789213486177,2482.2847342978203,False,0
583,TSLT / TSLA,0.1,0.025,2,20.966258610149957,17.192713240596404,377.35453695535546,-1.4918976309107024,-1.3092602383335845,327,live,750000,4.295,23.863521413351606,2438.614911424971,False,0
584,TSLT / TSLA,0.1,0.05,2,21.092042680344925,17.319481138657945,377.2561541686983,-1.431174533507771,-1.309260238333585,221,live,750000,4.295,24.012947783900888,2257.354640827385,False,0
585,TSLT / TSLA,0.1,0.075,2,18.754858534543942,14.977544769839984,377.73137647039596,-1.7536593288275888,-1.492637187126993,143,live,750000,4.295,21.3252386281921,2229.025955730778,False,0
586,TSLT / TSLA,0.1,0.1,2,21.735865363848994,17.95739138817636,377.8473975672631,-1.810375067992676,-1.492637187126993,99,live,750000,4.295,24.70720781426393,2109.6219767558377,False,0
587,TSLT / TSLA,0.1,0.015,2,21.220811517300362,17.445645926786526,377.5165590513839,-1.4311745335077706,-1.3092602383335845,371,live,750000,4.295,24.142884141514084,2472.1566434244432,False,0
